$MeshFormat
4.1 0 8
$EndMeshFormat
$PhysicalNames
4
2 1 "inlet"
2 2 "outlet"
2 3 "wall"
3 4 "duct"
$EndPhysicalNames
$Entities
18 28 16 3
1 2.5 -2 0 0 
2 3.5 -2 0 0 
3 3.5 -2 1 0 
4 2.5 -2 1 0 
5 2.5 0 0 0 
6 3.5 0 0 0 
10 3.5 0 1 0 
14 2.5 0 1 0 
15 1.530808498934192e-16 2.5 0 0 
16 2.143131898507868e-16 3.5 0 0 
20 2.143131898507868e-16 3.5 1 0 
24 1.530808498934192e-16 2.5 1 0 
36 0 0 0 0 
46 0 0 1 0 
47 -2 2.5 0 0 
48 -2 3.5 0 0 
52 -2 3.5 1 0 
56 -2 2.5 1 0 
1 2.5 -2 0 3.5 -2 0 0 2 1 -2 
2 3.5 -2 0 3.5 -2 1 0 2 2 -3 
3 2.5 -2 1 3.5 -2 1 0 2 3 -4 
4 2.5 -2 0 2.5 -2 1 0 2 4 -1 
6 2.5 0 0 3.5 0 0 0 2 5 -6 
7 3.5 0 0 3.5 0 1 0 2 6 -10 
8 2.5 0 1 3.5 0 1 0 2 10 -14 
9 2.5 0 0 2.5 0 1 0 2 14 -5 
11 2.5 -2 0 2.5 0 0 0 2 1 -5 
12 3.5 -2 0 3.5 0 0 0 2 2 -6 
16 3.5 -2 1 3.5 0 1 0 2 3 -10 
20 2.5 -2 1 2.5 0 1 0 2 4 -14 
28 1.530808498934192e-16 2.5 0 2.143131898507868e-16 3.5 0 0 2 15 -16 
29 2.143131898507868e-16 3.5 0 2.143131898507868e-16 3.5 1 0 2 16 -20 
30 1.530808498934192e-16 2.5 1 2.143131898507868e-16 3.5 1 0 2 20 -24 
31 1.530808498934192e-16 2.5 0 1.530808498934192e-16 2.5 1 0 2 24 -15 
33 2.220446049250313e-16 0 0 2.5 2.5 0 0 2 5 -15 
34 2.220446049250313e-16 0 0 3.5 3.5 0 0 2 6 -16 
38 2.220446049250313e-16 0 1 3.5 3.5 1 0 2 10 -20 
42 2.220446049250313e-16 0 1 2.5 2.5 1 0 2 14 -24 
50 -2 2.5 0 -2 3.5 0 0 2 47 -48 
51 -2 3.5 0 -2 3.5 1 0 2 48 -52 
52 -2 2.5 1 -2 3.5 1 0 2 52 -56 
53 -2 2.5 0 -2 2.5 1 0 2 56 -47 
55 -2 2.5 0 1.110223024625157e-16 2.5 0 0 2 15 -47 
56 -2 3.5 0 2.220446049250313e-16 3.5 0 0 2 16 -48 
60 -2 3.5 1 2.220446049250313e-16 3.5 1 0 2 20 -52 
64 -2 2.5 1 1.110223024625157e-16 2.5 1 0 2 24 -56 
1 2.5 -2 0 3.5 -2 1 1 1 4 1 2 3 4 
13 2.5 -2 0 3.5 0 0 1 3 4 1 12 -6 -11 
17 3.5 -2 0 3.5 0 1 1 3 4 2 16 -7 -12 
21 2.5 -2 1 3.5 0 1 1 3 4 3 20 -8 -16 
25 2.5 -2 0 2.5 0 1 1 3 4 4 11 -9 -20 
26 2.5 0 0 3.5 0 1 0 4 6 7 8 9 
35 2.220446049250313e-16 0 0 3.5 3.5 0 1 3 4 6 34 -28 -33 
39 2.220446049250313e-16 0 0 3.5 3.5 1 1 3 4 7 38 -29 -34 
43 2.220446049250313e-16 0 1 3.5 3.5 1 1 3 4 8 42 -30 -38 
47 2.220446049250313e-16 0 0 2.5 2.5 1 1 3 4 9 33 -31 -42 
48 1.530808498934192e-16 2.5 0 2.143131898507868e-16 3.5 1 0 4 28 29 30 31 
57 -2 2.5 0 2.220446049250313e-16 3.5 0 1 3 4 28 56 -50 -55 
61 -2 3.5 0 2.220446049250313e-16 3.5 1 1 3 4 29 60 -51 -56 
65 -2 2.5 1 2.220446049250313e-16 3.5 1 1 3 4 30 64 -52 -60 
69 -2 2.5 0 1.110223024625157e-16 2.5 1 1 3 4 31 55 -53 -64 
70 -2 2.5 0 -2 3.5 1 1 2 4 50 51 52 53 
1 2.5 -2 0 3.5 0 1 1 4 6 -1 26 13 17 21 25 
2 2.220446049250313e-16 0 0 3.5 3.5 1 1 4 6 -26 48 35 39 43 47 
3 -2 2.5 0 2.220446049250313e-16 3.5 1 1 4 6 -48 70 57 61 65 69 
$EndEntities
$Nodes
63 7381 1 7381
0 1 0 1
1
2.5 -2 0
0 2 0 1
2
3.5 -2 0
0 3 0 1
3
3.5 -2 1
0 4 0 1
4
2.5 -2 1
0 5 0 1
5
2.5 0 0
0 6 0 1
6
3.5 0 0
0 10 0 1
7
3.5 0 1
0 14 0 1
8
2.5 0 1
0 15 0 1
9
1.530808498934192e-16 2.5 0
0 16 0 1
10
2.143131898507868e-16 3.5 0
0 20 0 1
11
2.143131898507868e-16 3.5 1
0 24 0 1
12
1.530808498934192e-16 2.5 1
0 47 0 1
13
-2 2.5 0
0 48 0 1
14
-2 3.5 0
0 52 0 1
15
-2 3.5 1
0 56 0 1
16
-2 2.5 1
1 1 0 9
17
18
19
20
21
22
23
24
25
2.6 -2 0
2.7 -2 0
2.8 -2 0
2.9 -2 0
3 -2 0
3.1 -2 0
3.2 -2 0
3.3 -2 0
3.4 -2 0
1 2 0 9
26
27
28
29
30
31
32
33
34
3.5 -2 0.09999999999981413
3.5 -2 0.1999999999995569
3.5 -2 0.299999999999265
3.5 -2 0.3999999999989731
3.5 -2 0.4999999999986921
3.5 -2 0.599999999998945
3.5 -2 0.6999999999992088
3.5 -2 0.7999999999994725
3.5 -2 0.8999999999997362
1 3 0 9
35
36
37
38
39
40
41
42
43
3.4 -2 1
3.3 -2 1
3.2 -2 1
3.1 -2 1
3 -2 1
2.9 -2 1
2.8 -2 1
2.7 -2 1
2.6 -2 1
1 4 0 9
44
45
46
47
48
49
50
51
52
2.5 -2 0.8999999999995836
2.5 -2 0.8
2.5 -2 0.7000000000006938
2.5 -2 0.6000000000013874
2.5 -2 0.5000000000020595
2.5 -2 0.400000000001665
2.5 -2 0.3000000000012487
2.5 -2 0.2000000000008325
2.5 -2 0.1000000000004162
1 6 0 9
53
54
55
56
57
58
59
60
61
2.6 0 0
2.7 0 0
2.8 0 0
2.9 0 0
3 0 0
3.1 0 0
3.2 0 0
3.3 0 0
3.4 0 0
1 7 0 9
62
63
64
65
66
67
68
69
70
3.5 0 0.09999999999981413
3.5 0 0.1999999999995569
3.5 0 0.299999999999265
3.5 0 0.3999999999989731
3.5 0 0.4999999999986921
3.5 0 0.599999999998945
3.5 0 0.6999999999992088
3.5 0 0.7999999999994725
3.5 0 0.8999999999997362
1 8 0 9
71
72
73
74
75
76
77
78
79
3.4 0 1
3.3 0 1
3.2 0 1
3.1 0 1
3 0 1
2.9 0 1
2.8 0 1
2.7 0 1
2.6 0 1
1 9 0 9
80
81
82
83
84
85
86
87
88
2.5 0 0.8999999999995836
2.5 0 0.8
2.5 0 0.7000000000006938
2.5 0 0.6000000000013874
2.5 0 0.5000000000020595
2.5 0 0.400000000001665
2.5 0 0.3000000000012487
2.5 0 0.2000000000008325
2.5 0 0.1000000000004162
1 11 0 11
89
90
91
92
93
94
95
96
97
98
99
2.5 -1.833333333333333 0
2.5 -1.666666666666667 0
2.5 -1.5 0
2.5 -1.333333333333333 0
2.5 -1.166666666666667 0
2.5 -1 0
2.5 -0.8333333333333333 0
2.5 -0.6666666666666667 0
2.5 -0.5 0
2.5 -0.3333333333333333 0
2.5 -0.1666666666666667 0
1 12 0 11
100
101
102
103
104
105
106
107
108
109
110
3.5 -1.833333333333333 0
3.5 -1.666666666666667 0
3.5 -1.5 0
3.5 -1.333333333333333 0
3.5 -1.166666666666667 0
3.5 -1 0
3.5 -0.8333333333333333 0
3.5 -0.6666666666666667 0
3.5 -0.5 0
3.5 -0.3333333333333333 0
3.5 -0.1666666666666667 0
1 16 0 11
111
112
113
114
115
116
117
118
119
120
121
3.5 -1.833333333333333 1
3.5 -1.666666666666667 1
3.5 -1.5 1
3.5 -1.333333333333333 1
3.5 -1.166666666666667 1
3.5 -1 1
3.5 -0.8333333333333333 1
3.5 -0.6666666666666667 1
3.5 -0.5 1
3.5 -0.3333333333333333 1
3.5 -0.1666666666666667 1
1 20 0 11
122
123
124
125
126
127
128
129
130
131
132
2.5 -1.833333333333333 1
2.5 -1.666666666666667 1
2.5 -1.5 1
2.5 -1.333333333333333 1
2.5 -1.166666666666667 1
2.5 -1 1
2.5 -0.8333333333333333 1
2.5 -0.6666666666666667 1
2.5 -0.5 1
2.5 -0.3333333333333333 1
2.5 -0.1666666666666667 1
1 28 0 9
133
134
135
136
137
138
139
140
141
1.592040838891559e-16 2.6 0
1.653273178848927e-16 2.7 0
1.714505518806294e-16 2.8 0
1.775737858763662e-16 2.9 0
1.83697019872103e-16 3 0
1.898202538678397e-16 3.1 0
1.959434878635765e-16 3.2 0
2.020667218593133e-16 3.3 0
2.0818995585505e-16 3.4 0
1 29 0 9
142
143
144
145
146
147
148
149
150
2.143131898507868e-16 3.5 0.09999999999981413
2.143131898507868e-16 3.5 0.1999999999995569
2.143131898507868e-16 3.5 0.299999999999265
2.143131898507868e-16 3.5 0.3999999999989731
2.143131898507868e-16 3.5 0.4999999999986921
2.143131898507868e-16 3.5 0.599999999998945
2.143131898507868e-16 3.5 0.6999999999992088
2.143131898507868e-16 3.5 0.7999999999994725
2.143131898507868e-16 3.5 0.8999999999997362
1 30 0 9
151
152
153
154
155
156
157
158
159
2.0818995585505e-16 3.4 1
2.020667218593133e-16 3.3 1
1.959434878635765e-16 3.2 1
1.898202538678397e-16 3.1 1
1.83697019872103e-16 3 1
1.775737858763662e-16 2.9 1
1.714505518806294e-16 2.8 1
1.653273178848927e-16 2.7 1
1.592040838891559e-16 2.6 1
1 31 0 9
160
161
162
163
164
165
166
167
168
1.530808498934192e-16 2.5 0.8999999999995836
1.530808498934192e-16 2.5 0.8
1.530808498934192e-16 2.5 0.7000000000006938
1.530808498934192e-16 2.5 0.6000000000013874
1.530808498934192e-16 2.5 0.5000000000020595
1.530808498934192e-16 2.5 0.400000000001665
1.530808498934192e-16 2.5 0.3000000000012487
1.530808498934192e-16 2.5 0.2000000000008325
1.530808498934192e-16 2.5 0.1000000000004162
1 33 0 35
169
170
171
172
173
174
175
176
177
178
179
180
181
182
183
184
185
186
187
188
189
190
191
192
193
194
195
196
197
198
199
200
201
202
203
2.497620553954644 0.10904846841334 0
2.490486745229364 0.2178893568691454 0
2.478612153434526 0.3263154805501289 0
2.46201938253052 0.4341204441673258 0
2.440740017799834 0.5410990348452572 0
2.414814565722671 0.6470476127563018 0
2.384292376870567 0.7517644987606829 0
2.349231551964771 0.8550503583141718 0
2.309698831278217 0.9567085809127245 0
2.265769467591625 1.056545654351749 0
2.217527082945554 1.154371533087585 0
2.165063509461097 1.25 0
2.108478614532214 1.34324902086706 0
2.047880110722479 1.433941090877615 0
1.983383350728088 1.521903572521802 0
1.915111107797445 1.606969024216348 0
1.84319334202531 1.68897551903915 0
1.767766952966369 1.767766952966369 0
1.688975519039151 1.84319334202531 0
1.606969024216348 1.915111107797445 0
1.521903572521802 1.983383350728088 0
1.433941090877615 2.047880110722479 0
1.34324902086706 2.108478614532214 0
1.25 2.165063509461096 0
1.154371533087585 2.217527082945554 0
1.056545654351749 2.265769467591625 0
0.9567085809127246 2.309698831278217 0
0.8550503583141721 2.349231551964771 0
0.7517644987606826 2.384292376870567 0
0.6470476127563018 2.414814565722671 0
0.5410990348452572 2.440740017799834 0
0.434120444167326 2.46201938253052 0
0.3263154805501293 2.478612153434526 0
0.2178893568691459 2.490486745229364 0
0.10904846841334 2.497620553954644 0
1 34 0 35
204
205
206
207
208
209
210
211
212
213
214
215
216
217
218
219
220
221
222
223
224
225
226
227
228
229
230
231
232
233
234
235
236
237
238
3.496668775536502 0.152667855778676 0
3.48668144332111 0.3050450996168036 0
3.470057014808337 0.4568416727701805 0
3.446827135542728 0.6077686218342562 0
3.417036024919767 0.7575386487833601 0
3.380740392011739 0.9058666578588226 0
3.338009327618794 1.052470298264956 0
3.288924172750679 1.19707050163984 0
3.233578363789503 1.339392013277814 0
3.172077254628275 1.479163916092448 0
3.104537916123776 1.616120146322619 0
3.031088913245536 1.75 0
2.9518700603451 1.880548629213884 0
2.867032155011471 2.007517527228661 0
2.776736691019323 2.130665001530522 0
2.681155550916423 2.249756633902887 0
2.580470678835434 2.36456572665481 0
2.474873734152916 2.474873734152916 0
2.364565726654811 2.580470678835434 0
2.249756633902888 2.681155550916423 0
2.130665001530522 2.776736691019323 0
2.007517527228662 2.867032155011471 0
1.880548629213884 2.9518700603451 0
1.75 3.031088913245535 0
1.616120146322619 3.104537916123776 0
1.479163916092448 3.172077254628275 0
1.339392013277815 3.233578363789503 0
1.197070501639841 3.288924172750679 0
1.052470298264956 3.338009327618794 0
0.9058666578588226 3.380740392011739 0
0.7575386487833602 3.417036024919767 0
0.6077686218342564 3.446827135542728 0
0.456841672770181 3.470057014808337 0
0.3050450996168043 3.48668144332111 0
0.152667855778676 3.496668775536502 0
1 38 0 35
239
240
241
242
243
244
245
246
247
248
249
250
251
252
253
254
255
256
257
258
259
260
261
262
263
264
265
266
267
268
269
270
271
272
273
3.496668775536502 0.152667855778676 1
3.48668144332111 0.3050450996168036 1
3.470057014808337 0.4568416727701805 1
3.446827135542728 0.6077686218342562 1
3.417036024919767 0.7575386487833601 1
3.380740392011739 0.9058666578588226 1
3.338009327618794 1.052470298264956 1
3.288924172750679 1.19707050163984 1
3.233578363789503 1.339392013277814 1
3.172077254628275 1.479163916092448 1
3.104537916123776 1.616120146322619 1
3.031088913245536 1.75 1
2.9518700603451 1.880548629213884 1
2.867032155011471 2.007517527228661 1
2.776736691019323 2.130665001530522 1
2.681155550916423 2.249756633902887 1
2.580470678835434 2.36456572665481 1
2.474873734152916 2.474873734152916 1
2.364565726654811 2.580470678835434 1
2.249756633902888 2.681155550916423 1
2.130665001530522 2.776736691019323 1
2.007517527228662 2.867032155011471 1
1.880548629213884 2.9518700603451 1
1.75 3.031088913245535 1
1.616120146322619 3.104537916123776 1
1.479163916092448 3.172077254628275 1
1.339392013277815 3.233578363789503 1
1.197070501639841 3.288924172750679 1
1.052470298264956 3.338009327618794 1
0.9058666578588226 3.380740392011739 1
0.7575386487833602 3.417036024919767 1
0.6077686218342564 3.446827135542728 1
0.456841672770181 3.470057014808337 1
0.3050450996168043 3.48668144332111 1
0.152667855778676 3.496668775536502 1
1 42 0 35
274
275
276
277
278
279
280
281
282
283
284
285
286
287
288
289
290
291
292
293
294
295
296
297
298
299
300
301
302
303
304
305
306
307
308
2.497620553954644 0.10904846841334 1
2.490486745229364 0.2178893568691454 1
2.478612153434526 0.3263154805501289 1
2.46201938253052 0.4341204441673258 1
2.440740017799834 0.5410990348452572 1
2.414814565722671 0.6470476127563018 1
2.384292376870567 0.7517644987606829 1
2.349231551964771 0.8550503583141718 1
2.309698831278217 0.9567085809127245 1
2.265769467591625 1.056545654351749 1
2.217527082945554 1.154371533087585 1
2.165063509461097 1.25 1
2.108478614532214 1.34324902086706 1
2.047880110722479 1.433941090877615 1
1.983383350728088 1.521903572521802 1
1.915111107797445 1.606969024216348 1
1.84319334202531 1.68897551903915 1
1.767766952966369 1.767766952966369 1
1.688975519039151 1.84319334202531 1
1.606969024216348 1.915111107797445 1
1.521903572521802 1.983383350728088 1
1.433941090877615 2.047880110722479 1
1.34324902086706 2.108478614532214 1
1.25 2.165063509461096 1
1.154371533087585 2.217527082945554 1
1.056545654351749 2.265769467591625 1
0.9567085809127246 2.309698831278217 1
0.8550503583141721 2.349231551964771 1
0.7517644987606826 2.384292376870567 1
0.6470476127563018 2.414814565722671 1
0.5410990348452572 2.440740017799834 1
0.434120444167326 2.46201938253052 1
0.3263154805501293 2.478612153434526 1
0.2178893568691459 2.490486745229364 1
0.10904846841334 2.497620553954644 1
1 50 0 9
309
310
311
312
313
314
315
316
317
-2 2.6 0
-2 2.7 0
-2 2.8 0
-2 2.9 0
-2 3 0
-2 3.1 0
-2 3.2 0
-2 3.3 0
-2 3.4 0
1 51 0 9
318
319
320
321
322
323
324
325
326
-2 3.5 0.09999999999981413
-2 3.5 0.1999999999995569
-2 3.5 0.299999999999265
-2 3.5 0.3999999999989731
-2 3.5 0.4999999999986921
-2 3.5 0.599999999998945
-2 3.5 0.6999999999992088
-2 3.5 0.7999999999994725
-2 3.5 0.8999999999997362
1 52 0 9
327
328
329
330
331
332
333
334
335
-2 3.4 1
-2 3.3 1
-2 3.2 1
-2 3.1 1
-2 3 1
-2 2.9 1
-2 2.8 1
-2 2.7 1
-2 2.6 1
1 53 0 9
336
337
338
339
340
341
342
343
344
-2 2.5 0.8999999999995836
-2 2.5 0.8
-2 2.5 0.7000000000006938
-2 2.5 0.6000000000013874
-2 2.5 0.5000000000020595
-2 2.5 0.400000000001665
-2 2.5 0.3000000000012487
-2 2.5 0.2000000000008325
-2 2.5 0.1000000000004162
1 55 0 11
345
346
347
348
349
350
351
352
353
354
355
-0.1666666666666665 2.5 0
-0.3333333333333331 2.5 0
-0.4999999999999998 2.5 0
-0.6666666666666665 2.5 0
-0.8333333333333333 2.5 0
-0.9999999999999999 2.5 0
-1.166666666666667 2.5 0
-1.333333333333333 2.5 0
-1.5 2.5 0
-1.666666666666667 2.5 0
-1.833333333333333 2.5 0
1 56 0 11
356
357
358
359
360
361
362
363
364
365
366
-0.1666666666666664 3.5 0
-0.3333333333333331 3.5 0
-0.4999999999999998 3.5 0
-0.6666666666666664 3.5 0
-0.8333333333333331 3.5 0
-0.9999999999999998 3.5 0
-1.166666666666667 3.5 0
-1.333333333333333 3.5 0
-1.5 3.5 0
-1.666666666666667 3.5 0
-1.833333333333333 3.5 0
1 60 0 11
367
368
369
370
371
372
373
374
375
376
377
-0.1666666666666664 3.5 1
-0.3333333333333331 3.5 1
-0.4999999999999998 3.5 1
-0.6666666666666664 3.5 1
-0.8333333333333331 3.5 1
-0.9999999999999998 3.5 1
-1.166666666666667 3.5 1
-1.333333333333333 3.5 1
-1.5 3.5 1
-1.666666666666667 3.5 1
-1.833333333333333 3.5 1
1 64 0 11
378
379
380
381
382
383
384
385
386
387
388
-0.1666666666666665 2.5 1
-0.3333333333333331 2.5 1
-0.4999999999999998 2.5 1
-0.6666666666666665 2.5 1
-0.8333333333333333 2.5 1
-0.9999999999999999 2.5 1
-1.166666666666667 2.5 1
-1.333333333333333 2.5 1
-1.5 2.5 1
-1.666666666666667 2.5 1
-1.833333333333333 2.5 1
2 1 0 81
389
390
391
392
393
394
395
396
397
398
399
400
401
402
403
404
405
406
407
408
409
410
411
412
413
414
415
416
417
418
419
420
421
422
423
424
425
426
427
428
429
430
431
432
433
434
435
436
437
438
439
440
441
442
443
444
445
446
447
448
449
450
451
452
453
454
455
456
457
458
459
460
461
462
463
464
465
466
467
468
469
2.6 -2 0.100000000000356
2.6 -2 0.2000000000007049
2.600000000000001 -2 0.3000000000010504
2.600000000000001 -2 0.4000000000013959
2.600000000000001 -2 0.5000000000017226
2.600000000000001 -2 0.6000000000011432
2.6 -2 0.7000000000005453
2.600000000000001 -2 0.7999999999999472
2.600000000000001 -2 0.8999999999995987
2.700000000000001 -2 0.1000000000002958
2.7 -2 0.2000000000005774
2.7 -2 0.3000000000008519
2.7 -2 0.4000000000011266
2.7 -2 0.500000000001386
2.7 -2 0.6000000000008989
2.7 -2 0.7000000000003967
2.7 -2 0.7999999999998946
2.7 -2 0.8999999999996142
2.8 -2 0.1000000000002356
2.8 -2 0.2000000000004498
2.8 -2 0.3000000000006536
2.8 -2 0.4000000000008574
2.8 -2 0.5000000000010494
2.8 -2 0.6000000000006547
2.8 -2 0.7000000000002484
2.8 -2 0.7999999999998417
2.8 -2 0.8999999999996293
2.9 -2 0.1000000000001754
2.900000000000001 -2 0.2000000000003223
2.900000000000001 -2 0.3000000000004552
2.900000000000001 -2 0.4000000000005883
2.900000000000001 -2 0.5000000000007125
2.9 -2 0.6000000000004104
2.899999999999999 -2 0.7000000000000999
2.9 -2 0.7999999999997891
2.899999999999999 -2 0.8999999999996446
3 -2 0.1000000000001152
3 -2 0.2000000000001947
3 -2 0.3000000000002568
3 -2 0.4000000000003192
3 -2 0.5000000000003757
3 -2 0.6000000000001662
3 -2 0.6999999999999513
3 -2 0.7999999999997363
3 -2 0.89999999999966
3.1 -2 0.100000000000055
3.1 -2 0.2000000000000671
3.1 -2 0.3000000000000586
3.1 -2 0.4000000000000498
3.100000000000001 -2 0.5000000000000391
3.100000000000001 -2 0.5999999999999219
3.100000000000001 -2 0.6999999999998028
3.100000000000001 -2 0.7999999999996834
3.100000000000001 -2 0.8999999999996751
3.200000000000001 -2 0.09999999999999476
3.2 -2 0.1999999999999396
3.2 -2 0.2999999999998602
3.2 -2 0.3999999999997807
3.2 -2 0.4999999999997022
3.2 -2 0.5999999999996777
3.2 -2 0.6999999999996542
3.2 -2 0.7999999999996308
3.2 -2 0.8999999999996904
3.3 -2 0.09999999999993453
3.3 -2 0.199999999999812
3.3 -2 0.2999999999996618
3.299999999999999 -2 0.3999999999995115
3.3 -2 0.4999999999993656
3.3 -2 0.5999999999994334
3.299999999999999 -2 0.6999999999995059
3.3 -2 0.7999999999995779
3.299999999999999 -2 0.8999999999997057
3.399999999999999 -2 0.09999999999987433
3.4 -2 0.1999999999996844
3.4 -2 0.2999999999994634
3.4 -2 0.3999999999992422
3.4 -2 0.4999999999990288
3.4 -2 0.5999999999991892
3.399999999999999 -2 0.6999999999993574
3.399999999999999 -2 0.7999999999995253
3.399999999999999 -2 0.899999999999721
2 13 0 99
470
471
472
473
474
475
476
477
478
479
480
481
482
483
484
485
486
487
488
489
490
491
492
493
494
495
496
497
498
499
500
501
502
503
504
505
506
507
508
509
510
511
512
513
514
515
516
517
518
519
520
521
522
523
524
525
526
527
528
529
530
531
532
533
534
535
536
537
538
539
540
541
542
543
544
545
546
547
548
549
550
551
552
553
554
555
556
557
558
559
560
561
562
563
564
565
566
567
568
2.6 -1.833333333333333 0
2.6 -1.666666666666667 0
2.6 -1.5 0
2.6 -1.333333333333333 0
2.6 -1.166666666666667 0
2.6 -1 0
2.6 -0.8333333333333333 0
2.6 -0.6666666666666667 0
2.6 -0.5 0
2.6 -0.3333333333333333 0
2.6 -0.1666666666666667 0
2.7 -1.833333333333333 0
2.7 -1.666666666666667 0
2.7 -1.5 0
2.7 -1.333333333333333 0
2.7 -1.166666666666667 0
2.7 -1 0
2.7 -0.8333333333333333 0
2.7 -0.6666666666666667 0
2.7 -0.5 0
2.7 -0.3333333333333333 0
2.7 -0.1666666666666667 0
2.8 -1.833333333333333 0
2.8 -1.666666666666667 0
2.8 -1.5 0
2.8 -1.333333333333333 0
2.8 -1.166666666666667 0
2.8 -1 0
2.8 -0.8333333333333333 0
2.8 -0.6666666666666667 0
2.8 -0.5 0
2.8 -0.3333333333333333 0
2.8 -0.1666666666666667 0
2.9 -1.833333333333333 0
2.9 -1.666666666666667 0
2.9 -1.5 0
2.9 -1.333333333333333 0
2.9 -1.166666666666667 0
2.9 -1 0
2.9 -0.8333333333333333 0
2.9 -0.6666666666666667 0
2.9 -0.5 0
2.9 -0.3333333333333333 0
2.9 -0.1666666666666667 0
3 -1.833333333333333 0
3 -1.666666666666667 0
3 -1.5 0
3 -1.333333333333333 0
3 -1.166666666666667 0
3 -1 0
3 -0.8333333333333333 0
3 -0.6666666666666667 0
3 -0.5 0
3 -0.3333333333333333 0
3 -0.1666666666666667 0
3.1 -1.833333333333333 0
3.1 -1.666666666666667 0
3.1 -1.5 0
3.1 -1.333333333333333 0
3.1 -1.166666666666667 0
3.1 -1 0
3.1 -0.8333333333333333 0
3.1 -0.6666666666666667 0
3.1 -0.5 0
3.1 -0.3333333333333333 0
3.1 -0.1666666666666667 0
3.2 -1.833333333333333 0
3.2 -1.666666666666667 0
3.2 -1.5 0
3.2 -1.333333333333333 0
3.2 -1.166666666666667 0
3.2 -1 0
3.2 -0.8333333333333333 0
3.2 -0.6666666666666667 0
3.2 -0.5 0
3.2 -0.3333333333333333 0
3.2 -0.1666666666666667 0
3.3 -1.833333333333333 0
3.3 -1.666666666666667 0
3.3 -1.5 0
3.3 -1.333333333333333 0
3.3 -1.166666666666667 0
3.3 -1 0
3.3 -0.8333333333333333 0
3.3 -0.6666666666666667 0
3.3 -0.5 0
3.3 -0.3333333333333333 0
3.3 -0.1666666666666667 0
3.4 -1.833333333333333 0
3.4 -1.666666666666667 0
3.4 -1.5 0
3.4 -1.333333333333333 0
3.4 -1.166666666666667 0
3.4 -1 0
3.4 -0.8333333333333333 0
3.4 -0.6666666666666667 0
3.4 -0.5 0
3.4 -0.3333333333333333 0
3.4 -0.1666666666666667 0
2 17 0 99
569
570
571
572
573
574
575
576
577
578
579
580
581
582
583
584
585
586
587
588
589
590
591
592
593
594
595
596
597
598
599
600
601
602
603
604
605
606
607
608
609
610
611
612
613
614
615
616
617
618
619
620
621
622
623
624
625
626
627
628
629
630
631
632
633
634
635
636
637
638
639
640
641
642
643
644
645
646
647
648
649
650
651
652
653
654
655
656
657
658
659
660
661
662
663
664
665
666
667
3.5 -1.833333333333333 0.09999999999981413
3.5 -1.666666666666667 0.09999999999981413
3.5 -1.5 0.09999999999981413
3.5 -1.333333333333333 0.09999999999981413
3.5 -1.166666666666667 0.09999999999981413
3.5 -1 0.09999999999981413
3.5 -0.8333333333333333 0.09999999999981413
3.5 -0.6666666666666667 0.09999999999981413
3.5 -0.5 0.09999999999981413
3.5 -0.3333333333333333 0.09999999999981413
3.5 -0.1666666666666667 0.09999999999981413
3.5 -1.833333333333333 0.1999999999995569
3.5 -1.666666666666667 0.1999999999995569
3.5 -1.5 0.1999999999995569
3.5 -1.333333333333333 0.1999999999995569
3.5 -1.166666666666667 0.1999999999995569
3.5 -1 0.1999999999995569
3.5 -0.8333333333333333 0.1999999999995569
3.5 -0.6666666666666667 0.1999999999995569
3.5 -0.5 0.1999999999995569
3.5 -0.3333333333333333 0.1999999999995569
3.5 -0.1666666666666667 0.1999999999995569
3.5 -1.833333333333333 0.299999999999265
3.5 -1.666666666666667 0.299999999999265
3.5 -1.5 0.299999999999265
3.5 -1.333333333333333 0.299999999999265
3.5 -1.166666666666667 0.299999999999265
3.5 -1 0.299999999999265
3.5 -0.8333333333333333 0.299999999999265
3.5 -0.6666666666666667 0.299999999999265
3.5 -0.5 0.299999999999265
3.5 -0.3333333333333333 0.299999999999265
3.5 -0.1666666666666667 0.299999999999265
3.5 -1.833333333333333 0.3999999999989731
3.5 -1.666666666666667 0.3999999999989731
3.5 -1.5 0.3999999999989731
3.5 -1.333333333333333 0.3999999999989731
3.5 -1.166666666666667 0.3999999999989731
3.5 -1 0.3999999999989731
3.5 -0.8333333333333333 0.3999999999989731
3.5 -0.6666666666666667 0.3999999999989731
3.5 -0.5 0.3999999999989731
3.5 -0.3333333333333333 0.3999999999989731
3.5 -0.1666666666666667 0.3999999999989731
3.5 -1.833333333333333 0.4999999999986921
3.5 -1.666666666666667 0.4999999999986921
3.5 -1.5 0.4999999999986921
3.5 -1.333333333333333 0.4999999999986921
3.5 -1.166666666666667 0.4999999999986921
3.5 -1 0.4999999999986921
3.5 -0.8333333333333333 0.4999999999986921
3.5 -0.6666666666666667 0.4999999999986921
3.5 -0.5 0.4999999999986921
3.5 -0.3333333333333333 0.4999999999986921
3.5 -0.1666666666666667 0.4999999999986921
3.5 -1.833333333333333 0.599999999998945
3.5 -1.666666666666667 0.599999999998945
3.5 -1.5 0.599999999998945
3.5 -1.333333333333333 0.599999999998945
3.5 -1.166666666666667 0.599999999998945
3.5 -1 0.599999999998945
3.5 -0.8333333333333333 0.599999999998945
3.5 -0.6666666666666667 0.599999999998945
3.5 -0.5 0.599999999998945
3.5 -0.3333333333333333 0.599999999998945
3.5 -0.1666666666666667 0.599999999998945
3.5 -1.833333333333333 0.6999999999992088
3.5 -1.666666666666667 0.6999999999992088
3.5 -1.5 0.6999999999992088
3.5 -1.333333333333333 0.6999999999992088
3.5 -1.166666666666667 0.6999999999992088
3.5 -1 0.6999999999992088
3.5 -0.8333333333333333 0.6999999999992088
3.5 -0.6666666666666667 0.6999999999992088
3.5 -0.5 0.6999999999992088
3.5 -0.3333333333333333 0.6999999999992088
3.5 -0.1666666666666667 0.6999999999992088
3.5 -1.833333333333333 0.7999999999994725
3.5 -1.666666666666667 0.7999999999994725
3.5 -1.5 0.7999999999994725
3.5 -1.333333333333333 0.7999999999994725
3.5 -1.166666666666667 0.7999999999994725
3.5 -1 0.7999999999994725
3.5 -0.8333333333333333 0.7999999999994725
3.5 -0.6666666666666667 0.7999999999994725
3.5 -0.5 0.7999999999994725
3.5 -0.3333333333333333 0.7999999999994725
3.5 -0.1666666666666667 0.7999999999994725
3.5 -1.833333333333333 0.8999999999997362
3.5 -1.666666666666667 0.8999999999997362
3.5 -1.5 0.8999999999997362
3.5 -1.333333333333333 0.8999999999997362
3.5 -1.166666666666667 0.8999999999997362
3.5 -1 0.8999999999997362
3.5 -0.8333333333333333 0.8999999999997362
3.5 -0.6666666666666667 0.8999999999997362
3.5 -0.5 0.8999999999997362
3.5 -0.3333333333333333 0.8999999999997362
3.5 -0.1666666666666667 0.8999999999997362
2 21 0 99
668
669
670
671
672
673
674
675
676
677
678
679
680
681
682
683
684
685
686
687
688
689
690
691
692
693
694
695
696
697
698
699
700
701
702
703
704
705
706
707
708
709
710
711
712
713
714
715
716
717
718
719
720
721
722
723
724
725
726
727
728
729
730
731
732
733
734
735
736
737
738
739
740
741
742
743
744
745
746
747
748
749
750
751
752
753
754
755
756
757
758
759
760
761
762
763
764
765
766
3.4 -1.833333333333333 1
3.4 -1.666666666666667 1
3.4 -1.5 1
3.4 -1.333333333333333 1
3.4 -1.166666666666667 1
3.4 -1 1
3.4 -0.8333333333333333 1
3.4 -0.6666666666666667 1
3.4 -0.5 1
3.4 -0.3333333333333333 1
3.4 -0.1666666666666667 1
3.3 -1.833333333333333 1
3.3 -1.666666666666667 1
3.3 -1.5 1
3.3 -1.333333333333333 1
3.3 -1.166666666666667 1
3.3 -1 1
3.3 -0.8333333333333333 1
3.3 -0.6666666666666667 1
3.3 -0.5 1
3.3 -0.3333333333333333 1
3.3 -0.1666666666666667 1
3.2 -1.833333333333333 1
3.2 -1.666666666666667 1
3.2 -1.5 1
3.2 -1.333333333333333 1
3.2 -1.166666666666667 1
3.2 -1 1
3.2 -0.8333333333333333 1
3.2 -0.6666666666666667 1
3.2 -0.5 1
3.2 -0.3333333333333333 1
3.2 -0.1666666666666667 1
3.1 -1.833333333333333 1
3.1 -1.666666666666667 1
3.1 -1.5 1
3.1 -1.333333333333333 1
3.1 -1.166666666666667 1
3.1 -1 1
3.1 -0.8333333333333333 1
3.1 -0.6666666666666667 1
3.1 -0.5 1
3.1 -0.3333333333333333 1
3.1 -0.1666666666666667 1
3 -1.833333333333333 1
3 -1.666666666666667 1
3 -1.5 1
3 -1.333333333333333 1
3 -1.166666666666667 1
3 -1 1
3 -0.8333333333333333 1
3 -0.6666666666666667 1
3 -0.5 1
3 -0.3333333333333333 1
3 -0.1666666666666667 1
2.9 -1.833333333333333 1
2.9 -1.666666666666667 1
2.9 -1.5 1
2.9 -1.333333333333333 1
2.9 -1.166666666666667 1
2.9 -1 1
2.9 -0.8333333333333333 1
2.9 -0.6666666666666667 1
2.9 -0.5 1
2.9 -0.3333333333333333 1
2.9 -0.1666666666666667 1
2.8 -1.833333333333333 1
2.8 -1.666666666666667 1
2.8 -1.5 1
2.8 -1.333333333333333 1
2.8 -1.166666666666667 1
2.8 -1 1
2.8 -0.8333333333333333 1
2.8 -0.6666666666666667 1
2.8 -0.5 1
2.8 -0.3333333333333333 1
2.8 -0.1666666666666667 1
2.7 -1.833333333333333 1
2.7 -1.666666666666667 1
2.7 -1.5 1
2.7 -1.333333333333333 1
2.7 -1.166666666666667 1
2.7 -1 1
2.7 -0.8333333333333333 1
2.7 -0.6666666666666667 1
2.7 -0.5 1
2.7 -0.3333333333333333 1
2.7 -0.1666666666666667 1
2.6 -1.833333333333333 1
2.6 -1.666666666666667 1
2.6 -1.5 1
2.6 -1.333333333333333 1
2.6 -1.166666666666667 1
2.6 -1 1
2.6 -0.8333333333333333 1
2.6 -0.6666666666666667 1
2.6 -0.5 1
2.6 -0.3333333333333333 1
2.6 -0.1666666666666667 1
2 25 0 99
767
768
769
770
771
772
773
774
775
776
777
778
779
780
781
782
783
784
785
786
787
788
789
790
791
792
793
794
795
796
797
798
799
800
801
802
803
804
805
806
807
808
809
810
811
812
813
814
815
816
817
818
819
820
821
822
823
824
825
826
827
828
829
830
831
832
833
834
835
836
837
838
839
840
841
842
843
844
845
846
847
848
849
850
851
852
853
854
855
856
857
858
859
860
861
862
863
864
865
2.5 -1.833333333333333 0.8999999999995836
2.5 -1.666666666666667 0.8999999999995836
2.5 -1.5 0.8999999999995836
2.5 -1.333333333333333 0.8999999999995836
2.5 -1.166666666666667 0.8999999999995836
2.5 -1 0.8999999999995836
2.5 -0.8333333333333333 0.8999999999995836
2.5 -0.6666666666666667 0.8999999999995836
2.5 -0.5 0.8999999999995836
2.5 -0.3333333333333333 0.8999999999995836
2.5 -0.1666666666666667 0.8999999999995836
2.5 -1.833333333333333 0.8
2.5 -1.666666666666667 0.8
2.5 -1.5 0.8
2.5 -1.333333333333333 0.8
2.5 -1.166666666666667 0.8
2.5 -1 0.8
2.5 -0.8333333333333333 0.8
2.5 -0.6666666666666667 0.8
2.5 -0.5 0.8
2.5 -0.3333333333333333 0.8
2.5 -0.1666666666666667 0.8
2.5 -1.833333333333333 0.7000000000006938
2.5 -1.666666666666667 0.7000000000006938
2.5 -1.5 0.7000000000006938
2.5 -1.333333333333333 0.7000000000006938
2.5 -1.166666666666667 0.7000000000006938
2.5 -1 0.7000000000006938
2.5 -0.8333333333333333 0.7000000000006938
2.5 -0.6666666666666667 0.7000000000006938
2.5 -0.5 0.7000000000006938
2.5 -0.3333333333333333 0.7000000000006938
2.5 -0.1666666666666667 0.7000000000006938
2.5 -1.833333333333333 0.6000000000013874
2.5 -1.666666666666667 0.6000000000013874
2.5 -1.5 0.6000000000013874
2.5 -1.333333333333333 0.6000000000013874
2.5 -1.166666666666667 0.6000000000013874
2.5 -1 0.6000000000013874
2.5 -0.8333333333333333 0.6000000000013874
2.5 -0.6666666666666667 0.6000000000013874
2.5 -0.5 0.6000000000013874
2.5 -0.3333333333333333 0.6000000000013874
2.5 -0.1666666666666667 0.6000000000013874
2.5 -1.833333333333333 0.5000000000020595
2.5 -1.666666666666667 0.5000000000020595
2.5 -1.5 0.5000000000020595
2.5 -1.333333333333333 0.5000000000020595
2.5 -1.166666666666667 0.5000000000020595
2.5 -1 0.5000000000020595
2.5 -0.8333333333333333 0.5000000000020595
2.5 -0.6666666666666667 0.5000000000020595
2.5 -0.5 0.5000000000020595
2.5 -0.3333333333333333 0.5000000000020595
2.5 -0.1666666666666667 0.5000000000020595
2.5 -1.833333333333333 0.400000000001665
2.5 -1.666666666666667 0.400000000001665
2.5 -1.5 0.400000000001665
2.5 -1.333333333333333 0.400000000001665
2.5 -1.166666666666667 0.400000000001665
2.5 -1 0.400000000001665
2.5 -0.8333333333333333 0.400000000001665
2.5 -0.6666666666666667 0.400000000001665
2.5 -0.5 0.400000000001665
2.5 -0.3333333333333333 0.400000000001665
2.5 -0.1666666666666667 0.400000000001665
2.5 -1.833333333333333 0.3000000000012487
2.5 -1.666666666666667 0.3000000000012487
2.5 -1.5 0.3000000000012487
2.5 -1.333333333333333 0.3000000000012487
2.5 -1.166666666666667 0.3000000000012487
2.5 -1 0.3000000000012487
2.5 -0.8333333333333333 0.3000000000012487
2.5 -0.6666666666666667 0.3000000000012487
2.5 -0.5 0.3000000000012487
2.5 -0.3333333333333333 0.3000000000012487
2.5 -0.1666666666666667 0.3000000000012487
2.5 -1.833333333333333 0.2000000000008325
2.5 -1.666666666666667 0.2000000000008325
2.5 -1.5 0.2000000000008325
2.5 -1.333333333333333 0.2000000000008325
2.5 -1.166666666666667 0.2000000000008325
2.5 -1 0.2000000000008325
2.5 -0.8333333333333333 0.2000000000008325
2.5 -0.6666666666666667 0.2000000000008325
2.5 -0.5 0.2000000000008325
2.5 -0.3333333333333333 0.2000000000008325
2.5 -0.1666666666666667 0.2000000000008325
2.5 -1.833333333333333 0.1000000000004162
2.5 -1.666666666666667 0.1000000000004162
2.5 -1.5 0.1000000000004162
2.5 -1.333333333333333 0.1000000000004162
2.5 -1.166666666666667 0.1000000000004162
2.5 -1 0.1000000000004162
2.5 -0.8333333333333333 0.1000000000004162
2.5 -0.6666666666666667 0.1000000000004162
2.5 -0.5 0.1000000000004162
2.5 -0.3333333333333333 0.1000000000004162
2.5 -0.1666666666666667 0.1000000000004162
2 26 0 81
866
867
868
869
870
871
872
873
874
875
876
877
878
879
880
881
882
883
884
885
886
887
888
889
890
891
892
893
894
895
896
897
898
899
900
901
902
903
904
905
906
907
908
909
910
911
912
913
914
915
916
917
918
919
920
921
922
923
924
925
926
927
928
929
930
931
932
933
934
935
936
937
938
939
940
941
942
943
944
945
946
2.6 0 0.100000000000356
2.6 0 0.2000000000007049
2.600000000000001 0 0.3000000000010504
2.600000000000001 0 0.4000000000013959
2.600000000000001 0 0.5000000000017226
2.600000000000001 0 0.6000000000011432
2.6 0 0.7000000000005453
2.600000000000001 0 0.7999999999999472
2.600000000000001 0 0.8999999999995987
2.700000000000001 0 0.1000000000002958
2.7 0 0.2000000000005774
2.7 0 0.3000000000008519
2.7 0 0.4000000000011266
2.7 0 0.500000000001386
2.7 0 0.6000000000008989
2.7 0 0.7000000000003967
2.7 0 0.7999999999998946
2.7 0 0.8999999999996142
2.8 0 0.1000000000002356
2.8 0 0.2000000000004498
2.8 0 0.3000000000006536
2.8 0 0.4000000000008574
2.8 0 0.5000000000010494
2.8 0 0.6000000000006547
2.8 0 0.7000000000002484
2.8 0 0.7999999999998417
2.8 0 0.8999999999996293
2.9 0 0.1000000000001754
2.900000000000001 0 0.2000000000003223
2.900000000000001 0 0.3000000000004552
2.900000000000001 0 0.4000000000005883
2.900000000000001 0 0.5000000000007125
2.9 0 0.6000000000004104
2.899999999999999 0 0.7000000000000999
2.9 0 0.7999999999997891
2.899999999999999 0 0.8999999999996446
3 0 0.1000000000001152
3 0 0.2000000000001947
3 0 0.3000000000002568
3 0 0.4000000000003192
3 0 0.5000000000003757
3 0 0.6000000000001662
3 0 0.6999999999999513
3 0 0.7999999999997363
3 0 0.89999999999966
3.1 0 0.100000000000055
3.1 0 0.2000000000000671
3.1 0 0.3000000000000586
3.1 0 0.4000000000000498
3.100000000000001 0 0.5000000000000391
3.100000000000001 0 0.5999999999999219
3.100000000000001 0 0.6999999999998028
3.100000000000001 0 0.7999999999996834
3.100000000000001 0 0.8999999999996751
3.200000000000001 0 0.09999999999999476
3.2 0 0.1999999999999396
3.2 0 0.2999999999998602
3.2 0 0.3999999999997807
3.2 0 0.4999999999997022
3.2 0 0.5999999999996777
3.2 0 0.6999999999996542
3.2 0 0.7999999999996308
3.2 0 0.8999999999996904
3.3 0 0.09999999999993453
3.3 0 0.199999999999812
3.3 0 0.2999999999996618
3.299999999999999 0 0.3999999999995115
3.3 0 0.4999999999993656
3.3 0 0.5999999999994334
3.299999999999999 0 0.6999999999995059
3.3 0 0.7999999999995779
3.299999999999999 0 0.8999999999997057
3.399999999999999 0 0.09999999999987433
3.4 0 0.1999999999996844
3.4 0 0.2999999999994634
3.4 0 0.3999999999992422
3.4 0 0.4999999999990288
3.4 0 0.5999999999991892
3.399999999999999 0 0.6999999999993574
3.399999999999999 0 0.7999999999995253
3.399999999999999 0 0.899999999999721
2 35 0 315
947
948
949
950
951
952
953
954
955
956
957
958
959
960
961
962
963
964
965
966
967
968
969
970
971
972
973
974
975
976
977
978
979
980
981
982
983
984
985
986
987
988
989
990
991
992
993
994
995
996
997
998
999
1000
1001
1002
1003
1004
1005
1006
1007
1008
1009
1010
1011
1012
1013
1014
1015
1016
1017
1018
1019
1020
1021
1022
1023
1024
1025
1026
1027
1028
1029
1030
1031
1032
1033
1034
1035
1036
1037
1038
1039
1040
1041
1042
1043
1044
1045
1046
1047
1048
1049
1050
1051
1052
1053
1054
1055
1056
1057
1058
1059
1060
1061
1062
1063
1064
1065
1066
1067
1068
1069
1070
1071
1072
1073
1074
1075
1076
1077
1078
1079
1080
1081
1082
1083
1084
1085
1086
1087
1088
1089
1090
1091
1092
1093
1094
1095
1096
1097
1098
1099
1100
1101
1102
1103
1104
1105
1106
1107
1108
1109
1110
1111
1112
1113
1114
1115
1116
1117
1118
1119
1120
1121
1122
1123
1124
1125
1126
1127
1128
1129
1130
1131
1132
1133
1134
1135
1136
1137
1138
1139
1140
1141
1142
1143
1144
1145
1146
1147
1148
1149
1150
1151
1152
1153
1154
1155
1156
1157
1158
1159
1160
1161
1162
1163
1164
1165
1166
1167
1168
1169
1170
1171
1172
1173
1174
1175
1176
1177
1178
1179
1180
1181
1182
1183
1184
1185
1186
1187
1188
1189
1190
1191
1192
1193
1194
1195
1196
1197
1198
1199
1200
1201
1202
1203
1204
1205
1206
1207
1208
1209
1210
1211
1212
1213
1214
1215
1216
1217
1218
1219
1220
1221
1222
1223
1224
1225
1226
1227
1228
1229
1230
1231
1232
1233
1234
1235
1236
1237
1238
1239
1240
1241
1242
1243
1244
1245
1246
1247
1248
1249
1250
1251
1252
1253
1254
1255
1256
1257
1258
1259
1260
1261
2.59752537611283 0.1134104071498736 0
2.590106215038539 0.2266049311439112 0
2.577756639571907 0.3393680997721341 0
2.560500157831741 0.4514852619340189 0
2.538369618511827 0.5627429962390675 0
2.511407148351578 0.6729295172665539 0
2.47966407194539 0.7818350787111101 0
2.443200814043362 0.8892523726467387 0
2.402086784529346 0.9949769241492334 0
2.35640024629529 1.098807480525819 0
2.306228166263376 1.200546394411088 0
2.251666049839541 1.3 0
2.192817759113503 1.396978981701742 0
2.129795315151379 1.49129873451272 0
2.062718684757212 1.582779715422674 0
1.991715552109343 1.671247785185002 0
1.916921075706323 1.756534539800716 0
1.838477631085024 1.838477631085023 0
1.756534539800717 1.916921075706323 0
1.671247785185002 1.991715552109343 0
1.582779715422674 2.062718684757212 0
1.49129873451272 2.129795315151379 0
1.396978981701742 2.192817759113503 0
1.3 2.25166604983954 0
1.200546394411089 2.306228166263376 0
1.098807480525819 2.35640024629529 0
0.9949769241492337 2.402086784529346 0
0.889252372646739 2.443200814043362 0
0.78183507871111 2.47966407194539 0
0.6729295172665539 2.511407148351578 0
0.5627429962390675 2.538369618511827 0
0.4514852619340191 2.560500157831741 0
0.3393680997721344 2.577756639571907 0
0.2266049311439118 2.590106215038539 0
0.1134104071498736 2.59752537611283 0
2.697430198271016 0.1177723458864072 0
2.689725684847713 0.2353205054186771 0
2.676901125709288 0.3524207189941393 0
2.658980933132962 0.4688500797007119 0
2.63599921922382 0.5843869576328778 0
2.607999730980485 0.698811421776806 0
2.575035767020213 0.8119056586615375 0
2.537170076121953 0.9234543869793056 0
2.494474737780474 1.033245267385742 0
2.447031024998955 1.141069306699888 0
2.394929249581199 1.246721255734592 0
2.338268590217984 1.35 0
2.277156903694792 1.450708942536425 0
2.211710519580278 1.548656378147824 0
2.142054018786335 1.643655858323546 0
2.068319996421241 1.735526546153656 0
1.990648809387335 1.824093560562283 0
1.909188309203679 1.909188309203678 0
1.824093560562283 1.990648809387335 0
1.735526546153656 2.068319996421241 0
1.643655858323546 2.142054018786335 0
1.548656378147825 2.211710519580278 0
1.450708942536425 2.277156903694792 0
1.35 2.338268590217984 0
1.246721255734592 2.394929249581199 0
1.141069306699888 2.447031024998955 0
1.033245267385743 2.494474737780474 0
0.9234543869793059 2.537170076121952 0
0.8119056586615373 2.575035767020213 0
0.698811421776806 2.607999730980485 0
0.5843869576328778 2.63599921922382 0
0.4688500797007121 2.658980933132962 0
0.3524207189941396 2.676901125709288 0
0.2353205054186776 2.689725684847713 0
0.1177723458864072 2.697430198271016 0
2.797335020429202 0.1221342846229408 0
2.789345154656887 0.2440360796934428 0
2.776045611846669 0.3654733382161444 0
2.757461708434182 0.4862148974674049 0
2.733628819935813 0.606030919026688 0
2.704592313609391 0.7246933262870581 0
2.670407462095035 0.8419762386119647 0
2.631139338200543 0.9576564013118724 0
2.586862691031603 1.071513610622251 0
2.53766180370262 1.183331132873958 0
2.483630332899021 1.292896117058095 0
2.424871130596428 1.4 0
2.36149604827608 1.504438903371107 0
2.293625724009177 1.606014021782929 0
2.221389352815458 1.704532001224418 0
2.144924440733138 1.79980530712231 0
2.064376543068347 1.891652581323848 0
1.979898987322333 1.979898987322333 0
1.891652581323849 2.064376543068347 0
1.79980530712231 2.144924440733138 0
1.704532001224418 2.221389352815458 0
1.606014021782929 2.293625724009177 0
1.504438903371107 2.36149604827608 0
1.4 2.424871130596428 0
1.292896117058095 2.48363033289902 0
1.183331132873958 2.53766180370262 0
1.071513610622251 2.586862691031603 0
0.9576564013118727 2.631139338200543 0
0.8419762386119646 2.670407462095035 0
0.7246933262870581 2.704592313609391 0
0.606030919026688 2.733628819935813 0
0.4862148974674051 2.757461708434182 0
0.3654733382161447 2.776045611846669 0
0.2440360796934434 2.789345154656887 0
0.1221342846229408 2.797335020429202 0
2.897239842587387 0.1264962233594744 0
2.888964624466062 0.2527516539682087 0
2.87519009798405 0.3785259574381495 0
2.855942483735403 0.5035797152340979 0
2.831258420647807 0.6276748804204983 0
2.801184896238298 0.7505752307973101 0
2.765779157169858 0.872046818562392 0
2.725108600279134 0.9918584156444392 0
2.679250644282731 1.10978195385876 0
2.628292582406285 1.225592959048028 0
2.572331416216843 1.339070978381598 0
2.511473670974872 1.45 0
2.445835192857369 1.558168864205789 0
2.375540928438076 1.663371665418033 0
2.300724686844582 1.76540814412529 0
2.221528885045036 1.864084068090964 0
2.13810427674936 1.959211602085414 0
2.050609665440988 2.050609665440988 0
1.959211602085415 2.13810427674936 0
1.864084068090964 2.221528885045036 0
1.76540814412529 2.300724686844582 0
1.663371665418034 2.375540928438076 0
1.558168864205789 2.445835192857369 0
1.45 2.511473670974872 0
1.339070978381599 2.572331416216842 0
1.225592959048028 2.628292582406285 0
1.109781953858761 2.679250644282731 0
0.9918584156444396 2.725108600279134 0
0.8720468185623919 2.765779157169858 0
0.7505752307973101 2.801184896238298 0
0.6276748804204983 2.831258420647807 0
0.5035797152340982 2.855942483735403 0
0.3785259574381499 2.87519009798405 0
0.2527516539682093 2.888964624466062 0
0.1264962233594744 2.897239842587387 0
2.997144664745573 0.130858162096008 0
2.988584094275237 0.2614672282429745 0
2.974334584121431 0.3915785766601547 0
2.954423259036624 0.520944533000791 0
2.9288880213598 0.6493188418143087 0
2.897777478867205 0.7764571353075622 0
2.861150852244681 0.9021173985128194 0
2.819077862357725 1.026060429977006 0
2.77163859753386 1.148050297095269 0
2.71892336110995 1.267854785222098 0
2.661032499534665 1.385245839705102 0
2.598076211353316 1.5 0
2.530174337438657 1.611898825040472 0
2.457456132866975 1.720729309053138 0
2.380060020873706 1.826284287026162 0
2.298133329356934 1.928362829059618 0
2.211832010430372 2.02677062284698 0
2.121320343559643 2.121320343559642 0
2.026770622846981 2.211832010430372 0
1.928362829059618 2.298133329356934 0
1.826284287026162 2.380060020873706 0
1.720729309053139 2.457456132866975 0
1.611898825040472 2.530174337438657 0
1.5 2.598076211353316 0
1.385245839705102 2.661032499534665 0
1.267854785222098 2.71892336110995 0
1.14805029709527 2.77163859753386 0
1.026060429977006 2.819077862357725 0
0.9021173985128192 2.861150852244681 0
0.7764571353075622 2.897777478867205 0
0.6493188418143088 2.9288880213598 0
0.5209445330007912 2.954423259036624 0
0.3915785766601552 2.974334584121431 0
0.2614672282429751 2.988584094275237 0
0.130858162096008 2.997144664745573 0
3.097049486903759 0.1352201008325416 0
3.088203564084411 0.2701828025177403 0
3.073479070258812 0.4046311958821599 0
3.052904034337845 0.5383093507674841 0
3.026517622071793 0.670962803208119 0
2.994370061496112 0.8023390398178143 0
2.956522547319504 0.9321879784632467 0
2.913047124436316 1.060262444309573 0
2.864026550784989 1.186318640331778 0
2.809554139813615 1.310116611396168 0
2.749733582852488 1.431420701028605 0
2.68467875173176 1.55 0
2.614513482019946 1.665628785875154 0
2.539371337295875 1.778086952688243 0
2.459395354902829 1.887160429927034 0
2.374737773668832 1.992641590028272 0
2.285559744111385 2.094329643608547 0
2.192031021678297 2.192031021678297 0
2.094329643608547 2.285559744111385 0
1.992641590028272 2.374737773668832 0
1.887160429927034 2.459395354902829 0
1.778086952688243 2.539371337295875 0
1.665628785875154 2.614513482019946 0
1.55 2.68467875173176 0
1.431420701028606 2.749733582852487 0
1.310116611396168 2.809554139813615 0
1.186318640331778 2.864026550784989 0
1.060262444309573 2.913047124436316 0
0.9321879784632465 2.956522547319504 0
0.8023390398178143 2.994370061496112 0
0.6709628032081191 3.026517622071793 0
0.5383093507674843 3.052904034337845 0
0.4046311958821603 3.073479070258812 0
0.2701828025177409 3.088203564084411 0
0.1352201008325416 3.097049486903759 0
3.196954309061945 0.1395820395690752 0
3.187823033893586 0.2788983767925061 0
3.172623556396193 0.4176838151041651 0
3.151384809639066 0.5556741685341771 0
3.124147222783787 0.6926067646019293 0
3.090962644125019 0.8282209443280664 0
3.051894242394326 0.962258558413674 0
3.007016386514907 1.09446445864214 0
2.956414504036118 1.224586983568287 0
2.90018491851728 1.352378437570238 0
2.838434666170309 1.477595562352109 0
2.771281292110204 1.6 0
2.698852626601234 1.719358746709837 0
2.621286541724774 1.835444596323347 0
2.538730688931953 1.948036572827906 0
2.45134221798073 2.056920350996926 0
2.359287477792397 2.161888664370113 0
2.262741699796952 2.262741699796952 0
2.161888664370113 2.359287477792397 0
2.056920350996926 2.45134221798073 0
1.948036572827906 2.538730688931953 0
1.835444596323348 2.621286541724774 0
1.719358746709837 2.698852626601234 0
1.600000000000001 2.771281292110204 0
1.477595562352109 2.838434666170309 0
1.352378437570238 2.90018491851728 0
1.224586983568288 2.956414504036118 0
1.09446445864214 3.007016386514907 0
0.9622585584136738 3.051894242394326 0
0.8282209443280664 3.090962644125019 0
0.6926067646019294 3.124147222783787 0
0.5556741685341774 3.151384809639066 0
0.4176838151041655 3.172623556396193 0
0.2788983767925068 3.187823033893586 0
0.1395820395690752 3.196954309061945 0
3.296859131220131 0.1439439783056088 0
3.28744250370276 0.2876139510672719 0
3.271768042533574 0.4307364343261701 0
3.249865584940286 0.57303898630087 0
3.22177682349578 0.7142507259957395 0
3.187555226753925 0.8541028488383184 0
3.147265937469149 0.9923291383641012 0
3.100985648593498 1.128666472974707 0
3.048802457287246 1.262855326804796 0
2.990815697220945 1.394640263744308 0
2.927135749488131 1.523770423675612 0
2.857883832488648 1.65 0
2.783191771182523 1.773088707544519 0
2.703201746153673 1.892802239958452 0
2.618066022961076 2.008912715728778 0
2.527946662292627 2.121199111965579 0
2.433015211473409 2.229447685131678 0
2.333452377915607 2.333452377915607 0
2.229447685131679 2.433015211473409 0
2.12119911196558 2.527946662292627 0
2.008912715728778 2.618066022961076 0
1.892802239958452 2.703201746153673 0
1.773088707544519 2.783191771182523 0
1.65 2.857883832488647 0
1.523770423675612 2.927135749488131 0
1.394640263744308 2.990815697220945 0
1.262855326804796 3.048802457287246 0
1.128666472974707 3.100985648593497 0
0.9923291383641011 3.147265937469149 0
0.8541028488383184 3.187555226753925 0
0.7142507259957396 3.22177682349578 0
0.5730389863008704 3.249865584940286 0
0.4307364343261706 3.271768042533574 0
0.2876139510672726 3.28744250370276 0
0.1439439783056088 3.296859131220131 0
3.396763953378316 0.1483059170421424 0
3.387061973511935 0.2963295253420378 0
3.370912528670955 0.4437890535481753 0
3.348346360241507 0.5904038040675631 0
3.319406424207773 0.7358946873895498 0
3.284147809382832 0.8799847533485705 0
3.242637632543972 1.022399718314529 0
3.194954910672088 1.162868487307274 0
3.141190410538375 1.301123670041305 0
3.08144647592461 1.436902089918378 0
3.015836832805954 1.569945284999115 0
2.944486372867091 1.7 0
2.867530915763811 1.826818668379201 0
2.785116950582572 1.950159883593557 0
2.697401356990199 2.06978885862965 0
2.604551106604525 2.185477872934233 0
2.506742945154422 2.297006705893244 0
2.404163056034262 2.404163056034261 0
2.297006705893245 2.506742945154422 0
2.185477872934234 2.604551106604525 0
2.06978885862965 2.697401356990199 0
1.950159883593557 2.785116950582572 0
1.826818668379201 2.867530915763811 0
1.7 2.944486372867091 0
1.569945284999116 3.015836832805953 0
1.436902089918378 3.08144647592461 0
1.301123670041305 3.141190410538375 0
1.162868487307274 3.194954910672088 0
1.022399718314528 3.242637632543972 0
0.8799847533485705 3.284147809382832 0
0.7358946873895499 3.319406424207773 0
0.5904038040675634 3.348346360241507 0
0.4437890535481758 3.370912528670955 0
0.2963295253420384 3.387061973511935 0
0.1483059170421424 3.396763953378316 0
2 39 0 315
1262
1263
1264
1265
1266
1267
1268
1269
1270
1271
1272
1273
1274
1275
1276
1277
1278
1279
1280
1281
1282
1283
1284
1285
1286
1287
1288
1289
1290
1291
1292
1293
1294
1295
1296
1297
1298
1299
1300
1301
1302
1303
1304
1305
1306
1307
1308
1309
1310
1311
1312
1313
1314
1315
1316
1317
1318
1319
1320
1321
1322
1323
1324
1325
1326
1327
1328
1329
1330
1331
1332
1333
1334
1335
1336
1337
1338
1339
1340
1341
1342
1343
1344
1345
1346
1347
1348
1349
1350
1351
1352
1353
1354
1355
1356
1357
1358
1359
1360
1361
1362
1363
1364
1365
1366
1367
1368
1369
1370
1371
1372
1373
1374
1375
1376
1377
1378
1379
1380
1381
1382
1383
1384
1385
1386
1387
1388
1389
1390
1391
1392
1393
1394
1395
1396
1397
1398
1399
1400
1401
1402
1403
1404
1405
1406
1407
1408
1409
1410
1411
1412
1413
1414
1415
1416
1417
1418
1419
1420
1421
1422
1423
1424
1425
1426
1427
1428
1429
1430
1431
1432
1433
1434
1435
1436
1437
1438
1439
1440
1441
1442
1443
1444
1445
1446
1447
1448
1449
1450
1451
1452
1453
1454
1455
1456
1457
1458
1459
1460
1461
1462
1463
1464
1465
1466
1467
1468
1469
1470
1471
1472
1473
1474
1475
1476
1477
1478
1479
1480
1481
1482
1483
1484
1485
1486
1487
1488
1489
1490
1491
1492
1493
1494
1495
1496
1497
1498
1499
1500
1501
1502
1503
1504
1505
1506
1507
1508
1509
1510
1511
1512
1513
1514
1515
1516
1517
1518
1519
1520
1521
1522
1523
1524
1525
1526
1527
1528
1529
1530
1531
1532
1533
1534
1535
1536
1537
1538
1539
1540
1541
1542
1543
1544
1545
1546
1547
1548
1549
1550
1551
1552
1553
1554
1555
1556
1557
1558
1559
1560
1561
1562
1563
1564
1565
1566
1567
1568
1569
1570
1571
1572
1573
1574
1575
1576
3.496668775536502 0.152667855778676 0.09999999999981413
3.48668144332111 0.3050450996168036 0.09999999999981413
3.470057014808337 0.4568416727701805 0.09999999999981413
3.446827135542728 0.6077686218342562 0.09999999999981413
3.417036024919767 0.7575386487833601 0.09999999999981413
3.380740392011739 0.9058666578588226 0.09999999999981413
3.338009327618794 1.052470298264956 0.09999999999981413
3.288924172750679 1.19707050163984 0.09999999999981413
3.233578363789503 1.339392013277814 0.09999999999981413
3.172077254628275 1.479163916092448 0.09999999999981413
3.104537916123776 1.616120146322619 0.09999999999981413
3.031088913245536 1.75 0.09999999999981413
2.9518700603451 1.880548629213884 0.09999999999981413
2.867032155011471 2.007517527228661 0.09999999999981413
2.776736691019323 2.130665001530522 0.09999999999981413
2.681155550916423 2.249756633902887 0.09999999999981413
2.580470678835434 2.36456572665481 0.09999999999981413
2.474873734152916 2.474873734152916 0.09999999999981413
2.364565726654811 2.580470678835434 0.09999999999981413
2.249756633902888 2.681155550916423 0.09999999999981413
2.130665001530522 2.776736691019323 0.09999999999981413
2.007517527228662 2.867032155011471 0.09999999999981413
1.880548629213884 2.9518700603451 0.09999999999981413
1.75 3.031088913245535 0.09999999999981413
1.616120146322619 3.104537916123776 0.09999999999981413
1.479163916092448 3.172077254628275 0.09999999999981413
1.339392013277815 3.233578363789503 0.09999999999981413
1.197070501639841 3.288924172750679 0.09999999999981413
1.052470298264956 3.338009327618794 0.09999999999981413
0.9058666578588226 3.380740392011739 0.09999999999981413
0.7575386487833602 3.417036024919767 0.09999999999981413
0.6077686218342564 3.446827135542728 0.09999999999981413
0.456841672770181 3.470057014808337 0.09999999999981413
0.3050450996168043 3.48668144332111 0.09999999999981413
0.152667855778676 3.496668775536502 0.09999999999981413
3.496668775536502 0.152667855778676 0.1999999999995569
3.48668144332111 0.3050450996168036 0.1999999999995569
3.470057014808337 0.4568416727701805 0.1999999999995569
3.446827135542728 0.6077686218342562 0.1999999999995569
3.417036024919767 0.7575386487833601 0.1999999999995569
3.380740392011739 0.9058666578588226 0.1999999999995569
3.338009327618794 1.052470298264956 0.1999999999995569
3.288924172750679 1.19707050163984 0.1999999999995569
3.233578363789503 1.339392013277814 0.1999999999995569
3.172077254628275 1.479163916092448 0.1999999999995569
3.104537916123776 1.616120146322619 0.1999999999995569
3.031088913245536 1.75 0.1999999999995569
2.9518700603451 1.880548629213884 0.1999999999995569
2.867032155011471 2.007517527228661 0.1999999999995569
2.776736691019323 2.130665001530522 0.1999999999995569
2.681155550916423 2.249756633902887 0.1999999999995569
2.580470678835434 2.36456572665481 0.1999999999995569
2.474873734152916 2.474873734152916 0.1999999999995569
2.364565726654811 2.580470678835434 0.1999999999995569
2.249756633902888 2.681155550916423 0.1999999999995569
2.130665001530522 2.776736691019323 0.1999999999995569
2.007517527228662 2.867032155011471 0.1999999999995569
1.880548629213884 2.9518700603451 0.1999999999995569
1.75 3.031088913245535 0.1999999999995569
1.616120146322619 3.104537916123776 0.1999999999995569
1.479163916092448 3.172077254628275 0.1999999999995569
1.339392013277815 3.233578363789503 0.1999999999995569
1.197070501639841 3.288924172750679 0.1999999999995569
1.052470298264956 3.338009327618794 0.1999999999995569
0.9058666578588226 3.380740392011739 0.1999999999995569
0.7575386487833602 3.417036024919767 0.1999999999995569
0.6077686218342564 3.446827135542728 0.1999999999995569
0.456841672770181 3.470057014808337 0.1999999999995569
0.3050450996168043 3.48668144332111 0.1999999999995569
0.152667855778676 3.496668775536502 0.1999999999995569
3.496668775536502 0.152667855778676 0.299999999999265
3.48668144332111 0.3050450996168036 0.299999999999265
3.470057014808337 0.4568416727701805 0.299999999999265
3.446827135542728 0.6077686218342562 0.299999999999265
3.417036024919767 0.7575386487833601 0.299999999999265
3.380740392011739 0.9058666578588226 0.299999999999265
3.338009327618794 1.052470298264956 0.299999999999265
3.288924172750679 1.19707050163984 0.299999999999265
3.233578363789503 1.339392013277814 0.299999999999265
3.172077254628275 1.479163916092448 0.299999999999265
3.104537916123776 1.616120146322619 0.299999999999265
3.031088913245536 1.75 0.299999999999265
2.9518700603451 1.880548629213884 0.299999999999265
2.867032155011471 2.007517527228661 0.299999999999265
2.776736691019323 2.130665001530522 0.299999999999265
2.681155550916423 2.249756633902887 0.299999999999265
2.580470678835434 2.36456572665481 0.299999999999265
2.474873734152916 2.474873734152916 0.299999999999265
2.364565726654811 2.580470678835434 0.299999999999265
2.249756633902888 2.681155550916423 0.299999999999265
2.130665001530522 2.776736691019323 0.299999999999265
2.007517527228662 2.867032155011471 0.299999999999265
1.880548629213884 2.9518700603451 0.299999999999265
1.75 3.031088913245535 0.299999999999265
1.616120146322619 3.104537916123776 0.299999999999265
1.479163916092448 3.172077254628275 0.299999999999265
1.339392013277815 3.233578363789503 0.299999999999265
1.197070501639841 3.288924172750679 0.299999999999265
1.052470298264956 3.338009327618794 0.299999999999265
0.9058666578588226 3.380740392011739 0.299999999999265
0.7575386487833602 3.417036024919767 0.299999999999265
0.6077686218342564 3.446827135542728 0.299999999999265
0.456841672770181 3.470057014808337 0.299999999999265
0.3050450996168043 3.48668144332111 0.299999999999265
0.152667855778676 3.496668775536502 0.299999999999265
3.496668775536502 0.152667855778676 0.3999999999989731
3.48668144332111 0.3050450996168036 0.3999999999989731
3.470057014808337 0.4568416727701805 0.3999999999989731
3.446827135542728 0.6077686218342562 0.3999999999989731
3.417036024919767 0.7575386487833601 0.3999999999989731
3.380740392011739 0.9058666578588226 0.3999999999989731
3.338009327618794 1.052470298264956 0.3999999999989731
3.288924172750679 1.19707050163984 0.3999999999989731
3.233578363789503 1.339392013277814 0.3999999999989731
3.172077254628275 1.479163916092448 0.3999999999989731
3.104537916123776 1.616120146322619 0.3999999999989731
3.031088913245536 1.75 0.3999999999989731
2.9518700603451 1.880548629213884 0.3999999999989731
2.867032155011471 2.007517527228661 0.3999999999989731
2.776736691019323 2.130665001530522 0.3999999999989731
2.681155550916423 2.249756633902887 0.3999999999989731
2.580470678835434 2.36456572665481 0.3999999999989731
2.474873734152916 2.474873734152916 0.3999999999989731
2.364565726654811 2.580470678835434 0.3999999999989731
2.249756633902888 2.681155550916423 0.3999999999989731
2.130665001530522 2.776736691019323 0.3999999999989731
2.007517527228662 2.867032155011471 0.3999999999989731
1.880548629213884 2.9518700603451 0.3999999999989731
1.75 3.031088913245535 0.3999999999989731
1.616120146322619 3.104537916123776 0.3999999999989731
1.479163916092448 3.172077254628275 0.3999999999989731
1.339392013277815 3.233578363789503 0.3999999999989731
1.197070501639841 3.288924172750679 0.3999999999989731
1.052470298264956 3.338009327618794 0.3999999999989731
0.9058666578588226 3.380740392011739 0.3999999999989731
0.7575386487833602 3.417036024919767 0.3999999999989731
0.6077686218342564 3.446827135542728 0.3999999999989731
0.456841672770181 3.470057014808337 0.3999999999989731
0.3050450996168043 3.48668144332111 0.3999999999989731
0.152667855778676 3.496668775536502 0.3999999999989731
3.496668775536502 0.152667855778676 0.4999999999986921
3.48668144332111 0.3050450996168036 0.4999999999986921
3.470057014808337 0.4568416727701805 0.4999999999986921
3.446827135542728 0.6077686218342562 0.4999999999986921
3.417036024919767 0.7575386487833601 0.4999999999986921
3.380740392011739 0.9058666578588226 0.4999999999986921
3.338009327618794 1.052470298264956 0.4999999999986921
3.288924172750679 1.19707050163984 0.4999999999986921
3.233578363789503 1.339392013277814 0.4999999999986921
3.172077254628275 1.479163916092448 0.4999999999986921
3.104537916123776 1.616120146322619 0.4999999999986921
3.031088913245536 1.75 0.4999999999986921
2.9518700603451 1.880548629213884 0.4999999999986921
2.867032155011471 2.007517527228661 0.4999999999986921
2.776736691019323 2.130665001530522 0.4999999999986921
2.681155550916423 2.249756633902887 0.4999999999986921
2.580470678835434 2.36456572665481 0.4999999999986921
2.474873734152916 2.474873734152916 0.4999999999986921
2.364565726654811 2.580470678835434 0.4999999999986921
2.249756633902888 2.681155550916423 0.4999999999986921
2.130665001530522 2.776736691019323 0.4999999999986921
2.007517527228662 2.867032155011471 0.4999999999986921
1.880548629213884 2.9518700603451 0.4999999999986921
1.75 3.031088913245535 0.4999999999986921
1.616120146322619 3.104537916123776 0.4999999999986921
1.479163916092448 3.172077254628275 0.4999999999986921
1.339392013277815 3.233578363789503 0.4999999999986921
1.197070501639841 3.288924172750679 0.4999999999986921
1.052470298264956 3.338009327618794 0.4999999999986921
0.9058666578588226 3.380740392011739 0.4999999999986921
0.7575386487833602 3.417036024919767 0.4999999999986921
0.6077686218342564 3.446827135542728 0.4999999999986921
0.456841672770181 3.470057014808337 0.4999999999986921
0.3050450996168043 3.48668144332111 0.4999999999986921
0.152667855778676 3.496668775536502 0.4999999999986921
3.496668775536502 0.152667855778676 0.599999999998945
3.48668144332111 0.3050450996168036 0.599999999998945
3.470057014808337 0.4568416727701805 0.599999999998945
3.446827135542728 0.6077686218342562 0.599999999998945
3.417036024919767 0.7575386487833601 0.599999999998945
3.380740392011739 0.9058666578588226 0.599999999998945
3.338009327618794 1.052470298264956 0.599999999998945
3.288924172750679 1.19707050163984 0.599999999998945
3.233578363789503 1.339392013277814 0.599999999998945
3.172077254628275 1.479163916092448 0.599999999998945
3.104537916123776 1.616120146322619 0.599999999998945
3.031088913245536 1.75 0.599999999998945
2.9518700603451 1.880548629213884 0.599999999998945
2.867032155011471 2.007517527228661 0.599999999998945
2.776736691019323 2.130665001530522 0.599999999998945
2.681155550916423 2.249756633902887 0.599999999998945
2.580470678835434 2.36456572665481 0.599999999998945
2.474873734152916 2.474873734152916 0.599999999998945
2.364565726654811 2.580470678835434 0.599999999998945
2.249756633902888 2.681155550916423 0.599999999998945
2.130665001530522 2.776736691019323 0.599999999998945
2.007517527228662 2.867032155011471 0.599999999998945
1.880548629213884 2.9518700603451 0.599999999998945
1.75 3.031088913245535 0.599999999998945
1.616120146322619 3.104537916123776 0.599999999998945
1.479163916092448 3.172077254628275 0.599999999998945
1.339392013277815 3.233578363789503 0.599999999998945
1.197070501639841 3.288924172750679 0.599999999998945
1.052470298264956 3.338009327618794 0.599999999998945
0.9058666578588226 3.380740392011739 0.599999999998945
0.7575386487833602 3.417036024919767 0.599999999998945
0.6077686218342564 3.446827135542728 0.599999999998945
0.456841672770181 3.470057014808337 0.599999999998945
0.3050450996168043 3.48668144332111 0.599999999998945
0.152667855778676 3.496668775536502 0.599999999998945
3.496668775536502 0.152667855778676 0.6999999999992088
3.48668144332111 0.3050450996168036 0.6999999999992088
3.470057014808337 0.4568416727701805 0.6999999999992088
3.446827135542728 0.6077686218342562 0.6999999999992088
3.417036024919767 0.7575386487833601 0.6999999999992088
3.380740392011739 0.9058666578588226 0.6999999999992088
3.338009327618794 1.052470298264956 0.6999999999992088
3.288924172750679 1.19707050163984 0.6999999999992088
3.233578363789503 1.339392013277814 0.6999999999992088
3.172077254628275 1.479163916092448 0.6999999999992088
3.104537916123776 1.616120146322619 0.6999999999992088
3.031088913245536 1.75 0.6999999999992088
2.9518700603451 1.880548629213884 0.6999999999992088
2.867032155011471 2.007517527228661 0.6999999999992088
2.776736691019323 2.130665001530522 0.6999999999992088
2.681155550916423 2.249756633902887 0.6999999999992088
2.580470678835434 2.36456572665481 0.6999999999992088
2.474873734152916 2.474873734152916 0.6999999999992088
2.364565726654811 2.580470678835434 0.6999999999992088
2.249756633902888 2.681155550916423 0.6999999999992088
2.130665001530522 2.776736691019323 0.6999999999992088
2.007517527228662 2.867032155011471 0.6999999999992088
1.880548629213884 2.9518700603451 0.6999999999992088
1.75 3.031088913245535 0.6999999999992088
1.616120146322619 3.104537916123776 0.6999999999992088
1.479163916092448 3.172077254628275 0.6999999999992088
1.339392013277815 3.233578363789503 0.6999999999992088
1.197070501639841 3.288924172750679 0.6999999999992088
1.052470298264956 3.338009327618794 0.6999999999992088
0.9058666578588226 3.380740392011739 0.6999999999992088
0.7575386487833602 3.417036024919767 0.6999999999992088
0.6077686218342564 3.446827135542728 0.6999999999992088
0.456841672770181 3.470057014808337 0.6999999999992088
0.3050450996168043 3.48668144332111 0.6999999999992088
0.152667855778676 3.496668775536502 0.6999999999992088
3.496668775536502 0.152667855778676 0.7999999999994725
3.48668144332111 0.3050450996168036 0.7999999999994725
3.470057014808337 0.4568416727701805 0.7999999999994725
3.446827135542728 0.6077686218342562 0.7999999999994725
3.417036024919767 0.7575386487833601 0.7999999999994725
3.380740392011739 0.9058666578588226 0.7999999999994725
3.338009327618794 1.052470298264956 0.7999999999994725
3.288924172750679 1.19707050163984 0.7999999999994725
3.233578363789503 1.339392013277814 0.7999999999994725
3.172077254628275 1.479163916092448 0.7999999999994725
3.104537916123776 1.616120146322619 0.7999999999994725
3.031088913245536 1.75 0.7999999999994725
2.9518700603451 1.880548629213884 0.7999999999994725
2.867032155011471 2.007517527228661 0.7999999999994725
2.776736691019323 2.130665001530522 0.7999999999994725
2.681155550916423 2.249756633902887 0.7999999999994725
2.580470678835434 2.36456572665481 0.7999999999994725
2.474873734152916 2.474873734152916 0.7999999999994725
2.364565726654811 2.580470678835434 0.7999999999994725
2.249756633902888 2.681155550916423 0.7999999999994725
2.130665001530522 2.776736691019323 0.7999999999994725
2.007517527228662 2.867032155011471 0.7999999999994725
1.880548629213884 2.9518700603451 0.7999999999994725
1.75 3.031088913245535 0.7999999999994725
1.616120146322619 3.104537916123776 0.7999999999994725
1.479163916092448 3.172077254628275 0.7999999999994725
1.339392013277815 3.233578363789503 0.7999999999994725
1.197070501639841 3.288924172750679 0.7999999999994725
1.052470298264956 3.338009327618794 0.7999999999994725
0.9058666578588226 3.380740392011739 0.7999999999994725
0.7575386487833602 3.417036024919767 0.7999999999994725
0.6077686218342564 3.446827135542728 0.7999999999994725
0.456841672770181 3.470057014808337 0.7999999999994725
0.3050450996168043 3.48668144332111 0.7999999999994725
0.152667855778676 3.496668775536502 0.7999999999994725
3.496668775536502 0.152667855778676 0.8999999999997362
3.48668144332111 0.3050450996168036 0.8999999999997362
3.470057014808337 0.4568416727701805 0.8999999999997362
3.446827135542728 0.6077686218342562 0.8999999999997362
3.417036024919767 0.7575386487833601 0.8999999999997362
3.380740392011739 0.9058666578588226 0.8999999999997362
3.338009327618794 1.052470298264956 0.8999999999997362
3.288924172750679 1.19707050163984 0.8999999999997362
3.233578363789503 1.339392013277814 0.8999999999997362
3.172077254628275 1.479163916092448 0.8999999999997362
3.104537916123776 1.616120146322619 0.8999999999997362
3.031088913245536 1.75 0.8999999999997362
2.9518700603451 1.880548629213884 0.8999999999997362
2.867032155011471 2.007517527228661 0.8999999999997362
2.776736691019323 2.130665001530522 0.8999999999997362
2.681155550916423 2.249756633902887 0.8999999999997362
2.580470678835434 2.36456572665481 0.8999999999997362
2.474873734152916 2.474873734152916 0.8999999999997362
2.364565726654811 2.580470678835434 0.8999999999997362
2.249756633902888 2.681155550916423 0.8999999999997362
2.130665001530522 2.776736691019323 0.8999999999997362
2.007517527228662 2.867032155011471 0.8999999999997362
1.880548629213884 2.9518700603451 0.8999999999997362
1.75 3.031088913245535 0.8999999999997362
1.616120146322619 3.104537916123776 0.8999999999997362
1.479163916092448 3.172077254628275 0.8999999999997362
1.339392013277815 3.233578363789503 0.8999999999997362
1.197070501639841 3.288924172750679 0.8999999999997362
1.052470298264956 3.338009327618794 0.8999999999997362
0.9058666578588226 3.380740392011739 0.8999999999997362
0.7575386487833602 3.417036024919767 0.8999999999997362
0.6077686218342564 3.446827135542728 0.8999999999997362
0.456841672770181 3.470057014808337 0.8999999999997362
0.3050450996168043 3.48668144332111 0.8999999999997362
0.152667855778676 3.496668775536502 0.8999999999997362
2 43 0 315
1577
1578
1579
1580
1581
1582
1583
1584
1585
1586
1587
1588
1589
1590
1591
1592
1593
1594
1595
1596
1597
1598
1599
1600
1601
1602
1603
1604
1605
1606
1607
1608
1609
1610
1611
1612
1613
1614
1615
1616
1617
1618
1619
1620
1621
1622
1623
1624
1625
1626
1627
1628
1629
1630
1631
1632
1633
1634
1635
1636
1637
1638
1639
1640
1641
1642
1643
1644
1645
1646
1647
1648
1649
1650
1651
1652
1653
1654
1655
1656
1657
1658
1659
1660
1661
1662
1663
1664
1665
1666
1667
1668
1669
1670
1671
1672
1673
1674
1675
1676
1677
1678
1679
1680
1681
1682
1683
1684
1685
1686
1687
1688
1689
1690
1691
1692
1693
1694
1695
1696
1697
1698
1699
1700
1701
1702
1703
1704
1705
1706
1707
1708
1709
1710
1711
1712
1713
1714
1715
1716
1717
1718
1719
1720
1721
1722
1723
1724
1725
1726
1727
1728
1729
1730
1731
1732
1733
1734
1735
1736
1737
1738
1739
1740
1741
1742
1743
1744
1745
1746
1747
1748
1749
1750
1751
1752
1753
1754
1755
1756
1757
1758
1759
1760
1761
1762
1763
1764
1765
1766
1767
1768
1769
1770
1771
1772
1773
1774
1775
1776
1777
1778
1779
1780
1781
1782
1783
1784
1785
1786
1787
1788
1789
1790
1791
1792
1793
1794
1795
1796
1797
1798
1799
1800
1801
1802
1803
1804
1805
1806
1807
1808
1809
1810
1811
1812
1813
1814
1815
1816
1817
1818
1819
1820
1821
1822
1823
1824
1825
1826
1827
1828
1829
1830
1831
1832
1833
1834
1835
1836
1837
1838
1839
1840
1841
1842
1843
1844
1845
1846
1847
1848
1849
1850
1851
1852
1853
1854
1855
1856
1857
1858
1859
1860
1861
1862
1863
1864
1865
1866
1867
1868
1869
1870
1871
1872
1873
1874
1875
1876
1877
1878
1879
1880
1881
1882
1883
1884
1885
1886
1887
1888
1889
1890
1891
3.396763953378316 0.1483059170421424 1
3.387061973511935 0.2963295253420378 1
3.370912528670955 0.4437890535481753 1
3.348346360241507 0.5904038040675631 1
3.319406424207773 0.7358946873895498 1
3.284147809382832 0.8799847533485705 1
3.242637632543972 1.022399718314529 1
3.194954910672088 1.162868487307274 1
3.141190410538375 1.301123670041305 1
3.08144647592461 1.436902089918378 1
3.015836832805954 1.569945284999115 1
2.944486372867091 1.7 1
2.867530915763811 1.826818668379201 1
2.785116950582572 1.950159883593557 1
2.697401356990199 2.06978885862965 1
2.604551106604525 2.185477872934233 1
2.506742945154422 2.297006705893244 1
2.404163056034262 2.404163056034261 1
2.297006705893245 2.506742945154422 1
2.185477872934234 2.604551106604525 1
2.06978885862965 2.697401356990199 1
1.950159883593557 2.785116950582572 1
1.826818668379201 2.867530915763811 1
1.7 2.944486372867091 1
1.569945284999116 3.015836832805953 1
1.436902089918378 3.08144647592461 1
1.301123670041305 3.141190410538375 1
1.162868487307274 3.194954910672088 1
1.022399718314528 3.242637632543972 1
0.8799847533485705 3.284147809382832 1
0.7358946873895499 3.319406424207773 1
0.5904038040675634 3.348346360241507 1
0.4437890535481758 3.370912528670955 1
0.2963295253420384 3.387061973511935 1
0.1483059170421424 3.396763953378316 1
3.296859131220131 0.1439439783056088 1
3.28744250370276 0.2876139510672719 1
3.271768042533574 0.4307364343261701 1
3.249865584940286 0.57303898630087 1
3.22177682349578 0.7142507259957395 1
3.187555226753925 0.8541028488383184 1
3.147265937469149 0.9923291383641012 1
3.100985648593498 1.128666472974707 1
3.048802457287246 1.262855326804796 1
2.990815697220945 1.394640263744308 1
2.927135749488131 1.523770423675612 1
2.857883832488648 1.65 1
2.783191771182523 1.773088707544519 1
2.703201746153673 1.892802239958452 1
2.618066022961076 2.008912715728778 1
2.527946662292627 2.121199111965579 1
2.433015211473409 2.229447685131678 1
2.333452377915607 2.333452377915607 1
2.229447685131679 2.433015211473409 1
2.12119911196558 2.527946662292627 1
2.008912715728778 2.618066022961076 1
1.892802239958452 2.703201746153673 1
1.773088707544519 2.783191771182523 1
1.65 2.857883832488647 1
1.523770423675612 2.927135749488131 1
1.394640263744308 2.990815697220945 1
1.262855326804796 3.048802457287246 1
1.128666472974707 3.100985648593497 1
0.9923291383641011 3.147265937469149 1
0.8541028488383184 3.187555226753925 1
0.7142507259957396 3.22177682349578 1
0.5730389863008704 3.249865584940286 1
0.4307364343261706 3.271768042533574 1
0.2876139510672726 3.28744250370276 1
0.1439439783056088 3.296859131220131 1
3.196954309061945 0.1395820395690752 1
3.187823033893586 0.2788983767925061 1
3.172623556396193 0.4176838151041651 1
3.151384809639066 0.5556741685341771 1
3.124147222783787 0.6926067646019293 1
3.090962644125019 0.8282209443280664 1
3.051894242394326 0.962258558413674 1
3.007016386514907 1.09446445864214 1
2.956414504036118 1.224586983568287 1
2.90018491851728 1.352378437570238 1
2.838434666170309 1.477595562352109 1
2.771281292110204 1.6 1
2.698852626601234 1.719358746709837 1
2.621286541724774 1.835444596323347 1
2.538730688931953 1.948036572827906 1
2.45134221798073 2.056920350996926 1
2.359287477792397 2.161888664370113 1
2.262741699796952 2.262741699796952 1
2.161888664370113 2.359287477792397 1
2.056920350996926 2.45134221798073 1
1.948036572827906 2.538730688931953 1
1.835444596323348 2.621286541724774 1
1.719358746709837 2.698852626601234 1
1.600000000000001 2.771281292110204 1
1.477595562352109 2.838434666170309 1
1.352378437570238 2.90018491851728 1
1.224586983568288 2.956414504036118 1
1.09446445864214 3.007016386514907 1
0.9622585584136738 3.051894242394326 1
0.8282209443280664 3.090962644125019 1
0.6926067646019294 3.124147222783787 1
0.5556741685341774 3.151384809639066 1
0.4176838151041655 3.172623556396193 1
0.2788983767925068 3.187823033893586 1
0.1395820395690752 3.196954309061945 1
3.097049486903759 0.1352201008325416 1
3.088203564084411 0.2701828025177403 1
3.073479070258812 0.4046311958821599 1
3.052904034337845 0.5383093507674841 1
3.026517622071793 0.670962803208119 1
2.994370061496112 0.8023390398178143 1
2.956522547319504 0.9321879784632467 1
2.913047124436316 1.060262444309573 1
2.864026550784989 1.186318640331778 1
2.809554139813615 1.310116611396168 1
2.749733582852488 1.431420701028605 1
2.68467875173176 1.55 1
2.614513482019946 1.665628785875154 1
2.539371337295875 1.778086952688243 1
2.459395354902829 1.887160429927034 1
2.374737773668832 1.992641590028272 1
2.285559744111385 2.094329643608547 1
2.192031021678297 2.192031021678297 1
2.094329643608547 2.285559744111385 1
1.992641590028272 2.374737773668832 1
1.887160429927034 2.459395354902829 1
1.778086952688243 2.539371337295875 1
1.665628785875154 2.614513482019946 1
1.55 2.68467875173176 1
1.431420701028606 2.749733582852487 1
1.310116611396168 2.809554139813615 1
1.186318640331778 2.864026550784989 1
1.060262444309573 2.913047124436316 1
0.9321879784632465 2.956522547319504 1
0.8023390398178143 2.994370061496112 1
0.6709628032081191 3.026517622071793 1
0.5383093507674843 3.052904034337845 1
0.4046311958821603 3.073479070258812 1
0.2701828025177409 3.088203564084411 1
0.1352201008325416 3.097049486903759 1
2.997144664745573 0.130858162096008 1
2.988584094275237 0.2614672282429745 1
2.974334584121431 0.3915785766601547 1
2.954423259036624 0.520944533000791 1
2.9288880213598 0.6493188418143087 1
2.897777478867205 0.7764571353075622 1
2.861150852244681 0.9021173985128194 1
2.819077862357725 1.026060429977006 1
2.77163859753386 1.148050297095269 1
2.71892336110995 1.267854785222098 1
2.661032499534665 1.385245839705102 1
2.598076211353316 1.5 1
2.530174337438657 1.611898825040472 1
2.457456132866975 1.720729309053138 1
2.380060020873706 1.826284287026162 1
2.298133329356934 1.928362829059618 1
2.211832010430372 2.02677062284698 1
2.121320343559643 2.121320343559642 1
2.026770622846981 2.211832010430372 1
1.928362829059618 2.298133329356934 1
1.826284287026162 2.380060020873706 1
1.720729309053139 2.457456132866975 1
1.611898825040472 2.530174337438657 1
1.5 2.598076211353316 1
1.385245839705102 2.661032499534665 1
1.267854785222098 2.71892336110995 1
1.14805029709527 2.77163859753386 1
1.026060429977006 2.819077862357725 1
0.9021173985128192 2.861150852244681 1
0.7764571353075622 2.897777478867205 1
0.6493188418143088 2.9288880213598 1
0.5209445330007912 2.954423259036624 1
0.3915785766601552 2.974334584121431 1
0.2614672282429751 2.988584094275237 1
0.130858162096008 2.997144664745573 1
2.897239842587387 0.1264962233594744 1
2.888964624466062 0.2527516539682087 1
2.87519009798405 0.3785259574381495 1
2.855942483735403 0.5035797152340979 1
2.831258420647807 0.6276748804204983 1
2.801184896238298 0.7505752307973101 1
2.765779157169858 0.872046818562392 1
2.725108600279134 0.9918584156444392 1
2.679250644282731 1.10978195385876 1
2.628292582406285 1.225592959048028 1
2.572331416216843 1.339070978381598 1
2.511473670974872 1.45 1
2.445835192857369 1.558168864205789 1
2.375540928438076 1.663371665418033 1
2.300724686844582 1.76540814412529 1
2.221528885045036 1.864084068090964 1
2.13810427674936 1.959211602085414 1
2.050609665440988 2.050609665440988 1
1.959211602085415 2.13810427674936 1
1.864084068090964 2.221528885045036 1
1.76540814412529 2.300724686844582 1
1.663371665418034 2.375540928438076 1
1.558168864205789 2.445835192857369 1
1.45 2.511473670974872 1
1.339070978381599 2.572331416216842 1
1.225592959048028 2.628292582406285 1
1.109781953858761 2.679250644282731 1
0.9918584156444396 2.725108600279134 1
0.8720468185623919 2.765779157169858 1
0.7505752307973101 2.801184896238298 1
0.6276748804204983 2.831258420647807 1
0.5035797152340982 2.855942483735403 1
0.3785259574381499 2.87519009798405 1
0.2527516539682093 2.888964624466062 1
0.1264962233594744 2.897239842587387 1
2.797335020429202 0.1221342846229408 1
2.789345154656887 0.2440360796934428 1
2.776045611846669 0.3654733382161444 1
2.757461708434182 0.4862148974674049 1
2.733628819935813 0.606030919026688 1
2.704592313609391 0.7246933262870581 1
2.670407462095035 0.8419762386119647 1
2.631139338200543 0.9576564013118724 1
2.586862691031603 1.071513610622251 1
2.53766180370262 1.183331132873958 1
2.483630332899021 1.292896117058095 1
2.424871130596428 1.4 1
2.36149604827608 1.504438903371107 1
2.293625724009177 1.606014021782929 1
2.221389352815458 1.704532001224418 1
2.144924440733138 1.79980530712231 1
2.064376543068347 1.891652581323848 1
1.979898987322333 1.979898987322333 1
1.891652581323849 2.064376543068347 1
1.79980530712231 2.144924440733138 1
1.704532001224418 2.221389352815458 1
1.606014021782929 2.293625724009177 1
1.504438903371107 2.36149604827608 1
1.4 2.424871130596428 1
1.292896117058095 2.48363033289902 1
1.183331132873958 2.53766180370262 1
1.071513610622251 2.586862691031603 1
0.9576564013118727 2.631139338200543 1
0.8419762386119646 2.670407462095035 1
0.7246933262870581 2.704592313609391 1
0.606030919026688 2.733628819935813 1
0.4862148974674051 2.757461708434182 1
0.3654733382161447 2.776045611846669 1
0.2440360796934434 2.789345154656887 1
0.1221342846229408 2.797335020429202 1
2.697430198271016 0.1177723458864072 1
2.689725684847713 0.2353205054186771 1
2.676901125709288 0.3524207189941393 1
2.658980933132962 0.4688500797007119 1
2.63599921922382 0.5843869576328778 1
2.607999730980485 0.698811421776806 1
2.575035767020213 0.8119056586615375 1
2.537170076121953 0.9234543869793056 1
2.494474737780474 1.033245267385742 1
2.447031024998955 1.141069306699888 1
2.394929249581199 1.246721255734592 1
2.338268590217984 1.35 1
2.277156903694792 1.450708942536425 1
2.211710519580278 1.548656378147824 1
2.142054018786335 1.643655858323546 1
2.068319996421241 1.735526546153656 1
1.990648809387335 1.824093560562283 1
1.909188309203679 1.909188309203678 1
1.824093560562283 1.990648809387335 1
1.735526546153656 2.068319996421241 1
1.643655858323546 2.142054018786335 1
1.548656378147825 2.211710519580278 1
1.450708942536425 2.277156903694792 1
1.35 2.338268590217984 1
1.246721255734592 2.394929249581199 1
1.141069306699888 2.447031024998955 1
1.033245267385743 2.494474737780474 1
0.9234543869793059 2.537170076121952 1
0.8119056586615373 2.575035767020213 1
0.698811421776806 2.607999730980485 1
0.5843869576328778 2.63599921922382 1
0.4688500797007121 2.658980933132962 1
0.3524207189941396 2.676901125709288 1
0.2353205054186776 2.689725684847713 1
0.1177723458864072 2.697430198271016 1
2.59752537611283 0.1134104071498736 1
2.590106215038539 0.2266049311439112 1
2.577756639571907 0.3393680997721341 1
2.560500157831741 0.4514852619340189 1
2.538369618511827 0.5627429962390675 1
2.511407148351578 0.6729295172665539 1
2.47966407194539 0.7818350787111101 1
2.443200814043362 0.8892523726467387 1
2.402086784529346 0.9949769241492334 1
2.35640024629529 1.098807480525819 1
2.306228166263376 1.200546394411088 1
2.251666049839541 1.3 1
2.192817759113503 1.396978981701742 1
2.129795315151379 1.49129873451272 1
2.062718684757212 1.582779715422674 1
1.991715552109343 1.671247785185002 1
1.916921075706323 1.756534539800716 1
1.838477631085024 1.838477631085023 1
1.756534539800717 1.916921075706323 1
1.671247785185002 1.991715552109343 1
1.582779715422674 2.062718684757212 1
1.49129873451272 2.129795315151379 1
1.396978981701742 2.192817759113503 1
1.3 2.25166604983954 1
1.200546394411089 2.306228166263376 1
1.098807480525819 2.35640024629529 1
0.9949769241492337 2.402086784529346 1
0.889252372646739 2.443200814043362 1
0.78183507871111 2.47966407194539 1
0.6729295172665539 2.511407148351578 1
0.5627429962390675 2.538369618511827 1
0.4514852619340191 2.560500157831741 1
0.3393680997721344 2.577756639571907 1
0.2266049311439118 2.590106215038539 1
0.1134104071498736 2.59752537611283 1
2 47 0 315
1892
1893
1894
1895
1896
1897
1898
1899
1900
1901
1902
1903
1904
1905
1906
1907
1908
1909
1910
1911
1912
1913
1914
1915
1916
1917
1918
1919
1920
1921
1922
1923
1924
1925
1926
1927
1928
1929
1930
1931
1932
1933
1934
1935
1936
1937
1938
1939
1940
1941
1942
1943
1944
1945
1946
1947
1948
1949
1950
1951
1952
1953
1954
1955
1956
1957
1958
1959
1960
1961
1962
1963
1964
1965
1966
1967
1968
1969
1970
1971
1972
1973
1974
1975
1976
1977
1978
1979
1980
1981
1982
1983
1984
1985
1986
1987
1988
1989
1990
1991
1992
1993
1994
1995
1996
1997
1998
1999
2000
2001
2002
2003
2004
2005
2006
2007
2008
2009
2010
2011
2012
2013
2014
2015
2016
2017
2018
2019
2020
2021
2022
2023
2024
2025
2026
2027
2028
2029
2030
2031
2032
2033
2034
2035
2036
2037
2038
2039
2040
2041
2042
2043
2044
2045
2046
2047
2048
2049
2050
2051
2052
2053
2054
2055
2056
2057
2058
2059
2060
2061
2062
2063
2064
2065
2066
2067
2068
2069
2070
2071
2072
2073
2074
2075
2076
2077
2078
2079
2080
2081
2082
2083
2084
2085
2086
2087
2088
2089
2090
2091
2092
2093
2094
2095
2096
2097
2098
2099
2100
2101
2102
2103
2104
2105
2106
2107
2108
2109
2110
2111
2112
2113
2114
2115
2116
2117
2118
2119
2120
2121
2122
2123
2124
2125
2126
2127
2128
2129
2130
2131
2132
2133
2134
2135
2136
2137
2138
2139
2140
2141
2142
2143
2144
2145
2146
2147
2148
2149
2150
2151
2152
2153
2154
2155
2156
2157
2158
2159
2160
2161
2162
2163
2164
2165
2166
2167
2168
2169
2170
2171
2172
2173
2174
2175
2176
2177
2178
2179
2180
2181
2182
2183
2184
2185
2186
2187
2188
2189
2190
2191
2192
2193
2194
2195
2196
2197
2198
2199
2200
2201
2202
2203
2204
2205
2206
2.497620553954644 0.10904846841334 0.8999999999995836
2.490486745229364 0.2178893568691454 0.8999999999995836
2.478612153434526 0.3263154805501289 0.8999999999995836
2.46201938253052 0.4341204441673258 0.8999999999995836
2.440740017799834 0.5410990348452572 0.8999999999995836
2.414814565722671 0.6470476127563018 0.8999999999995836
2.384292376870567 0.7517644987606829 0.8999999999995836
2.349231551964771 0.8550503583141718 0.8999999999995836
2.309698831278217 0.9567085809127245 0.8999999999995836
2.265769467591625 1.056545654351749 0.8999999999995836
2.217527082945554 1.154371533087585 0.8999999999995836
2.165063509461097 1.25 0.8999999999995836
2.108478614532214 1.34324902086706 0.8999999999995836
2.047880110722479 1.433941090877615 0.8999999999995836
1.983383350728088 1.521903572521802 0.8999999999995836
1.915111107797445 1.606969024216348 0.8999999999995836
1.84319334202531 1.68897551903915 0.8999999999995836
1.767766952966369 1.767766952966369 0.8999999999995836
1.688975519039151 1.84319334202531 0.8999999999995836
1.606969024216348 1.915111107797445 0.8999999999995836
1.521903572521802 1.983383350728088 0.8999999999995836
1.433941090877615 2.047880110722479 0.8999999999995836
1.34324902086706 2.108478614532214 0.8999999999995836
1.25 2.165063509461096 0.8999999999995836
1.154371533087585 2.217527082945554 0.8999999999995836
1.056545654351749 2.265769467591625 0.8999999999995836
0.9567085809127246 2.309698831278217 0.8999999999995836
0.8550503583141721 2.349231551964771 0.8999999999995836
0.7517644987606826 2.384292376870567 0.8999999999995836
0.6470476127563018 2.414814565722671 0.8999999999995836
0.5410990348452572 2.440740017799834 0.8999999999995836
0.434120444167326 2.46201938253052 0.8999999999995836
0.3263154805501293 2.478612153434526 0.8999999999995836
0.2178893568691459 2.490486745229364 0.8999999999995836
0.10904846841334 2.497620553954644 0.8999999999995836
2.497620553954644 0.10904846841334 0.8
2.490486745229364 0.2178893568691454 0.8
2.478612153434526 0.3263154805501289 0.8
2.46201938253052 0.4341204441673258 0.8
2.440740017799834 0.5410990348452572 0.8
2.414814565722671 0.6470476127563018 0.8
2.384292376870567 0.7517644987606829 0.8
2.349231551964771 0.8550503583141718 0.8
2.309698831278217 0.9567085809127245 0.8
2.265769467591625 1.056545654351749 0.8
2.217527082945554 1.154371533087585 0.8
2.165063509461097 1.25 0.8
2.108478614532214 1.34324902086706 0.8
2.047880110722479 1.433941090877615 0.8
1.983383350728088 1.521903572521802 0.8
1.915111107797445 1.606969024216348 0.8
1.84319334202531 1.68897551903915 0.8
1.767766952966369 1.767766952966369 0.8
1.688975519039151 1.84319334202531 0.8
1.606969024216348 1.915111107797445 0.8
1.521903572521802 1.983383350728088 0.8
1.433941090877615 2.047880110722479 0.8
1.34324902086706 2.108478614532214 0.8
1.25 2.165063509461096 0.8
1.154371533087585 2.217527082945554 0.8
1.056545654351749 2.265769467591625 0.8
0.9567085809127246 2.309698831278217 0.8
0.8550503583141721 2.349231551964771 0.8
0.7517644987606826 2.384292376870567 0.8
0.6470476127563018 2.414814565722671 0.8
0.5410990348452572 2.440740017799834 0.8
0.434120444167326 2.46201938253052 0.8
0.3263154805501293 2.478612153434526 0.8
0.2178893568691459 2.490486745229364 0.8
0.10904846841334 2.497620553954644 0.8
2.497620553954644 0.10904846841334 0.7000000000006938
2.490486745229364 0.2178893568691454 0.7000000000006938
2.478612153434526 0.3263154805501289 0.7000000000006938
2.46201938253052 0.4341204441673258 0.7000000000006938
2.440740017799834 0.5410990348452572 0.7000000000006938
2.414814565722671 0.6470476127563018 0.7000000000006938
2.384292376870567 0.7517644987606829 0.7000000000006938
2.349231551964771 0.8550503583141718 0.7000000000006938
2.309698831278217 0.9567085809127245 0.7000000000006938
2.265769467591625 1.056545654351749 0.7000000000006938
2.217527082945554 1.154371533087585 0.7000000000006938
2.165063509461097 1.25 0.7000000000006938
2.108478614532214 1.34324902086706 0.7000000000006938
2.047880110722479 1.433941090877615 0.7000000000006938
1.983383350728088 1.521903572521802 0.7000000000006938
1.915111107797445 1.606969024216348 0.7000000000006938
1.84319334202531 1.68897551903915 0.7000000000006938
1.767766952966369 1.767766952966369 0.7000000000006938
1.688975519039151 1.84319334202531 0.7000000000006938
1.606969024216348 1.915111107797445 0.7000000000006938
1.521903572521802 1.983383350728088 0.7000000000006938
1.433941090877615 2.047880110722479 0.7000000000006938
1.34324902086706 2.108478614532214 0.7000000000006938
1.25 2.165063509461096 0.7000000000006938
1.154371533087585 2.217527082945554 0.7000000000006938
1.056545654351749 2.265769467591625 0.7000000000006938
0.9567085809127246 2.309698831278217 0.7000000000006938
0.8550503583141721 2.349231551964771 0.7000000000006938
0.7517644987606826 2.384292376870567 0.7000000000006938
0.6470476127563018 2.414814565722671 0.7000000000006938
0.5410990348452572 2.440740017799834 0.7000000000006938
0.434120444167326 2.46201938253052 0.7000000000006938
0.3263154805501293 2.478612153434526 0.7000000000006938
0.2178893568691459 2.490486745229364 0.7000000000006938
0.10904846841334 2.497620553954644 0.7000000000006938
2.497620553954644 0.10904846841334 0.6000000000013874
2.490486745229364 0.2178893568691454 0.6000000000013874
2.478612153434526 0.3263154805501289 0.6000000000013874
2.46201938253052 0.4341204441673258 0.6000000000013874
2.440740017799834 0.5410990348452572 0.6000000000013874
2.414814565722671 0.6470476127563018 0.6000000000013874
2.384292376870567 0.7517644987606829 0.6000000000013874
2.349231551964771 0.8550503583141718 0.6000000000013874
2.309698831278217 0.9567085809127245 0.6000000000013874
2.265769467591625 1.056545654351749 0.6000000000013874
2.217527082945554 1.154371533087585 0.6000000000013874
2.165063509461097 1.25 0.6000000000013874
2.108478614532214 1.34324902086706 0.6000000000013874
2.047880110722479 1.433941090877615 0.6000000000013874
1.983383350728088 1.521903572521802 0.6000000000013874
1.915111107797445 1.606969024216348 0.6000000000013874
1.84319334202531 1.68897551903915 0.6000000000013874
1.767766952966369 1.767766952966369 0.6000000000013874
1.688975519039151 1.84319334202531 0.6000000000013874
1.606969024216348 1.915111107797445 0.6000000000013874
1.521903572521802 1.983383350728088 0.6000000000013874
1.433941090877615 2.047880110722479 0.6000000000013874
1.34324902086706 2.108478614532214 0.6000000000013874
1.25 2.165063509461096 0.6000000000013874
1.154371533087585 2.217527082945554 0.6000000000013874
1.056545654351749 2.265769467591625 0.6000000000013874
0.9567085809127246 2.309698831278217 0.6000000000013874
0.8550503583141721 2.349231551964771 0.6000000000013874
0.7517644987606826 2.384292376870567 0.6000000000013874
0.6470476127563018 2.414814565722671 0.6000000000013874
0.5410990348452572 2.440740017799834 0.6000000000013874
0.434120444167326 2.46201938253052 0.6000000000013874
0.3263154805501293 2.478612153434526 0.6000000000013874
0.2178893568691459 2.490486745229364 0.6000000000013874
0.10904846841334 2.497620553954644 0.6000000000013874
2.497620553954644 0.10904846841334 0.5000000000020595
2.490486745229364 0.2178893568691454 0.5000000000020595
2.478612153434526 0.3263154805501289 0.5000000000020595
2.46201938253052 0.4341204441673258 0.5000000000020595
2.440740017799834 0.5410990348452572 0.5000000000020595
2.414814565722671 0.6470476127563018 0.5000000000020595
2.384292376870567 0.7517644987606829 0.5000000000020595
2.349231551964771 0.8550503583141718 0.5000000000020595
2.309698831278217 0.9567085809127245 0.5000000000020595
2.265769467591625 1.056545654351749 0.5000000000020595
2.217527082945554 1.154371533087585 0.5000000000020595
2.165063509461097 1.25 0.5000000000020595
2.108478614532214 1.34324902086706 0.5000000000020595
2.047880110722479 1.433941090877615 0.5000000000020595
1.983383350728088 1.521903572521802 0.5000000000020595
1.915111107797445 1.606969024216348 0.5000000000020595
1.84319334202531 1.68897551903915 0.5000000000020595
1.767766952966369 1.767766952966369 0.5000000000020595
1.688975519039151 1.84319334202531 0.5000000000020595
1.606969024216348 1.915111107797445 0.5000000000020595
1.521903572521802 1.983383350728088 0.5000000000020595
1.433941090877615 2.047880110722479 0.5000000000020595
1.34324902086706 2.108478614532214 0.5000000000020595
1.25 2.165063509461096 0.5000000000020595
1.154371533087585 2.217527082945554 0.5000000000020595
1.056545654351749 2.265769467591625 0.5000000000020595
0.9567085809127246 2.309698831278217 0.5000000000020595
0.8550503583141721 2.349231551964771 0.5000000000020595
0.7517644987606826 2.384292376870567 0.5000000000020595
0.6470476127563018 2.414814565722671 0.5000000000020595
0.5410990348452572 2.440740017799834 0.5000000000020595
0.434120444167326 2.46201938253052 0.5000000000020595
0.3263154805501293 2.478612153434526 0.5000000000020595
0.2178893568691459 2.490486745229364 0.5000000000020595
0.10904846841334 2.497620553954644 0.5000000000020595
2.497620553954644 0.10904846841334 0.400000000001665
2.490486745229364 0.2178893568691454 0.400000000001665
2.478612153434526 0.3263154805501289 0.400000000001665
2.46201938253052 0.4341204441673258 0.400000000001665
2.440740017799834 0.5410990348452572 0.400000000001665
2.414814565722671 0.6470476127563018 0.400000000001665
2.384292376870567 0.7517644987606829 0.400000000001665
2.349231551964771 0.8550503583141718 0.400000000001665
2.309698831278217 0.9567085809127245 0.400000000001665
2.265769467591625 1.056545654351749 0.400000000001665
2.217527082945554 1.154371533087585 0.400000000001665
2.165063509461097 1.25 0.400000000001665
2.108478614532214 1.34324902086706 0.400000000001665
2.047880110722479 1.433941090877615 0.400000000001665
1.983383350728088 1.521903572521802 0.400000000001665
1.915111107797445 1.606969024216348 0.400000000001665
1.84319334202531 1.68897551903915 0.400000000001665
1.767766952966369 1.767766952966369 0.400000000001665
1.688975519039151 1.84319334202531 0.400000000001665
1.606969024216348 1.915111107797445 0.400000000001665
1.521903572521802 1.983383350728088 0.400000000001665
1.433941090877615 2.047880110722479 0.400000000001665
1.34324902086706 2.108478614532214 0.400000000001665
1.25 2.165063509461096 0.400000000001665
1.154371533087585 2.217527082945554 0.400000000001665
1.056545654351749 2.265769467591625 0.400000000001665
0.9567085809127246 2.309698831278217 0.400000000001665
0.8550503583141721 2.349231551964771 0.400000000001665
0.7517644987606826 2.384292376870567 0.400000000001665
0.6470476127563018 2.414814565722671 0.400000000001665
0.5410990348452572 2.440740017799834 0.400000000001665
0.434120444167326 2.46201938253052 0.400000000001665
0.3263154805501293 2.478612153434526 0.400000000001665
0.2178893568691459 2.490486745229364 0.400000000001665
0.10904846841334 2.497620553954644 0.400000000001665
2.497620553954644 0.10904846841334 0.3000000000012487
2.490486745229364 0.2178893568691454 0.3000000000012487
2.478612153434526 0.3263154805501289 0.3000000000012487
2.46201938253052 0.4341204441673258 0.3000000000012487
2.440740017799834 0.5410990348452572 0.3000000000012487
2.414814565722671 0.6470476127563018 0.3000000000012487
2.384292376870567 0.7517644987606829 0.3000000000012487
2.349231551964771 0.8550503583141718 0.3000000000012487
2.309698831278217 0.9567085809127245 0.3000000000012487
2.265769467591625 1.056545654351749 0.3000000000012487
2.217527082945554 1.154371533087585 0.3000000000012487
2.165063509461097 1.25 0.3000000000012487
2.108478614532214 1.34324902086706 0.3000000000012487
2.047880110722479 1.433941090877615 0.3000000000012487
1.983383350728088 1.521903572521802 0.3000000000012487
1.915111107797445 1.606969024216348 0.3000000000012487
1.84319334202531 1.68897551903915 0.3000000000012487
1.767766952966369 1.767766952966369 0.3000000000012487
1.688975519039151 1.84319334202531 0.3000000000012487
1.606969024216348 1.915111107797445 0.3000000000012487
1.521903572521802 1.983383350728088 0.3000000000012487
1.433941090877615 2.047880110722479 0.3000000000012487
1.34324902086706 2.108478614532214 0.3000000000012487
1.25 2.165063509461096 0.3000000000012487
1.154371533087585 2.217527082945554 0.3000000000012487
1.056545654351749 2.265769467591625 0.3000000000012487
0.9567085809127246 2.309698831278217 0.3000000000012487
0.8550503583141721 2.349231551964771 0.3000000000012487
0.7517644987606826 2.384292376870567 0.3000000000012487
0.6470476127563018 2.414814565722671 0.3000000000012487
0.5410990348452572 2.440740017799834 0.3000000000012487
0.434120444167326 2.46201938253052 0.3000000000012487
0.3263154805501293 2.478612153434526 0.3000000000012487
0.2178893568691459 2.490486745229364 0.3000000000012487
0.10904846841334 2.497620553954644 0.3000000000012487
2.497620553954644 0.10904846841334 0.2000000000008325
2.490486745229364 0.2178893568691454 0.2000000000008325
2.478612153434526 0.3263154805501289 0.2000000000008325
2.46201938253052 0.4341204441673258 0.2000000000008325
2.440740017799834 0.5410990348452572 0.2000000000008325
2.414814565722671 0.6470476127563018 0.2000000000008325
2.384292376870567 0.7517644987606829 0.2000000000008325
2.349231551964771 0.8550503583141718 0.2000000000008325
2.309698831278217 0.9567085809127245 0.2000000000008325
2.265769467591625 1.056545654351749 0.2000000000008325
2.217527082945554 1.154371533087585 0.2000000000008325
2.165063509461097 1.25 0.2000000000008325
2.108478614532214 1.34324902086706 0.2000000000008325
2.047880110722479 1.433941090877615 0.2000000000008325
1.983383350728088 1.521903572521802 0.2000000000008325
1.915111107797445 1.606969024216348 0.2000000000008325
1.84319334202531 1.68897551903915 0.2000000000008325
1.767766952966369 1.767766952966369 0.2000000000008325
1.688975519039151 1.84319334202531 0.2000000000008325
1.606969024216348 1.915111107797445 0.2000000000008325
1.521903572521802 1.983383350728088 0.2000000000008325
1.433941090877615 2.047880110722479 0.2000000000008325
1.34324902086706 2.108478614532214 0.2000000000008325
1.25 2.165063509461096 0.2000000000008325
1.154371533087585 2.217527082945554 0.2000000000008325
1.056545654351749 2.265769467591625 0.2000000000008325
0.9567085809127246 2.309698831278217 0.2000000000008325
0.8550503583141721 2.349231551964771 0.2000000000008325
0.7517644987606826 2.384292376870567 0.2000000000008325
0.6470476127563018 2.414814565722671 0.2000000000008325
0.5410990348452572 2.440740017799834 0.2000000000008325
0.434120444167326 2.46201938253052 0.2000000000008325
0.3263154805501293 2.478612153434526 0.2000000000008325
0.2178893568691459 2.490486745229364 0.2000000000008325
0.10904846841334 2.497620553954644 0.2000000000008325
2.497620553954644 0.10904846841334 0.1000000000004162
2.490486745229364 0.2178893568691454 0.1000000000004162
2.478612153434526 0.3263154805501289 0.1000000000004162
2.46201938253052 0.4341204441673258 0.1000000000004162
2.440740017799834 0.5410990348452572 0.1000000000004162
2.414814565722671 0.6470476127563018 0.1000000000004162
2.384292376870567 0.7517644987606829 0.1000000000004162
2.349231551964771 0.8550503583141718 0.1000000000004162
2.309698831278217 0.9567085809127245 0.1000000000004162
2.265769467591625 1.056545654351749 0.1000000000004162
2.217527082945554 1.154371533087585 0.1000000000004162
2.165063509461097 1.25 0.1000000000004162
2.108478614532214 1.34324902086706 0.1000000000004162
2.047880110722479 1.433941090877615 0.1000000000004162
1.983383350728088 1.521903572521802 0.1000000000004162
1.915111107797445 1.606969024216348 0.1000000000004162
1.84319334202531 1.68897551903915 0.1000000000004162
1.767766952966369 1.767766952966369 0.1000000000004162
1.688975519039151 1.84319334202531 0.1000000000004162
1.606969024216348 1.915111107797445 0.1000000000004162
1.521903572521802 1.983383350728088 0.1000000000004162
1.433941090877615 2.047880110722479 0.1000000000004162
1.34324902086706 2.108478614532214 0.1000000000004162
1.25 2.165063509461096 0.1000000000004162
1.154371533087585 2.217527082945554 0.1000000000004162
1.056545654351749 2.265769467591625 0.1000000000004162
0.9567085809127246 2.309698831278217 0.1000000000004162
0.8550503583141721 2.349231551964771 0.1000000000004162
0.7517644987606826 2.384292376870567 0.1000000000004162
0.6470476127563018 2.414814565722671 0.1000000000004162
0.5410990348452572 2.440740017799834 0.1000000000004162
0.434120444167326 2.46201938253052 0.1000000000004162
0.3263154805501293 2.478612153434526 0.1000000000004162
0.2178893568691459 2.490486745229364 0.1000000000004162
0.10904846841334 2.497620553954644 0.1000000000004162
2 48 0 81
2207
2208
2209
2210
2211
2212
2213
2214
2215
2216
2217
2218
2219
2220
2221
2222
2223
2224
2225
2226
2227
2228
2229
2230
2231
2232
2233
2234
2235
2236
2237
2238
2239
2240
2241
2242
2243
2244
2245
2246
2247
2248
2249
2250
2251
2252
2253
2254
2255
2256
2257
2258
2259
2260
2261
2262
2263
2264
2265
2266
2267
2268
2269
2270
2271
2272
2273
2274
2275
2276
2277
2278
2279
2280
2281
2282
2283
2284
2285
2286
2287
1.592040838891559e-16 2.6 0.100000000000356
1.592040838891559e-16 2.6 0.2000000000007049
1.59204083889156e-16 2.600000000000001 0.3000000000010504
1.59204083889156e-16 2.600000000000001 0.4000000000013959
1.59204083889156e-16 2.600000000000001 0.5000000000017226
1.59204083889156e-16 2.600000000000001 0.6000000000011432
1.592040838891559e-16 2.6 0.7000000000005453
1.59204083889156e-16 2.600000000000001 0.7999999999999472
1.59204083889156e-16 2.600000000000001 0.8999999999995987
1.653273178848927e-16 2.700000000000001 0.1000000000002958
1.653273178848927e-16 2.7 0.2000000000005774
1.653273178848927e-16 2.7 0.3000000000008519
1.653273178848927e-16 2.7 0.4000000000011266
1.653273178848927e-16 2.7 0.500000000001386
1.653273178848927e-16 2.7 0.6000000000008989
1.653273178848927e-16 2.7 0.7000000000003967
1.653273178848927e-16 2.7 0.7999999999998946
1.653273178848927e-16 2.7 0.8999999999996142
1.714505518806294e-16 2.8 0.1000000000002356
1.714505518806294e-16 2.8 0.2000000000004498
1.714505518806294e-16 2.8 0.3000000000006536
1.714505518806294e-16 2.8 0.4000000000008574
1.714505518806294e-16 2.8 0.5000000000010494
1.714505518806294e-16 2.8 0.6000000000006547
1.714505518806294e-16 2.8 0.7000000000002484
1.714505518806294e-16 2.8 0.7999999999998417
1.714505518806295e-16 2.8 0.8999999999996293
1.775737858763662e-16 2.9 0.1000000000001754
1.775737858763663e-16 2.900000000000001 0.2000000000003223
1.775737858763663e-16 2.900000000000001 0.3000000000004552
1.775737858763663e-16 2.900000000000001 0.4000000000005883
1.775737858763663e-16 2.900000000000001 0.5000000000007125
1.775737858763662e-16 2.9 0.6000000000004104
1.775737858763662e-16 2.899999999999999 0.7000000000000999
1.775737858763662e-16 2.9 0.7999999999997891
1.775737858763662e-16 2.899999999999999 0.8999999999996446
1.83697019872103e-16 3 0.1000000000001152
1.83697019872103e-16 3 0.2000000000001947
1.83697019872103e-16 3 0.3000000000002568
1.83697019872103e-16 3 0.4000000000003192
1.83697019872103e-16 3 0.5000000000003757
1.83697019872103e-16 3 0.6000000000001662
1.83697019872103e-16 3 0.6999999999999513
1.83697019872103e-16 3 0.7999999999997363
1.83697019872103e-16 3 0.89999999999966
1.898202538678397e-16 3.1 0.100000000000055
1.898202538678397e-16 3.1 0.2000000000000671
1.898202538678397e-16 3.1 0.3000000000000586
1.898202538678397e-16 3.1 0.4000000000000498
1.898202538678398e-16 3.100000000000001 0.5000000000000391
1.898202538678398e-16 3.100000000000001 0.5999999999999219
1.898202538678398e-16 3.100000000000001 0.6999999999998028
1.898202538678398e-16 3.100000000000001 0.7999999999996834
1.898202538678398e-16 3.100000000000001 0.8999999999996751
1.959434878635766e-16 3.200000000000001 0.09999999999999476
1.959434878635765e-16 3.2 0.1999999999999396
1.959434878635765e-16 3.2 0.2999999999998602
1.959434878635765e-16 3.2 0.3999999999997807
1.959434878635765e-16 3.2 0.4999999999997022
1.959434878635765e-16 3.2 0.5999999999996777
1.959434878635765e-16 3.2 0.6999999999996542
1.959434878635765e-16 3.2 0.7999999999996308
1.959434878635765e-16 3.2 0.8999999999996904
2.020667218593133e-16 3.3 0.09999999999993453
2.020667218593133e-16 3.3 0.199999999999812
2.020667218593133e-16 3.3 0.2999999999996618
2.020667218593133e-16 3.299999999999999 0.3999999999995115
2.020667218593133e-16 3.3 0.4999999999993656
2.020667218593133e-16 3.3 0.5999999999994334
2.020667218593133e-16 3.299999999999999 0.6999999999995059
2.020667218593133e-16 3.3 0.7999999999995779
2.020667218593133e-16 3.299999999999999 0.8999999999997057
2.0818995585505e-16 3.399999999999999 0.09999999999987433
2.081899558550501e-16 3.4 0.1999999999996844
2.081899558550501e-16 3.4 0.2999999999994634
2.0818995585505e-16 3.4 0.3999999999992422
2.0818995585505e-16 3.4 0.4999999999990288
2.0818995585505e-16 3.4 0.5999999999991892
2.0818995585505e-16 3.399999999999999 0.6999999999993574
2.0818995585505e-16 3.399999999999999 0.7999999999995253
2.0818995585505e-16 3.399999999999999 0.899999999999721
2 57 0 99
2288
2289
2290
2291
2292
2293
2294
2295
2296
2297
2298
2299
2300
2301
2302
2303
2304
2305
2306
2307
2308
2309
2310
2311
2312
2313
2314
2315
2316
2317
2318
2319
2320
2321
2322
2323
2324
2325
2326
2327
2328
2329
2330
2331
2332
2333
2334
2335
2336
2337
2338
2339
2340
2341
2342
2343
2344
2345
2346
2347
2348
2349
2350
2351
2352
2353
2354
2355
2356
2357
2358
2359
2360
2361
2362
2363
2364
2365
2366
2367
2368
2369
2370
2371
2372
2373
2374
2375
2376
2377
2378
2379
2380
2381
2382
2383
2384
2385
2386
-0.1666666666666665 2.6 0
-0.3333333333333331 2.6 0
-0.4999999999999998 2.6 0
-0.6666666666666665 2.6 0
-0.8333333333333333 2.6 0
-0.9999999999999999 2.6 0
-1.166666666666667 2.6 0
-1.333333333333333 2.6 0
-1.5 2.6 0
-1.666666666666667 2.6 0
-1.833333333333333 2.6 0
-0.1666666666666665 2.7 0
-0.3333333333333331 2.7 0
-0.4999999999999998 2.7 0
-0.6666666666666665 2.7 0
-0.8333333333333333 2.7 0
-0.9999999999999999 2.7 0
-1.166666666666667 2.7 0
-1.333333333333333 2.7 0
-1.5 2.7 0
-1.666666666666667 2.7 0
-1.833333333333333 2.7 0
-0.1666666666666665 2.8 0
-0.3333333333333331 2.8 0
-0.4999999999999998 2.8 0
-0.6666666666666664 2.8 0
-0.8333333333333331 2.8 0
-0.9999999999999998 2.8 0
-1.166666666666667 2.8 0
-1.333333333333333 2.8 0
-1.5 2.8 0
-1.666666666666667 2.8 0
-1.833333333333333 2.8 0
-0.1666666666666665 2.9 0
-0.3333333333333331 2.9 0
-0.4999999999999998 2.9 0
-0.6666666666666664 2.9 0
-0.8333333333333331 2.9 0
-0.9999999999999998 2.9 0
-1.166666666666667 2.9 0
-1.333333333333333 2.9 0
-1.5 2.9 0
-1.666666666666667 2.9 0
-1.833333333333333 2.9 0
-0.1666666666666665 3 0
-0.3333333333333331 3 0
-0.4999999999999998 3 0
-0.6666666666666664 3 0
-0.8333333333333331 3 0
-0.9999999999999998 3 0
-1.166666666666667 3 0
-1.333333333333333 3 0
-1.5 3 0
-1.666666666666667 3 0
-1.833333333333333 3 0
-0.1666666666666665 3.1 0
-0.3333333333333331 3.1 0
-0.4999999999999998 3.1 0
-0.6666666666666664 3.1 0
-0.8333333333333331 3.1 0
-0.9999999999999998 3.1 0
-1.166666666666667 3.1 0
-1.333333333333333 3.1 0
-1.5 3.1 0
-1.666666666666667 3.1 0
-1.833333333333333 3.1 0
-0.1666666666666665 3.2 0
-0.3333333333333331 3.2 0
-0.4999999999999998 3.2 0
-0.6666666666666664 3.2 0
-0.8333333333333331 3.2 0
-0.9999999999999998 3.2 0
-1.166666666666667 3.2 0
-1.333333333333333 3.2 0
-1.5 3.2 0
-1.666666666666667 3.2 0
-1.833333333333333 3.2 0
-0.1666666666666665 3.3 0
-0.3333333333333331 3.3 0
-0.4999999999999998 3.3 0
-0.6666666666666664 3.3 0
-0.8333333333333331 3.3 0
-0.9999999999999998 3.3 0
-1.166666666666667 3.3 0
-1.333333333333333 3.3 0
-1.5 3.3 0
-1.666666666666667 3.3 0
-1.833333333333333 3.3 0
-0.1666666666666664 3.4 0
-0.3333333333333331 3.4 0
-0.4999999999999998 3.4 0
-0.6666666666666664 3.4 0
-0.8333333333333331 3.4 0
-0.9999999999999998 3.4 0
-1.166666666666667 3.4 0
-1.333333333333333 3.4 0
-1.5 3.4 0
-1.666666666666667 3.4 0
-1.833333333333333 3.4 0
2 61 0 99
2387
2388
2389
2390
2391
2392
2393
2394
2395
2396
2397
2398
2399
2400
2401
2402
2403
2404
2405
2406
2407
2408
2409
2410
2411
2412
2413
2414
2415
2416
2417
2418
2419
2420
2421
2422
2423
2424
2425
2426
2427
2428
2429
2430
2431
2432
2433
2434
2435
2436
2437
2438
2439
2440
2441
2442
2443
2444
2445
2446
2447
2448
2449
2450
2451
2452
2453
2454
2455
2456
2457
2458
2459
2460
2461
2462
2463
2464
2465
2466
2467
2468
2469
2470
2471
2472
2473
2474
2475
2476
2477
2478
2479
2480
2481
2482
2483
2484
2485
-0.1666666666666664 3.5 0.09999999999981413
-0.3333333333333331 3.5 0.09999999999981413
-0.4999999999999998 3.5 0.09999999999981413
-0.6666666666666664 3.5 0.09999999999981413
-0.8333333333333331 3.5 0.09999999999981413
-0.9999999999999998 3.5 0.09999999999981413
-1.166666666666667 3.5 0.09999999999981413
-1.333333333333333 3.5 0.09999999999981413
-1.5 3.5 0.09999999999981413
-1.666666666666667 3.5 0.09999999999981413
-1.833333333333333 3.5 0.09999999999981413
-0.1666666666666664 3.5 0.1999999999995569
-0.3333333333333331 3.5 0.1999999999995569
-0.4999999999999998 3.5 0.1999999999995569
-0.6666666666666664 3.5 0.1999999999995569
-0.8333333333333331 3.5 0.1999999999995569
-0.9999999999999998 3.5 0.1999999999995569
-1.166666666666667 3.5 0.1999999999995569
-1.333333333333333 3.5 0.1999999999995569
-1.5 3.5 0.1999999999995569
-1.666666666666667 3.5 0.1999999999995569
-1.833333333333333 3.5 0.1999999999995569
-0.1666666666666664 3.5 0.299999999999265
-0.3333333333333331 3.5 0.299999999999265
-0.4999999999999998 3.5 0.299999999999265
-0.6666666666666664 3.5 0.299999999999265
-0.8333333333333331 3.5 0.299999999999265
-0.9999999999999998 3.5 0.299999999999265
-1.166666666666667 3.5 0.299999999999265
-1.333333333333333 3.5 0.299999999999265
-1.5 3.5 0.299999999999265
-1.666666666666667 3.5 0.299999999999265
-1.833333333333333 3.5 0.299999999999265
-0.1666666666666664 3.5 0.3999999999989731
-0.3333333333333331 3.5 0.3999999999989731
-0.4999999999999998 3.5 0.3999999999989731
-0.6666666666666664 3.5 0.3999999999989731
-0.8333333333333331 3.5 0.3999999999989731
-0.9999999999999998 3.5 0.3999999999989731
-1.166666666666667 3.5 0.3999999999989731
-1.333333333333333 3.5 0.3999999999989731
-1.5 3.5 0.3999999999989731
-1.666666666666667 3.5 0.3999999999989731
-1.833333333333333 3.5 0.3999999999989731
-0.1666666666666664 3.5 0.4999999999986921
-0.3333333333333331 3.5 0.4999999999986921
-0.4999999999999998 3.5 0.4999999999986921
-0.6666666666666664 3.5 0.4999999999986921
-0.8333333333333331 3.5 0.4999999999986921
-0.9999999999999998 3.5 0.4999999999986921
-1.166666666666667 3.5 0.4999999999986921
-1.333333333333333 3.5 0.4999999999986921
-1.5 3.5 0.4999999999986921
-1.666666666666667 3.5 0.4999999999986921
-1.833333333333333 3.5 0.4999999999986921
-0.1666666666666664 3.5 0.599999999998945
-0.3333333333333331 3.5 0.599999999998945
-0.4999999999999998 3.5 0.599999999998945
-0.6666666666666664 3.5 0.599999999998945
-0.8333333333333331 3.5 0.599999999998945
-0.9999999999999998 3.5 0.599999999998945
-1.166666666666667 3.5 0.599999999998945
-1.333333333333333 3.5 0.599999999998945
-1.5 3.5 0.599999999998945
-1.666666666666667 3.5 0.599999999998945
-1.833333333333333 3.5 0.599999999998945
-0.1666666666666664 3.5 0.6999999999992088
-0.3333333333333331 3.5 0.6999999999992088
-0.4999999999999998 3.5 0.6999999999992088
-0.6666666666666664 3.5 0.6999999999992088
-0.8333333333333331 3.5 0.6999999999992088
-0.9999999999999998 3.5 0.6999999999992088
-1.166666666666667 3.5 0.6999999999992088
-1.333333333333333 3.5 0.6999999999992088
-1.5 3.5 0.6999999999992088
-1.666666666666667 3.5 0.6999999999992088
-1.833333333333333 3.5 0.6999999999992088
-0.1666666666666664 3.5 0.7999999999994725
-0.3333333333333331 3.5 0.7999999999994725
-0.4999999999999998 3.5 0.7999999999994725
-0.6666666666666664 3.5 0.7999999999994725
-0.8333333333333331 3.5 0.7999999999994725
-0.9999999999999998 3.5 0.7999999999994725
-1.166666666666667 3.5 0.7999999999994725
-1.333333333333333 3.5 0.7999999999994725
-1.5 3.5 0.7999999999994725
-1.666666666666667 3.5 0.7999999999994725
-1.833333333333333 3.5 0.7999999999994725
-0.1666666666666664 3.5 0.8999999999997362
-0.3333333333333331 3.5 0.8999999999997362
-0.4999999999999998 3.5 0.8999999999997362
-0.6666666666666664 3.5 0.8999999999997362
-0.8333333333333331 3.5 0.8999999999997362
-0.9999999999999998 3.5 0.8999999999997362
-1.166666666666667 3.5 0.8999999999997362
-1.333333333333333 3.5 0.8999999999997362
-1.5 3.5 0.8999999999997362
-1.666666666666667 3.5 0.8999999999997362
-1.833333333333333 3.5 0.8999999999997362
2 65 0 99
2486
2487
2488
2489
2490
2491
2492
2493
2494
2495
2496
2497
2498
2499
2500
2501
2502
2503
2504
2505
2506
2507
2508
2509
2510
2511
2512
2513
2514
2515
2516
2517
2518
2519
2520
2521
2522
2523
2524
2525
2526
2527
2528
2529
2530
2531
2532
2533
2534
2535
2536
2537
2538
2539
2540
2541
2542
2543
2544
2545
2546
2547
2548
2549
2550
2551
2552
2553
2554
2555
2556
2557
2558
2559
2560
2561
2562
2563
2564
2565
2566
2567
2568
2569
2570
2571
2572
2573
2574
2575
2576
2577
2578
2579
2580
2581
2582
2583
2584
-0.1666666666666664 3.4 1
-0.3333333333333331 3.4 1
-0.4999999999999998 3.4 1
-0.6666666666666664 3.4 1
-0.8333333333333331 3.4 1
-0.9999999999999998 3.4 1
-1.166666666666667 3.4 1
-1.333333333333333 3.4 1
-1.5 3.4 1
-1.666666666666667 3.4 1
-1.833333333333333 3.4 1
-0.1666666666666665 3.3 1
-0.3333333333333331 3.3 1
-0.4999999999999998 3.3 1
-0.6666666666666664 3.3 1
-0.8333333333333331 3.3 1
-0.9999999999999998 3.3 1
-1.166666666666667 3.3 1
-1.333333333333333 3.3 1
-1.5 3.3 1
-1.666666666666667 3.3 1
-1.833333333333333 3.3 1
-0.1666666666666665 3.2 1
-0.3333333333333331 3.2 1
-0.4999999999999998 3.2 1
-0.6666666666666664 3.2 1
-0.8333333333333331 3.2 1
-0.9999999999999998 3.2 1
-1.166666666666667 3.2 1
-1.333333333333333 3.2 1
-1.5 3.2 1
-1.666666666666667 3.2 1
-1.833333333333333 3.2 1
-0.1666666666666665 3.1 1
-0.3333333333333331 3.1 1
-0.4999999999999998 3.1 1
-0.6666666666666664 3.1 1
-0.8333333333333331 3.1 1
-0.9999999999999998 3.1 1
-1.166666666666667 3.1 1
-1.333333333333333 3.1 1
-1.5 3.1 1
-1.666666666666667 3.1 1
-1.833333333333333 3.1 1
-0.1666666666666665 3 1
-0.3333333333333331 3 1
-0.4999999999999998 3 1
-0.6666666666666664 3 1
-0.8333333333333331 3 1
-0.9999999999999998 3 1
-1.166666666666667 3 1
-1.333333333333333 3 1
-1.5 3 1
-1.666666666666667 3 1
-1.833333333333333 3 1
-0.1666666666666665 2.9 1
-0.3333333333333331 2.9 1
-0.4999999999999998 2.9 1
-0.6666666666666664 2.9 1
-0.8333333333333331 2.9 1
-0.9999999999999998 2.9 1
-1.166666666666667 2.9 1
-1.333333333333333 2.9 1
-1.5 2.9 1
-1.666666666666667 2.9 1
-1.833333333333333 2.9 1
-0.1666666666666665 2.8 1
-0.3333333333333331 2.8 1
-0.4999999999999998 2.8 1
-0.6666666666666664 2.8 1
-0.8333333333333331 2.8 1
-0.9999999999999998 2.8 1
-1.166666666666667 2.8 1
-1.333333333333333 2.8 1
-1.5 2.8 1
-1.666666666666667 2.8 1
-1.833333333333333 2.8 1
-0.1666666666666665 2.7 1
-0.3333333333333331 2.7 1
-0.4999999999999998 2.7 1
-0.6666666666666665 2.7 1
-0.8333333333333333 2.7 1
-0.9999999999999999 2.7 1
-1.166666666666667 2.7 1
-1.333333333333333 2.7 1
-1.5 2.7 1
-1.666666666666667 2.7 1
-1.833333333333333 2.7 1
-0.1666666666666665 2.6 1
-0.3333333333333331 2.6 1
-0.4999999999999998 2.6 1
-0.6666666666666665 2.6 1
-0.8333333333333333 2.6 1
-0.9999999999999999 2.6 1
-1.166666666666667 2.6 1
-1.333333333333333 2.6 1
-1.5 2.6 1
-1.666666666666667 2.6 1
-1.833333333333333 2.6 1
2 69 0 99
2585
2586
2587
2588
2589
2590
2591
2592
2593
2594
2595
2596
2597
2598
2599
2600
2601
2602
2603
2604
2605
2606
2607
2608
2609
2610
2611
2612
2613
2614
2615
2616
2617
2618
2619
2620
2621
2622
2623
2624
2625
2626
2627
2628
2629
2630
2631
2632
2633
2634
2635
2636
2637
2638
2639
2640
2641
2642
2643
2644
2645
2646
2647
2648
2649
2650
2651
2652
2653
2654
2655
2656
2657
2658
2659
2660
2661
2662
2663
2664
2665
2666
2667
2668
2669
2670
2671
2672
2673
2674
2675
2676
2677
2678
2679
2680
2681
2682
2683
-0.1666666666666665 2.5 0.8999999999995836
-0.3333333333333331 2.5 0.8999999999995836
-0.4999999999999998 2.5 0.8999999999995836
-0.6666666666666665 2.5 0.8999999999995836
-0.8333333333333333 2.5 0.8999999999995836
-0.9999999999999999 2.5 0.8999999999995836
-1.166666666666667 2.5 0.8999999999995836
-1.333333333333333 2.5 0.8999999999995836
-1.5 2.5 0.8999999999995836
-1.666666666666667 2.5 0.8999999999995836
-1.833333333333333 2.5 0.8999999999995836
-0.1666666666666665 2.5 0.8
-0.3333333333333331 2.5 0.8
-0.4999999999999998 2.5 0.8
-0.6666666666666665 2.5 0.8
-0.8333333333333333 2.5 0.8
-0.9999999999999999 2.5 0.8
-1.166666666666667 2.5 0.8
-1.333333333333333 2.5 0.8
-1.5 2.5 0.8
-1.666666666666667 2.5 0.8
-1.833333333333333 2.5 0.8
-0.1666666666666665 2.5 0.7000000000006938
-0.3333333333333331 2.5 0.7000000000006938
-0.4999999999999998 2.5 0.7000000000006938
-0.6666666666666665 2.5 0.7000000000006938
-0.8333333333333333 2.5 0.7000000000006938
-0.9999999999999999 2.5 0.7000000000006938
-1.166666666666667 2.5 0.7000000000006938
-1.333333333333333 2.5 0.7000000000006938
-1.5 2.5 0.7000000000006938
-1.666666666666667 2.5 0.7000000000006938
-1.833333333333333 2.5 0.7000000000006938
-0.1666666666666665 2.5 0.6000000000013874
-0.3333333333333331 2.5 0.6000000000013874
-0.4999999999999998 2.5 0.6000000000013874
-0.6666666666666665 2.5 0.6000000000013874
-0.8333333333333333 2.5 0.6000000000013874
-0.9999999999999999 2.5 0.6000000000013874
-1.166666666666667 2.5 0.6000000000013874
-1.333333333333333 2.5 0.6000000000013874
-1.5 2.5 0.6000000000013874
-1.666666666666667 2.5 0.6000000000013874
-1.833333333333333 2.5 0.6000000000013874
-0.1666666666666665 2.5 0.5000000000020595
-0.3333333333333331 2.5 0.5000000000020595
-0.4999999999999998 2.5 0.5000000000020595
-0.6666666666666665 2.5 0.5000000000020595
-0.8333333333333333 2.5 0.5000000000020595
-0.9999999999999999 2.5 0.5000000000020595
-1.166666666666667 2.5 0.5000000000020595
-1.333333333333333 2.5 0.5000000000020595
-1.5 2.5 0.5000000000020595
-1.666666666666667 2.5 0.5000000000020595
-1.833333333333333 2.5 0.5000000000020595
-0.1666666666666665 2.5 0.400000000001665
-0.3333333333333331 2.5 0.400000000001665
-0.4999999999999998 2.5 0.400000000001665
-0.6666666666666665 2.5 0.400000000001665
-0.8333333333333333 2.5 0.400000000001665
-0.9999999999999999 2.5 0.400000000001665
-1.166666666666667 2.5 0.400000000001665
-1.333333333333333 2.5 0.400000000001665
-1.5 2.5 0.400000000001665
-1.666666666666667 2.5 0.400000000001665
-1.833333333333333 2.5 0.400000000001665
-0.1666666666666665 2.5 0.3000000000012487
-0.3333333333333331 2.5 0.3000000000012487
-0.4999999999999998 2.5 0.3000000000012487
-0.6666666666666665 2.5 0.3000000000012487
-0.8333333333333333 2.5 0.3000000000012487
-0.9999999999999999 2.5 0.3000000000012487
-1.166666666666667 2.5 0.3000000000012487
-1.333333333333333 2.5 0.3000000000012487
-1.5 2.5 0.3000000000012487
-1.666666666666667 2.5 0.3000000000012487
-1.833333333333333 2.5 0.3000000000012487
-0.1666666666666665 2.5 0.2000000000008325
-0.3333333333333331 2.5 0.2000000000008325
-0.4999999999999998 2.5 0.2000000000008325
-0.6666666666666665 2.5 0.2000000000008325
-0.8333333333333333 2.5 0.2000000000008325
-0.9999999999999999 2.5 0.2000000000008325
-1.166666666666667 2.5 0.2000000000008325
-1.333333333333333 2.5 0.2000000000008325
-1.5 2.5 0.2000000000008325
-1.666666666666667 2.5 0.2000000000008325
-1.833333333333333 2.5 0.2000000000008325
-0.1666666666666665 2.5 0.1000000000004162
-0.3333333333333331 2.5 0.1000000000004162
-0.4999999999999998 2.5 0.1000000000004162
-0.6666666666666665 2.5 0.1000000000004162
-0.8333333333333333 2.5 0.1000000000004162
-0.9999999999999999 2.5 0.1000000000004162
-1.166666666666667 2.5 0.1000000000004162
-1.333333333333333 2.5 0.1000000000004162
-1.5 2.5 0.1000000000004162
-1.666666666666667 2.5 0.1000000000004162
-1.833333333333333 2.5 0.1000000000004162
2 70 0 81
2684
2685
2686
2687
2688
2689
2690
2691
2692
2693
2694
2695
2696
2697
2698
2699
2700
2701
2702
2703
2704
2705
2706
2707
2708
2709
2710
2711
2712
2713
2714
2715
2716
2717
2718
2719
2720
2721
2722
2723
2724
2725
2726
2727
2728
2729
2730
2731
2732
2733
2734
2735
2736
2737
2738
2739
2740
2741
2742
2743
2744
2745
2746
2747
2748
2749
2750
2751
2752
2753
2754
2755
2756
2757
2758
2759
2760
2761
2762
2763
2764
-2 2.6 0.100000000000356
-2 2.6 0.2000000000007049
-2 2.600000000000001 0.3000000000010504
-2 2.600000000000001 0.4000000000013959
-2 2.600000000000001 0.5000000000017226
-2 2.600000000000001 0.6000000000011432
-2 2.6 0.7000000000005453
-2 2.600000000000001 0.7999999999999472
-2 2.600000000000001 0.8999999999995987
-2 2.700000000000001 0.1000000000002958
-2 2.7 0.2000000000005774
-2 2.7 0.3000000000008519
-2 2.7 0.4000000000011266
-2 2.7 0.500000000001386
-2 2.7 0.6000000000008989
-2 2.7 0.7000000000003967
-2 2.7 0.7999999999998946
-2 2.7 0.8999999999996142
-2 2.8 0.1000000000002356
-2 2.8 0.2000000000004498
-2 2.8 0.3000000000006536
-2 2.8 0.4000000000008574
-2 2.8 0.5000000000010494
-2 2.8 0.6000000000006547
-2 2.8 0.7000000000002484
-2 2.8 0.7999999999998417
-2 2.8 0.8999999999996293
-2 2.9 0.1000000000001754
-2 2.900000000000001 0.2000000000003223
-2 2.900000000000001 0.3000000000004552
-2 2.900000000000001 0.4000000000005883
-2 2.900000000000001 0.5000000000007125
-2 2.9 0.6000000000004104
-2 2.899999999999999 0.7000000000000999
-2 2.9 0.7999999999997891
-2 2.899999999999999 0.8999999999996446
-2 3 0.1000000000001152
-2 3 0.2000000000001947
-2 3 0.3000000000002568
-2 3 0.4000000000003192
-2 3 0.5000000000003757
-2 3 0.6000000000001662
-2 3 0.6999999999999513
-2 3 0.7999999999997363
-2 3 0.89999999999966
-2 3.1 0.100000000000055
-2 3.1 0.2000000000000671
-2 3.1 0.3000000000000586
-2 3.1 0.4000000000000498
-2 3.100000000000001 0.5000000000000391
-2 3.100000000000001 0.5999999999999219
-2 3.100000000000001 0.6999999999998028
-2 3.100000000000001 0.7999999999996834
-2 3.100000000000001 0.8999999999996751
-2 3.200000000000001 0.09999999999999476
-2 3.2 0.1999999999999396
-2 3.2 0.2999999999998602
-2 3.2 0.3999999999997807
-2 3.2 0.4999999999997022
-2 3.2 0.5999999999996777
-2 3.2 0.6999999999996542
-2 3.2 0.7999999999996308
-2 3.2 0.8999999999996904
-2 3.3 0.09999999999993453
-2 3.3 0.199999999999812
-2 3.3 0.2999999999996618
-2 3.299999999999999 0.3999999999995115
-2 3.3 0.4999999999993656
-2 3.3 0.5999999999994334
-2 3.299999999999999 0.6999999999995059
-2 3.3 0.7999999999995779
-2 3.299999999999999 0.8999999999997057
-2 3.399999999999999 0.09999999999987433
-2 3.4 0.1999999999996844
-2 3.4 0.2999999999994634
-2 3.4 0.3999999999992422
-2 3.4 0.4999999999990288
-2 3.4 0.5999999999991892
-2 3.399999999999999 0.6999999999993574
-2 3.399999999999999 0.7999999999995253
-2 3.399999999999999 0.899999999999721
3 1 0 891
2765
2766
2767
2768
2769
2770
2771
2772
2773
2774
2775
2776
2777
2778
2779
2780
2781
2782
2783
2784
2785
2786
2787
2788
2789
2790
2791
2792
2793
2794
2795
2796
2797
2798
2799
2800
2801
2802
2803
2804
2805
2806
2807
2808
2809
2810
2811
2812
2813
2814
2815
2816
2817
2818
2819
2820
2821
2822
2823
2824
2825
2826
2827
2828
2829
2830
2831
2832
2833
2834
2835
2836
2837
2838
2839
2840
2841
2842
2843
2844
2845
2846
2847
2848
2849
2850
2851
2852
2853
2854
2855
2856
2857
2858
2859
2860
2861
2862
2863
2864
2865
2866
2867
2868
2869
2870
2871
2872
2873
2874
2875
2876
2877
2878
2879
2880
2881
2882
2883
2884
2885
2886
2887
2888
2889
2890
2891
2892
2893
2894
2895
2896
2897
2898
2899
2900
2901
2902
2903
2904
2905
2906
2907
2908
2909
2910
2911
2912
2913
2914
2915
2916
2917
2918
2919
2920
2921
2922
2923
2924
2925
2926
2927
2928
2929
2930
2931
2932
2933
2934
2935
2936
2937
2938
2939
2940
2941
2942
2943
2944
2945
2946
2947
2948
2949
2950
2951
2952
2953
2954
2955
2956
2957
2958
2959
2960
2961
2962
2963
2964
2965
2966
2967
2968
2969
2970
2971
2972
2973
2974
2975
2976
2977
2978
2979
2980
2981
2982
2983
2984
2985
2986
2987
2988
2989
2990
2991
2992
2993
2994
2995
2996
2997
2998
2999
3000
3001
3002
3003
3004
3005
3006
3007
3008
3009
3010
3011
3012
3013
3014
3015
3016
3017
3018
3019
3020
3021
3022
3023
3024
3025
3026
3027
3028
3029
3030
3031
3032
3033
3034
3035
3036
3037
3038
3039
3040
3041
3042
3043
3044
3045
3046
3047
3048
3049
3050
3051
3052
3053
3054
3055
3056
3057
3058
3059
3060
3061
3062
3063
3064
3065
3066
3067
3068
3069
3070
3071
3072
3073
3074
3075
3076
3077
3078
3079
3080
3081
3082
3083
3084
3085
3086
3087
3088
3089
3090
3091
3092
3093
3094
3095
3096
3097
3098
3099
3100
3101
3102
3103
3104
3105
3106
3107
3108
3109
3110
3111
3112
3113
3114
3115
3116
3117
3118
3119
3120
3121
3122
3123
3124
3125
3126
3127
3128
3129
3130
3131
3132
3133
3134
3135
3136
3137
3138
3139
3140
3141
3142
3143
3144
3145
3146
3147
3148
3149
3150
3151
3152
3153
3154
3155
3156
3157
3158
3159
3160
3161
3162
3163
3164
3165
3166
3167
3168
3169
3170
3171
3172
3173
3174
3175
3176
3177
3178
3179
3180
3181
3182
3183
3184
3185
3186
3187
3188
3189
3190
3191
3192
3193
3194
3195
3196
3197
3198
3199
3200
3201
3202
3203
3204
3205
3206
3207
3208
3209
3210
3211
3212
3213
3214
3215
3216
3217
3218
3219
3220
3221
3222
3223
3224
3225
3226
3227
3228
3229
3230
3231
3232
3233
3234
3235
3236
3237
3238
3239
3240
3241
3242
3243
3244
3245
3246
3247
3248
3249
3250
3251
3252
3253
3254
3255
3256
3257
3258
3259
3260
3261
3262
3263
3264
3265
3266
3267
3268
3269
3270
3271
3272
3273
3274
3275
3276
3277
3278
3279
3280
3281
3282
3283
3284
3285
3286
3287
3288
3289
3290
3291
3292
3293
3294
3295
3296
3297
3298
3299
3300
3301
3302
3303
3304
3305
3306
3307
3308
3309
3310
3311
3312
3313
3314
3315
3316
3317
3318
3319
3320
3321
3322
3323
3324
3325
3326
3327
3328
3329
3330
3331
3332
3333
3334
3335
3336
3337
3338
3339
3340
3341
3342
3343
3344
3345
3346
3347
3348
3349
3350
3351
3352
3353
3354
3355
3356
3357
3358
3359
3360
3361
3362
3363
3364
3365
3366
3367
3368
3369
3370
3371
3372
3373
3374
3375
3376
3377
3378
3379
3380
3381
3382
3383
3384
3385
3386
3387
3388
3389
3390
3391
3392
3393
3394
3395
3396
3397
3398
3399
3400
3401
3402
3403
3404
3405
3406
3407
3408
3409
3410
3411
3412
3413
3414
3415
3416
3417
3418
3419
3420
3421
3422
3423
3424
3425
3426
3427
3428
3429
3430
3431
3432
3433
3434
3435
3436
3437
3438
3439
3440
3441
3442
3443
3444
3445
3446
3447
3448
3449
3450
3451
3452
3453
3454
3455
3456
3457
3458
3459
3460
3461
3462
3463
3464
3465
3466
3467
3468
3469
3470
3471
3472
3473
3474
3475
3476
3477
3478
3479
3480
3481
3482
3483
3484
3485
3486
3487
3488
3489
3490
3491
3492
3493
3494
3495
3496
3497
3498
3499
3500
3501
3502
3503
3504
3505
3506
3507
3508
3509
3510
3511
3512
3513
3514
3515
3516
3517
3518
3519
3520
3521
3522
3523
3524
3525
3526
3527
3528
3529
3530
3531
3532
3533
3534
3535
3536
3537
3538
3539
3540
3541
3542
3543
3544
3545
3546
3547
3548
3549
3550
3551
3552
3553
3554
3555
3556
3557
3558
3559
3560
3561
3562
3563
3564
3565
3566
3567
3568
3569
3570
3571
3572
3573
3574
3575
3576
3577
3578
3579
3580
3581
3582
3583
3584
3585
3586
3587
3588
3589
3590
3591
3592
3593
3594
3595
3596
3597
3598
3599
3600
3601
3602
3603
3604
3605
3606
3607
3608
3609
3610
3611
3612
3613
3614
3615
3616
3617
3618
3619
3620
3621
3622
3623
3624
3625
3626
3627
3628
3629
3630
3631
3632
3633
3634
3635
3636
3637
3638
3639
3640
3641
3642
3643
3644
3645
3646
3647
3648
3649
3650
3651
3652
3653
3654
3655
2.6 -1.833333333333333 0.100000000000356
2.6 -1.666666666666667 0.100000000000356
2.6 -1.5 0.100000000000356
2.6 -1.333333333333333 0.100000000000356
2.6 -1.166666666666667 0.100000000000356
2.6 -1 0.100000000000356
2.6 -0.8333333333333333 0.100000000000356
2.6 -0.6666666666666667 0.100000000000356
2.6 -0.5 0.100000000000356
2.6 -0.3333333333333333 0.100000000000356
2.6 -0.1666666666666667 0.100000000000356
2.6 -1.833333333333333 0.2000000000007049
2.6 -1.666666666666667 0.2000000000007049
2.6 -1.5 0.2000000000007049
2.6 -1.333333333333333 0.2000000000007049
2.6 -1.166666666666667 0.2000000000007049
2.6 -1 0.2000000000007049
2.6 -0.8333333333333333 0.2000000000007049
2.6 -0.6666666666666667 0.2000000000007049
2.6 -0.5 0.2000000000007049
2.6 -0.3333333333333333 0.2000000000007049
2.6 -0.1666666666666667 0.2000000000007049
2.600000000000001 -1.833333333333333 0.3000000000010504
2.600000000000001 -1.666666666666667 0.3000000000010504
2.600000000000001 -1.5 0.3000000000010504
2.600000000000001 -1.333333333333333 0.3000000000010504
2.600000000000001 -1.166666666666667 0.3000000000010504
2.600000000000001 -1 0.3000000000010504
2.600000000000001 -0.8333333333333333 0.3000000000010504
2.600000000000001 -0.6666666666666667 0.3000000000010504
2.600000000000001 -0.5 0.3000000000010504
2.600000000000001 -0.3333333333333333 0.3000000000010504
2.600000000000001 -0.1666666666666667 0.3000000000010504
2.600000000000001 -1.833333333333333 0.4000000000013959
2.600000000000001 -1.666666666666667 0.4000000000013959
2.600000000000001 -1.5 0.4000000000013959
2.600000000000001 -1.333333333333333 0.4000000000013959
2.600000000000001 -1.166666666666667 0.4000000000013959
2.600000000000001 -1 0.4000000000013959
2.600000000000001 -0.8333333333333333 0.4000000000013959
2.600000000000001 -0.6666666666666667 0.4000000000013959
2.600000000000001 -0.5 0.4000000000013959
2.600000000000001 -0.3333333333333333 0.4000000000013959
2.600000000000001 -0.1666666666666667 0.4000000000013959
2.600000000000001 -1.833333333333333 0.5000000000017226
2.600000000000001 -1.666666666666667 0.5000000000017226
2.600000000000001 -1.5 0.5000000000017226
2.600000000000001 -1.333333333333333 0.5000000000017226
2.600000000000001 -1.166666666666667 0.5000000000017226
2.600000000000001 -1 0.5000000000017226
2.600000000000001 -0.8333333333333333 0.5000000000017226
2.600000000000001 -0.6666666666666667 0.5000000000017226
2.600000000000001 -0.5 0.5000000000017226
2.600000000000001 -0.3333333333333333 0.5000000000017226
2.600000000000001 -0.1666666666666667 0.5000000000017226
2.600000000000001 -1.833333333333333 0.6000000000011432
2.600000000000001 -1.666666666666667 0.6000000000011432
2.600000000000001 -1.5 0.6000000000011432
2.600000000000001 -1.333333333333333 0.6000000000011432
2.600000000000001 -1.166666666666667 0.6000000000011432
2.600000000000001 -1 0.6000000000011432
2.600000000000001 -0.8333333333333333 0.6000000000011432
2.600000000000001 -0.6666666666666667 0.6000000000011432
2.600000000000001 -0.5 0.6000000000011432
2.600000000000001 -0.3333333333333333 0.6000000000011432
2.600000000000001 -0.1666666666666667 0.6000000000011432
2.6 -1.833333333333333 0.7000000000005453
2.6 -1.666666666666667 0.7000000000005453
2.6 -1.5 0.7000000000005453
2.6 -1.333333333333333 0.7000000000005453
2.6 -1.166666666666667 0.7000000000005453
2.6 -1 0.7000000000005453
2.6 -0.8333333333333333 0.7000000000005453
2.6 -0.6666666666666667 0.7000000000005453
2.6 -0.5 0.7000000000005453
2.6 -0.3333333333333333 0.7000000000005453
2.6 -0.1666666666666667 0.7000000000005453
2.600000000000001 -1.833333333333333 0.7999999999999472
2.600000000000001 -1.666666666666667 0.7999999999999472
2.600000000000001 -1.5 0.7999999999999472
2.600000000000001 -1.333333333333333 0.7999999999999472
2.600000000000001 -1.166666666666667 0.7999999999999472
2.600000000000001 -1 0.7999999999999472
2.600000000000001 -0.8333333333333333 0.7999999999999472
2.600000000000001 -0.6666666666666667 0.7999999999999472
2.600000000000001 -0.5 0.7999999999999472
2.600000000000001 -0.3333333333333333 0.7999999999999472
2.600000000000001 -0.1666666666666667 0.7999999999999472
2.600000000000001 -1.833333333333333 0.8999999999995987
2.600000000000001 -1.666666666666667 0.8999999999995987
2.600000000000001 -1.5 0.8999999999995987
2.600000000000001 -1.333333333333333 0.8999999999995987
2.600000000000001 -1.166666666666667 0.8999999999995987
2.600000000000001 -1 0.8999999999995987
2.600000000000001 -0.8333333333333333 0.8999999999995987
2.600000000000001 -0.6666666666666667 0.8999999999995987
2.600000000000001 -0.5 0.8999999999995987
2.600000000000001 -0.3333333333333333 0.8999999999995987
2.600000000000001 -0.1666666666666667 0.8999999999995987
2.700000000000001 -1.833333333333333 0.1000000000002958
2.700000000000001 -1.666666666666667 0.1000000000002958
2.700000000000001 -1.5 0.1000000000002958
2.700000000000001 -1.333333333333333 0.1000000000002958
2.700000000000001 -1.166666666666667 0.1000000000002958
2.700000000000001 -1 0.1000000000002958
2.700000000000001 -0.8333333333333333 0.1000000000002958
2.700000000000001 -0.6666666666666667 0.1000000000002958
2.700000000000001 -0.5 0.1000000000002958
2.700000000000001 -0.3333333333333333 0.1000000000002958
2.700000000000001 -0.1666666666666667 0.1000000000002958
2.7 -1.833333333333333 0.2000000000005774
2.7 -1.666666666666667 0.2000000000005774
2.7 -1.5 0.2000000000005774
2.7 -1.333333333333333 0.2000000000005774
2.7 -1.166666666666667 0.2000000000005774
2.7 -1 0.2000000000005774
2.7 -0.8333333333333333 0.2000000000005774
2.7 -0.6666666666666667 0.2000000000005774
2.7 -0.5 0.2000000000005774
2.7 -0.3333333333333333 0.2000000000005774
2.7 -0.1666666666666667 0.2000000000005774
2.7 -1.833333333333333 0.3000000000008519
2.7 -1.666666666666667 0.3000000000008519
2.7 -1.5 0.3000000000008519
2.7 -1.333333333333333 0.3000000000008519
2.7 -1.166666666666667 0.3000000000008519
2.7 -1 0.3000000000008519
2.7 -0.8333333333333333 0.3000000000008519
2.7 -0.6666666666666667 0.3000000000008519
2.7 -0.5 0.3000000000008519
2.7 -0.3333333333333333 0.3000000000008519
2.7 -0.1666666666666667 0.3000000000008519
2.7 -1.833333333333333 0.4000000000011266
2.7 -1.666666666666667 0.4000000000011266
2.7 -1.5 0.4000000000011266
2.7 -1.333333333333333 0.4000000000011266
2.7 -1.166666666666667 0.4000000000011266
2.7 -1 0.4000000000011266
2.7 -0.8333333333333333 0.4000000000011266
2.7 -0.6666666666666667 0.4000000000011266
2.7 -0.5 0.4000000000011266
2.7 -0.3333333333333333 0.4000000000011266
2.7 -0.1666666666666667 0.4000000000011266
2.7 -1.833333333333333 0.500000000001386
2.7 -1.666666666666667 0.500000000001386
2.7 -1.5 0.500000000001386
2.7 -1.333333333333333 0.500000000001386
2.7 -1.166666666666667 0.500000000001386
2.7 -1 0.500000000001386
2.7 -0.8333333333333333 0.500000000001386
2.7 -0.6666666666666667 0.500000000001386
2.7 -0.5 0.500000000001386
2.7 -0.3333333333333333 0.500000000001386
2.7 -0.1666666666666667 0.500000000001386
2.7 -1.833333333333333 0.6000000000008989
2.7 -1.666666666666667 0.6000000000008989
2.7 -1.5 0.6000000000008989
2.7 -1.333333333333333 0.6000000000008989
2.7 -1.166666666666667 0.6000000000008989
2.7 -1 0.6000000000008989
2.7 -0.8333333333333333 0.6000000000008989
2.7 -0.6666666666666667 0.6000000000008989
2.7 -0.5 0.6000000000008989
2.7 -0.3333333333333333 0.6000000000008989
2.7 -0.1666666666666667 0.6000000000008989
2.7 -1.833333333333333 0.7000000000003967
2.7 -1.666666666666667 0.7000000000003967
2.7 -1.5 0.7000000000003967
2.7 -1.333333333333333 0.7000000000003967
2.7 -1.166666666666667 0.7000000000003967
2.7 -1 0.7000000000003967
2.7 -0.8333333333333333 0.7000000000003967
2.7 -0.6666666666666667 0.7000000000003967
2.7 -0.5 0.7000000000003967
2.7 -0.3333333333333333 0.7000000000003967
2.7 -0.1666666666666667 0.7000000000003967
2.7 -1.833333333333333 0.7999999999998946
2.7 -1.666666666666667 0.7999999999998946
2.7 -1.5 0.7999999999998946
2.7 -1.333333333333333 0.7999999999998946
2.7 -1.166666666666667 0.7999999999998946
2.7 -1 0.7999999999998946
2.7 -0.8333333333333333 0.7999999999998946
2.7 -0.6666666666666667 0.7999999999998946
2.7 -0.5 0.7999999999998946
2.7 -0.3333333333333333 0.7999999999998946
2.7 -0.1666666666666667 0.7999999999998946
2.7 -1.833333333333333 0.8999999999996142
2.7 -1.666666666666667 0.8999999999996142
2.7 -1.5 0.8999999999996142
2.7 -1.333333333333333 0.8999999999996142
2.7 -1.166666666666667 0.8999999999996142
2.7 -1 0.8999999999996142
2.7 -0.8333333333333333 0.8999999999996142
2.7 -0.6666666666666667 0.8999999999996142
2.7 -0.5 0.8999999999996142
2.7 -0.3333333333333333 0.8999999999996142
2.7 -0.1666666666666667 0.8999999999996142
2.8 -1.833333333333333 0.1000000000002356
2.8 -1.666666666666667 0.1000000000002356
2.8 -1.5 0.1000000000002356
2.8 -1.333333333333333 0.1000000000002356
2.8 -1.166666666666667 0.1000000000002356
2.8 -1 0.1000000000002356
2.8 -0.8333333333333333 0.1000000000002356
2.8 -0.6666666666666667 0.1000000000002356
2.8 -0.5 0.1000000000002356
2.8 -0.3333333333333333 0.1000000000002356
2.8 -0.1666666666666667 0.1000000000002356
2.8 -1.833333333333333 0.2000000000004498
2.8 -1.666666666666667 0.2000000000004498
2.8 -1.5 0.2000000000004498
2.8 -1.333333333333333 0.2000000000004498
2.8 -1.166666666666667 0.2000000000004498
2.8 -1 0.2000000000004498
2.8 -0.8333333333333333 0.2000000000004498
2.8 -0.6666666666666667 0.2000000000004498
2.8 -0.5 0.2000000000004498
2.8 -0.3333333333333333 0.2000000000004498
2.8 -0.1666666666666667 0.2000000000004498
2.8 -1.833333333333333 0.3000000000006536
2.8 -1.666666666666667 0.3000000000006536
2.8 -1.5 0.3000000000006536
2.8 -1.333333333333333 0.3000000000006536
2.8 -1.166666666666667 0.3000000000006536
2.8 -1 0.3000000000006536
2.8 -0.8333333333333333 0.3000000000006536
2.8 -0.6666666666666667 0.3000000000006536
2.8 -0.5 0.3000000000006536
2.8 -0.3333333333333333 0.3000000000006536
2.8 -0.1666666666666667 0.3000000000006536
2.8 -1.833333333333333 0.4000000000008574
2.8 -1.666666666666667 0.4000000000008574
2.8 -1.5 0.4000000000008574
2.8 -1.333333333333333 0.4000000000008574
2.8 -1.166666666666667 0.4000000000008574
2.8 -1 0.4000000000008574
2.8 -0.8333333333333333 0.4000000000008574
2.8 -0.6666666666666667 0.4000000000008574
2.8 -0.5 0.4000000000008574
2.8 -0.3333333333333333 0.4000000000008574
2.8 -0.1666666666666667 0.4000000000008574
2.8 -1.833333333333333 0.5000000000010494
2.8 -1.666666666666667 0.5000000000010494
2.8 -1.5 0.5000000000010494
2.8 -1.333333333333333 0.5000000000010494
2.8 -1.166666666666667 0.5000000000010494
2.8 -1 0.5000000000010494
2.8 -0.8333333333333333 0.5000000000010494
2.8 -0.6666666666666667 0.5000000000010494
2.8 -0.5 0.5000000000010494
2.8 -0.3333333333333333 0.5000000000010494
2.8 -0.1666666666666667 0.5000000000010494
2.8 -1.833333333333333 0.6000000000006547
2.8 -1.666666666666667 0.6000000000006547
2.8 -1.5 0.6000000000006547
2.8 -1.333333333333333 0.6000000000006547
2.8 -1.166666666666667 0.6000000000006547
2.8 -1 0.6000000000006547
2.8 -0.8333333333333333 0.6000000000006547
2.8 -0.6666666666666667 0.6000000000006547
2.8 -0.5 0.6000000000006547
2.8 -0.3333333333333333 0.6000000000006547
2.8 -0.1666666666666667 0.6000000000006547
2.8 -1.833333333333333 0.7000000000002484
2.8 -1.666666666666667 0.7000000000002484
2.8 -1.5 0.7000000000002484
2.8 -1.333333333333333 0.7000000000002484
2.8 -1.166666666666667 0.7000000000002484
2.8 -1 0.7000000000002484
2.8 -0.8333333333333333 0.7000000000002484
2.8 -0.6666666666666667 0.7000000000002484
2.8 -0.5 0.7000000000002484
2.8 -0.3333333333333333 0.7000000000002484
2.8 -0.1666666666666667 0.7000000000002484
2.8 -1.833333333333333 0.7999999999998417
2.8 -1.666666666666667 0.7999999999998417
2.8 -1.5 0.7999999999998417
2.8 -1.333333333333333 0.7999999999998417
2.8 -1.166666666666667 0.7999999999998417
2.8 -1 0.7999999999998417
2.8 -0.8333333333333333 0.7999999999998417
2.8 -0.6666666666666667 0.7999999999998417
2.8 -0.5 0.7999999999998417
2.8 -0.3333333333333333 0.7999999999998417
2.8 -0.1666666666666667 0.7999999999998417
2.8 -1.833333333333333 0.8999999999996293
2.8 -1.666666666666667 0.8999999999996293
2.8 -1.5 0.8999999999996293
2.8 -1.333333333333333 0.8999999999996293
2.8 -1.166666666666667 0.8999999999996293
2.8 -1 0.8999999999996293
2.8 -0.8333333333333333 0.8999999999996293
2.8 -0.6666666666666667 0.8999999999996293
2.8 -0.5 0.8999999999996293
2.8 -0.3333333333333333 0.8999999999996293
2.8 -0.1666666666666667 0.8999999999996293
2.9 -1.833333333333333 0.1000000000001754
2.9 -1.666666666666667 0.1000000000001754
2.9 -1.5 0.1000000000001754
2.9 -1.333333333333333 0.1000000000001754
2.9 -1.166666666666667 0.1000000000001754
2.9 -1 0.1000000000001754
2.9 -0.8333333333333333 0.1000000000001754
2.9 -0.6666666666666667 0.1000000000001754
2.9 -0.5 0.1000000000001754
2.9 -0.3333333333333333 0.1000000000001754
2.9 -0.1666666666666667 0.1000000000001754
2.900000000000001 -1.833333333333333 0.2000000000003223
2.900000000000001 -1.666666666666667 0.2000000000003223
2.900000000000001 -1.5 0.2000000000003223
2.900000000000001 -1.333333333333333 0.2000000000003223
2.900000000000001 -1.166666666666667 0.2000000000003223
2.900000000000001 -1 0.2000000000003223
2.900000000000001 -0.8333333333333333 0.2000000000003223
2.900000000000001 -0.6666666666666667 0.2000000000003223
2.900000000000001 -0.5 0.2000000000003223
2.900000000000001 -0.3333333333333333 0.2000000000003223
2.900000000000001 -0.1666666666666667 0.2000000000003223
2.900000000000001 -1.833333333333333 0.3000000000004552
2.900000000000001 -1.666666666666667 0.3000000000004552
2.900000000000001 -1.5 0.3000000000004552
2.900000000000001 -1.333333333333333 0.3000000000004552
2.900000000000001 -1.166666666666667 0.3000000000004552
2.900000000000001 -1 0.3000000000004552
2.900000000000001 -0.8333333333333333 0.3000000000004552
2.900000000000001 -0.6666666666666667 0.3000000000004552
2.900000000000001 -0.5 0.3000000000004552
2.900000000000001 -0.3333333333333333 0.3000000000004552
2.900000000000001 -0.1666666666666667 0.3000000000004552
2.900000000000001 -1.833333333333333 0.4000000000005883
2.900000000000001 -1.666666666666667 0.4000000000005883
2.900000000000001 -1.5 0.4000000000005883
2.900000000000001 -1.333333333333333 0.4000000000005883
2.900000000000001 -1.166666666666667 0.4000000000005883
2.900000000000001 -1 0.4000000000005883
2.900000000000001 -0.8333333333333333 0.4000000000005883
2.900000000000001 -0.6666666666666667 0.4000000000005883
2.900000000000001 -0.5 0.4000000000005883
2.900000000000001 -0.3333333333333333 0.4000000000005883
2.900000000000001 -0.1666666666666667 0.4000000000005883
2.900000000000001 -1.833333333333333 0.5000000000007125
2.900000000000001 -1.666666666666667 0.5000000000007125
2.900000000000001 -1.5 0.5000000000007125
2.900000000000001 -1.333333333333333 0.5000000000007125
2.900000000000001 -1.166666666666667 0.5000000000007125
2.900000000000001 -1 0.5000000000007125
2.900000000000001 -0.8333333333333333 0.5000000000007125
2.900000000000001 -0.6666666666666667 0.5000000000007125
2.900000000000001 -0.5 0.5000000000007125
2.900000000000001 -0.3333333333333333 0.5000000000007125
2.900000000000001 -0.1666666666666667 0.5000000000007125
2.9 -1.833333333333333 0.6000000000004104
2.9 -1.666666666666667 0.6000000000004104
2.9 -1.5 0.6000000000004104
2.9 -1.333333333333333 0.6000000000004104
2.9 -1.166666666666667 0.6000000000004104
2.9 -1 0.6000000000004104
2.9 -0.8333333333333333 0.6000000000004104
2.9 -0.6666666666666667 0.6000000000004104
2.9 -0.5 0.6000000000004104
2.9 -0.3333333333333333 0.6000000000004104
2.9 -0.1666666666666667 0.6000000000004104
2.899999999999999 -1.833333333333333 0.7000000000000999
2.899999999999999 -1.666666666666667 0.7000000000000999
2.899999999999999 -1.5 0.7000000000000999
2.899999999999999 -1.333333333333333 0.7000000000000999
2.899999999999999 -1.166666666666667 0.7000000000000999
2.899999999999999 -1 0.7000000000000999
2.899999999999999 -0.8333333333333333 0.7000000000000999
2.899999999999999 -0.6666666666666667 0.7000000000000999
2.899999999999999 -0.5 0.7000000000000999
2.899999999999999 -0.3333333333333333 0.7000000000000999
2.899999999999999 -0.1666666666666667 0.7000000000000999
2.9 -1.833333333333333 0.7999999999997891
2.9 -1.666666666666667 0.7999999999997891
2.9 -1.5 0.7999999999997891
2.9 -1.333333333333333 0.7999999999997891
2.9 -1.166666666666667 0.7999999999997891
2.9 -1 0.7999999999997891
2.9 -0.8333333333333333 0.7999999999997891
2.9 -0.6666666666666667 0.7999999999997891
2.9 -0.5 0.7999999999997891
2.9 -0.3333333333333333 0.7999999999997891
2.9 -0.1666666666666667 0.7999999999997891
2.899999999999999 -1.833333333333333 0.8999999999996446
2.899999999999999 -1.666666666666667 0.8999999999996446
2.899999999999999 -1.5 0.8999999999996446
2.899999999999999 -1.333333333333333 0.8999999999996446
2.899999999999999 -1.166666666666667 0.8999999999996446
2.899999999999999 -1 0.8999999999996446
2.899999999999999 -0.8333333333333333 0.8999999999996446
2.899999999999999 -0.6666666666666667 0.8999999999996446
2.899999999999999 -0.5 0.8999999999996446
2.899999999999999 -0.3333333333333333 0.8999999999996446
2.899999999999999 -0.1666666666666667 0.8999999999996446
3 -1.833333333333333 0.1000000000001152
3 -1.666666666666667 0.1000000000001152
3 -1.5 0.1000000000001152
3 -1.333333333333333 0.1000000000001152
3 -1.166666666666667 0.1000000000001152
3 -1 0.1000000000001152
3 -0.8333333333333333 0.1000000000001152
3 -0.6666666666666667 0.1000000000001152
3 -0.5 0.1000000000001152
3 -0.3333333333333333 0.1000000000001152
3 -0.1666666666666667 0.1000000000001152
3 -1.833333333333333 0.2000000000001947
3 -1.666666666666667 0.2000000000001947
3 -1.5 0.2000000000001947
3 -1.333333333333333 0.2000000000001947
3 -1.166666666666667 0.2000000000001947
3 -1 0.2000000000001947
3 -0.8333333333333333 0.2000000000001947
3 -0.6666666666666667 0.2000000000001947
3 -0.5 0.2000000000001947
3 -0.3333333333333333 0.2000000000001947
3 -0.1666666666666667 0.2000000000001947
3 -1.833333333333333 0.3000000000002568
3 -1.666666666666667 0.3000000000002568
3 -1.5 0.3000000000002568
3 -1.333333333333333 0.3000000000002568
3 -1.166666666666667 0.3000000000002568
3 -1 0.3000000000002568
3 -0.8333333333333333 0.3000000000002568
3 -0.6666666666666667 0.3000000000002568
3 -0.5 0.3000000000002568
3 -0.3333333333333333 0.3000000000002568
3 -0.1666666666666667 0.3000000000002568
3 -1.833333333333333 0.4000000000003192
3 -1.666666666666667 0.4000000000003192
3 -1.5 0.4000000000003192
3 -1.333333333333333 0.4000000000003192
3 -1.166666666666667 0.4000000000003192
3 -1 0.4000000000003192
3 -0.8333333333333333 0.4000000000003192
3 -0.6666666666666667 0.4000000000003192
3 -0.5 0.4000000000003192
3 -0.3333333333333333 0.4000000000003192
3 -0.1666666666666667 0.4000000000003192
3 -1.833333333333333 0.5000000000003757
3 -1.666666666666667 0.5000000000003757
3 -1.5 0.5000000000003757
3 -1.333333333333333 0.5000000000003757
3 -1.166666666666667 0.5000000000003757
3 -1 0.5000000000003757
3 -0.8333333333333333 0.5000000000003757
3 -0.6666666666666667 0.5000000000003757
3 -0.5 0.5000000000003757
3 -0.3333333333333333 0.5000000000003757
3 -0.1666666666666667 0.5000000000003757
3 -1.833333333333333 0.6000000000001662
3 -1.666666666666667 0.6000000000001662
3 -1.5 0.6000000000001662
3 -1.333333333333333 0.6000000000001662
3 -1.166666666666667 0.6000000000001662
3 -1 0.6000000000001662
3 -0.8333333333333333 0.6000000000001662
3 -0.6666666666666667 0.6000000000001662
3 -0.5 0.6000000000001662
3 -0.3333333333333333 0.6000000000001662
3 -0.1666666666666667 0.6000000000001662
3 -1.833333333333333 0.6999999999999513
3 -1.666666666666667 0.6999999999999513
3 -1.5 0.6999999999999513
3 -1.333333333333333 0.6999999999999513
3 -1.166666666666667 0.6999999999999513
3 -1 0.6999999999999513
3 -0.8333333333333333 0.6999999999999513
3 -0.6666666666666667 0.6999999999999513
3 -0.5 0.6999999999999513
3 -0.3333333333333333 0.6999999999999513
3 -0.1666666666666667 0.6999999999999513
3 -1.833333333333333 0.7999999999997363
3 -1.666666666666667 0.7999999999997363
3 -1.5 0.7999999999997363
3 -1.333333333333333 0.7999999999997363
3 -1.166666666666667 0.7999999999997363
3 -1 0.7999999999997363
3 -0.8333333333333333 0.7999999999997363
3 -0.6666666666666667 0.7999999999997363
3 -0.5 0.7999999999997363
3 -0.3333333333333333 0.7999999999997363
3 -0.1666666666666667 0.7999999999997363
3 -1.833333333333333 0.89999999999966
3 -1.666666666666667 0.89999999999966
3 -1.5 0.89999999999966
3 -1.333333333333333 0.89999999999966
3 -1.166666666666667 0.89999999999966
3 -1 0.89999999999966
3 -0.8333333333333333 0.89999999999966
3 -0.6666666666666667 0.89999999999966
3 -0.5 0.89999999999966
3 -0.3333333333333333 0.89999999999966
3 -0.1666666666666667 0.89999999999966
3.1 -1.833333333333333 0.100000000000055
3.1 -1.666666666666667 0.100000000000055
3.1 -1.5 0.100000000000055
3.1 -1.333333333333333 0.100000000000055
3.1 -1.166666666666667 0.100000000000055
3.1 -1 0.100000000000055
3.1 -0.8333333333333333 0.100000000000055
3.1 -0.6666666666666667 0.100000000000055
3.1 -0.5 0.100000000000055
3.1 -0.3333333333333333 0.100000000000055
3.1 -0.1666666666666667 0.100000000000055
3.1 -1.833333333333333 0.2000000000000671
3.1 -1.666666666666667 0.2000000000000671
3.1 -1.5 0.2000000000000671
3.1 -1.333333333333333 0.2000000000000671
3.1 -1.166666666666667 0.2000000000000671
3.1 -1 0.2000000000000671
3.1 -0.8333333333333333 0.2000000000000671
3.1 -0.6666666666666667 0.2000000000000671
3.1 -0.5 0.2000000000000671
3.1 -0.3333333333333333 0.2000000000000671
3.1 -0.1666666666666667 0.2000000000000671
3.1 -1.833333333333333 0.3000000000000586
3.1 -1.666666666666667 0.3000000000000586
3.1 -1.5 0.3000000000000586
3.1 -1.333333333333333 0.3000000000000586
3.1 -1.166666666666667 0.3000000000000586
3.1 -1 0.3000000000000586
3.1 -0.8333333333333333 0.3000000000000586
3.1 -0.6666666666666667 0.3000000000000586
3.1 -0.5 0.3000000000000586
3.1 -0.3333333333333333 0.3000000000000586
3.1 -0.1666666666666667 0.3000000000000586
3.1 -1.833333333333333 0.4000000000000498
3.1 -1.666666666666667 0.4000000000000498
3.1 -1.5 0.4000000000000498
3.1 -1.333333333333333 0.4000000000000498
3.1 -1.166666666666667 0.4000000000000498
3.1 -1 0.4000000000000498
3.1 -0.8333333333333333 0.4000000000000498
3.1 -0.6666666666666667 0.4000000000000498
3.1 -0.5 0.4000000000000498
3.1 -0.3333333333333333 0.4000000000000498
3.1 -0.1666666666666667 0.4000000000000498
3.100000000000001 -1.833333333333333 0.5000000000000391
3.100000000000001 -1.666666666666667 0.5000000000000391
3.100000000000001 -1.5 0.5000000000000391
3.100000000000001 -1.333333333333333 0.5000000000000391
3.100000000000001 -1.166666666666667 0.5000000000000391
3.100000000000001 -1 0.5000000000000391
3.100000000000001 -0.8333333333333333 0.5000000000000391
3.100000000000001 -0.6666666666666667 0.5000000000000391
3.100000000000001 -0.5 0.5000000000000391
3.100000000000001 -0.3333333333333333 0.5000000000000391
3.100000000000001 -0.1666666666666667 0.5000000000000391
3.100000000000001 -1.833333333333333 0.5999999999999219
3.100000000000001 -1.666666666666667 0.5999999999999219
3.100000000000001 -1.5 0.5999999999999219
3.100000000000001 -1.333333333333333 0.5999999999999219
3.100000000000001 -1.166666666666667 0.5999999999999219
3.100000000000001 -1 0.5999999999999219
3.100000000000001 -0.8333333333333333 0.5999999999999219
3.100000000000001 -0.6666666666666667 0.5999999999999219
3.100000000000001 -0.5 0.5999999999999219
3.100000000000001 -0.3333333333333333 0.5999999999999219
3.100000000000001 -0.1666666666666667 0.5999999999999219
3.100000000000001 -1.833333333333333 0.6999999999998028
3.100000000000001 -1.666666666666667 0.6999999999998028
3.100000000000001 -1.5 0.6999999999998028
3.100000000000001 -1.333333333333333 0.6999999999998028
3.100000000000001 -1.166666666666667 0.6999999999998028
3.100000000000001 -1 0.6999999999998028
3.100000000000001 -0.8333333333333333 0.6999999999998028
3.100000000000001 -0.6666666666666667 0.6999999999998028
3.100000000000001 -0.5 0.6999999999998028
3.100000000000001 -0.3333333333333333 0.6999999999998028
3.100000000000001 -0.1666666666666667 0.6999999999998028
3.100000000000001 -1.833333333333333 0.7999999999996834
3.100000000000001 -1.666666666666667 0.7999999999996834
3.100000000000001 -1.5 0.7999999999996834
3.100000000000001 -1.333333333333333 0.7999999999996834
3.100000000000001 -1.166666666666667 0.7999999999996834
3.100000000000001 -1 0.7999999999996834
3.100000000000001 -0.8333333333333333 0.7999999999996834
3.100000000000001 -0.6666666666666667 0.7999999999996834
3.100000000000001 -0.5 0.7999999999996834
3.100000000000001 -0.3333333333333333 0.7999999999996834
3.100000000000001 -0.1666666666666667 0.7999999999996834
3.100000000000001 -1.833333333333333 0.8999999999996751
3.100000000000001 -1.666666666666667 0.8999999999996751
3.100000000000001 -1.5 0.8999999999996751
3.100000000000001 -1.333333333333333 0.8999999999996751
3.100000000000001 -1.166666666666667 0.8999999999996751
3.100000000000001 -1 0.8999999999996751
3.100000000000001 -0.8333333333333333 0.8999999999996751
3.100000000000001 -0.6666666666666667 0.8999999999996751
3.100000000000001 -0.5 0.8999999999996751
3.100000000000001 -0.3333333333333333 0.8999999999996751
3.100000000000001 -0.1666666666666667 0.8999999999996751
3.200000000000001 -1.833333333333333 0.09999999999999476
3.200000000000001 -1.666666666666667 0.09999999999999476
3.200000000000001 -1.5 0.09999999999999476
3.200000000000001 -1.333333333333333 0.09999999999999476
3.200000000000001 -1.166666666666667 0.09999999999999476
3.200000000000001 -1 0.09999999999999476
3.200000000000001 -0.8333333333333333 0.09999999999999476
3.200000000000001 -0.6666666666666667 0.09999999999999476
3.200000000000001 -0.5 0.09999999999999476
3.200000000000001 -0.3333333333333333 0.09999999999999476
3.200000000000001 -0.1666666666666667 0.09999999999999476
3.2 -1.833333333333333 0.1999999999999396
3.2 -1.666666666666667 0.1999999999999396
3.2 -1.5 0.1999999999999396
3.2 -1.333333333333333 0.1999999999999396
3.2 -1.166666666666667 0.1999999999999396
3.2 -1 0.1999999999999396
3.2 -0.8333333333333333 0.1999999999999396
3.2 -0.6666666666666667 0.1999999999999396
3.2 -0.5 0.1999999999999396
3.2 -0.3333333333333333 0.1999999999999396
3.2 -0.1666666666666667 0.1999999999999396
3.2 -1.833333333333333 0.2999999999998602
3.2 -1.666666666666667 0.2999999999998602
3.2 -1.5 0.2999999999998602
3.2 -1.333333333333333 0.2999999999998602
3.2 -1.166666666666667 0.2999999999998602
3.2 -1 0.2999999999998602
3.2 -0.8333333333333333 0.2999999999998602
3.2 -0.6666666666666667 0.2999999999998602
3.2 -0.5 0.2999999999998602
3.2 -0.3333333333333333 0.2999999999998602
3.2 -0.1666666666666667 0.2999999999998602
3.2 -1.833333333333333 0.3999999999997807
3.2 -1.666666666666667 0.3999999999997807
3.2 -1.5 0.3999999999997807
3.2 -1.333333333333333 0.3999999999997807
3.2 -1.166666666666667 0.3999999999997807
3.2 -1 0.3999999999997807
3.2 -0.8333333333333333 0.3999999999997807
3.2 -0.6666666666666667 0.3999999999997807
3.2 -0.5 0.3999999999997807
3.2 -0.3333333333333333 0.3999999999997807
3.2 -0.1666666666666667 0.3999999999997807
3.2 -1.833333333333333 0.4999999999997022
3.2 -1.666666666666667 0.4999999999997022
3.2 -1.5 0.4999999999997022
3.2 -1.333333333333333 0.4999999999997022
3.2 -1.166666666666667 0.4999999999997022
3.2 -1 0.4999999999997022
3.2 -0.8333333333333333 0.4999999999997022
3.2 -0.6666666666666667 0.4999999999997022
3.2 -0.5 0.4999999999997022
3.2 -0.3333333333333333 0.4999999999997022
3.2 -0.1666666666666667 0.4999999999997022
3.2 -1.833333333333333 0.5999999999996777
3.2 -1.666666666666667 0.5999999999996777
3.2 -1.5 0.5999999999996777
3.2 -1.333333333333333 0.5999999999996777
3.2 -1.166666666666667 0.5999999999996777
3.2 -1 0.5999999999996777
3.2 -0.8333333333333333 0.5999999999996777
3.2 -0.6666666666666667 0.5999999999996777
3.2 -0.5 0.5999999999996777
3.2 -0.3333333333333333 0.5999999999996777
3.2 -0.1666666666666667 0.5999999999996777
3.2 -1.833333333333333 0.6999999999996542
3.2 -1.666666666666667 0.6999999999996542
3.2 -1.5 0.6999999999996542
3.2 -1.333333333333333 0.6999999999996542
3.2 -1.166666666666667 0.6999999999996542
3.2 -1 0.6999999999996542
3.2 -0.8333333333333333 0.6999999999996542
3.2 -0.6666666666666667 0.6999999999996542
3.2 -0.5 0.6999999999996542
3.2 -0.3333333333333333 0.6999999999996542
3.2 -0.1666666666666667 0.6999999999996542
3.2 -1.833333333333333 0.7999999999996308
3.2 -1.666666666666667 0.7999999999996308
3.2 -1.5 0.7999999999996308
3.2 -1.333333333333333 0.7999999999996308
3.2 -1.166666666666667 0.7999999999996308
3.2 -1 0.7999999999996308
3.2 -0.8333333333333333 0.7999999999996308
3.2 -0.6666666666666667 0.7999999999996308
3.2 -0.5 0.7999999999996308
3.2 -0.3333333333333333 0.7999999999996308
3.2 -0.1666666666666667 0.7999999999996308
3.2 -1.833333333333333 0.8999999999996904
3.2 -1.666666666666667 0.8999999999996904
3.2 -1.5 0.8999999999996904
3.2 -1.333333333333333 0.8999999999996904
3.2 -1.166666666666667 0.8999999999996904
3.2 -1 0.8999999999996904
3.2 -0.8333333333333333 0.8999999999996904
3.2 -0.6666666666666667 0.8999999999996904
3.2 -0.5 0.8999999999996904
3.2 -0.3333333333333333 0.8999999999996904
3.2 -0.1666666666666667 0.8999999999996904
3.3 -1.833333333333333 0.09999999999993453
3.3 -1.666666666666667 0.09999999999993453
3.3 -1.5 0.09999999999993453
3.3 -1.333333333333333 0.09999999999993453
3.3 -1.166666666666667 0.09999999999993453
3.3 -1 0.09999999999993453
3.3 -0.8333333333333333 0.09999999999993453
3.3 -0.6666666666666667 0.09999999999993453
3.3 -0.5 0.09999999999993453
3.3 -0.3333333333333333 0.09999999999993453
3.3 -0.1666666666666667 0.09999999999993453
3.3 -1.833333333333333 0.199999999999812
3.3 -1.666666666666667 0.199999999999812
3.3 -1.5 0.199999999999812
3.3 -1.333333333333333 0.199999999999812
3.3 -1.166666666666667 0.199999999999812
3.3 -1 0.199999999999812
3.3 -0.8333333333333333 0.199999999999812
3.3 -0.6666666666666667 0.199999999999812
3.3 -0.5 0.199999999999812
3.3 -0.3333333333333333 0.199999999999812
3.3 -0.1666666666666667 0.199999999999812
3.3 -1.833333333333333 0.2999999999996618
3.3 -1.666666666666667 0.2999999999996618
3.3 -1.5 0.2999999999996618
3.3 -1.333333333333333 0.2999999999996618
3.3 -1.166666666666667 0.2999999999996618
3.3 -1 0.2999999999996618
3.3 -0.8333333333333333 0.2999999999996618
3.3 -0.6666666666666667 0.2999999999996618
3.3 -0.5 0.2999999999996618
3.3 -0.3333333333333333 0.2999999999996618
3.3 -0.1666666666666667 0.2999999999996618
3.299999999999999 -1.833333333333333 0.3999999999995115
3.299999999999999 -1.666666666666667 0.3999999999995115
3.299999999999999 -1.5 0.3999999999995115
3.299999999999999 -1.333333333333333 0.3999999999995115
3.299999999999999 -1.166666666666667 0.3999999999995115
3.299999999999999 -1 0.3999999999995115
3.299999999999999 -0.8333333333333333 0.3999999999995115
3.299999999999999 -0.6666666666666667 0.3999999999995115
3.299999999999999 -0.5 0.3999999999995115
3.299999999999999 -0.3333333333333333 0.3999999999995115
3.299999999999999 -0.1666666666666667 0.3999999999995115
3.3 -1.833333333333333 0.4999999999993656
3.3 -1.666666666666667 0.4999999999993656
3.3 -1.5 0.4999999999993656
3.3 -1.333333333333333 0.4999999999993656
3.3 -1.166666666666667 0.4999999999993656
3.3 -1 0.4999999999993656
3.3 -0.8333333333333333 0.4999999999993656
3.3 -0.6666666666666667 0.4999999999993656
3.3 -0.5 0.4999999999993656
3.3 -0.3333333333333333 0.4999999999993656
3.3 -0.1666666666666667 0.4999999999993656
3.3 -1.833333333333333 0.5999999999994334
3.3 -1.666666666666667 0.5999999999994334
3.3 -1.5 0.5999999999994334
3.3 -1.333333333333333 0.5999999999994334
3.3 -1.166666666666667 0.5999999999994334
3.3 -1 0.5999999999994334
3.3 -0.8333333333333333 0.5999999999994334
3.3 -0.6666666666666667 0.5999999999994334
3.3 -0.5 0.5999999999994334
3.3 -0.3333333333333333 0.5999999999994334
3.3 -0.1666666666666667 0.5999999999994334
3.299999999999999 -1.833333333333333 0.6999999999995059
3.299999999999999 -1.666666666666667 0.6999999999995059
3.299999999999999 -1.5 0.6999999999995059
3.299999999999999 -1.333333333333333 0.6999999999995059
3.299999999999999 -1.166666666666667 0.6999999999995059
3.299999999999999 -1 0.6999999999995059
3.299999999999999 -0.8333333333333333 0.6999999999995059
3.299999999999999 -0.6666666666666667 0.6999999999995059
3.299999999999999 -0.5 0.6999999999995059
3.299999999999999 -0.3333333333333333 0.6999999999995059
3.299999999999999 -0.1666666666666667 0.6999999999995059
3.3 -1.833333333333333 0.7999999999995779
3.3 -1.666666666666667 0.7999999999995779
3.3 -1.5 0.7999999999995779
3.3 -1.333333333333333 0.7999999999995779
3.3 -1.166666666666667 0.7999999999995779
3.3 -1 0.7999999999995779
3.3 -0.8333333333333333 0.7999999999995779
3.3 -0.6666666666666667 0.7999999999995779
3.3 -0.5 0.7999999999995779
3.3 -0.3333333333333333 0.7999999999995779
3.3 -0.1666666666666667 0.7999999999995779
3.299999999999999 -1.833333333333333 0.8999999999997057
3.299999999999999 -1.666666666666667 0.8999999999997057
3.299999999999999 -1.5 0.8999999999997057
3.299999999999999 -1.333333333333333 0.8999999999997057
3.299999999999999 -1.166666666666667 0.8999999999997057
3.299999999999999 -1 0.8999999999997057
3.299999999999999 -0.8333333333333333 0.8999999999997057
3.299999999999999 -0.6666666666666667 0.8999999999997057
3.299999999999999 -0.5 0.8999999999997057
3.299999999999999 -0.3333333333333333 0.8999999999997057
3.299999999999999 -0.1666666666666667 0.8999999999997057
3.399999999999999 -1.833333333333333 0.09999999999987433
3.399999999999999 -1.666666666666667 0.09999999999987433
3.399999999999999 -1.5 0.09999999999987433
3.399999999999999 -1.333333333333333 0.09999999999987433
3.399999999999999 -1.166666666666667 0.09999999999987433
3.399999999999999 -1 0.09999999999987433
3.399999999999999 -0.8333333333333333 0.09999999999987433
3.399999999999999 -0.6666666666666667 0.09999999999987433
3.399999999999999 -0.5 0.09999999999987433
3.399999999999999 -0.3333333333333333 0.09999999999987433
3.399999999999999 -0.1666666666666667 0.09999999999987433
3.4 -1.833333333333333 0.1999999999996844
3.4 -1.666666666666667 0.1999999999996844
3.4 -1.5 0.1999999999996844
3.4 -1.333333333333333 0.1999999999996844
3.4 -1.166666666666667 0.1999999999996844
3.4 -1 0.1999999999996844
3.4 -0.8333333333333333 0.1999999999996844
3.4 -0.6666666666666667 0.1999999999996844
3.4 -0.5 0.1999999999996844
3.4 -0.3333333333333333 0.1999999999996844
3.4 -0.1666666666666667 0.1999999999996844
3.4 -1.833333333333333 0.2999999999994634
3.4 -1.666666666666667 0.2999999999994634
3.4 -1.5 0.2999999999994634
3.4 -1.333333333333333 0.2999999999994634
3.4 -1.166666666666667 0.2999999999994634
3.4 -1 0.2999999999994634
3.4 -0.8333333333333333 0.2999999999994634
3.4 -0.6666666666666667 0.2999999999994634
3.4 -0.5 0.2999999999994634
3.4 -0.3333333333333333 0.2999999999994634
3.4 -0.1666666666666667 0.2999999999994634
3.4 -1.833333333333333 0.3999999999992422
3.4 -1.666666666666667 0.3999999999992422
3.4 -1.5 0.3999999999992422
3.4 -1.333333333333333 0.3999999999992422
3.4 -1.166666666666667 0.3999999999992422
3.4 -1 0.3999999999992422
3.4 -0.8333333333333333 0.3999999999992422
3.4 -0.6666666666666667 0.3999999999992422
3.4 -0.5 0.3999999999992422
3.4 -0.3333333333333333 0.3999999999992422
3.4 -0.1666666666666667 0.3999999999992422
3.4 -1.833333333333333 0.4999999999990288
3.4 -1.666666666666667 0.4999999999990288
3.4 -1.5 0.4999999999990288
3.4 -1.333333333333333 0.4999999999990288
3.4 -1.166666666666667 0.4999999999990288
3.4 -1 0.4999999999990288
3.4 -0.8333333333333333 0.4999999999990288
3.4 -0.6666666666666667 0.4999999999990288
3.4 -0.5 0.4999999999990288
3.4 -0.3333333333333333 0.4999999999990288
3.4 -0.1666666666666667 0.4999999999990288
3.4 -1.833333333333333 0.5999999999991892
3.4 -1.666666666666667 0.5999999999991892
3.4 -1.5 0.5999999999991892
3.4 -1.333333333333333 0.5999999999991892
3.4 -1.166666666666667 0.5999999999991892
3.4 -1 0.5999999999991892
3.4 -0.8333333333333333 0.5999999999991892
3.4 -0.6666666666666667 0.5999999999991892
3.4 -0.5 0.5999999999991892
3.4 -0.3333333333333333 0.5999999999991892
3.4 -0.1666666666666667 0.5999999999991892
3.399999999999999 -1.833333333333333 0.6999999999993574
3.399999999999999 -1.666666666666667 0.6999999999993574
3.399999999999999 -1.5 0.6999999999993574
3.399999999999999 -1.333333333333333 0.6999999999993574
3.399999999999999 -1.166666666666667 0.6999999999993574
3.399999999999999 -1 0.6999999999993574
3.399999999999999 -0.8333333333333333 0.6999999999993574
3.399999999999999 -0.6666666666666667 0.6999999999993574
3.399999999999999 -0.5 0.6999999999993574
3.399999999999999 -0.3333333333333333 0.6999999999993574
3.399999999999999 -0.1666666666666667 0.6999999999993574
3.399999999999999 -1.833333333333333 0.7999999999995253
3.399999999999999 -1.666666666666667 0.7999999999995253
3.399999999999999 -1.5 0.7999999999995253
3.399999999999999 -1.333333333333333 0.7999999999995253
3.399999999999999 -1.166666666666667 0.7999999999995253
3.399999999999999 -1 0.7999999999995253
3.399999999999999 -0.8333333333333333 0.7999999999995253
3.399999999999999 -0.6666666666666667 0.7999999999995253
3.399999999999999 -0.5 0.7999999999995253
3.399999999999999 -0.3333333333333333 0.7999999999995253
3.399999999999999 -0.1666666666666667 0.7999999999995253
3.399999999999999 -1.833333333333333 0.899999999999721
3.399999999999999 -1.666666666666667 0.899999999999721
3.399999999999999 -1.5 0.899999999999721
3.399999999999999 -1.333333333333333 0.899999999999721
3.399999999999999 -1.166666666666667 0.899999999999721
3.399999999999999 -1 0.899999999999721
3.399999999999999 -0.8333333333333333 0.899999999999721
3.399999999999999 -0.6666666666666667 0.899999999999721
3.399999999999999 -0.5 0.899999999999721
3.399999999999999 -0.3333333333333333 0.899999999999721
3.399999999999999 -0.1666666666666667 0.899999999999721
3 2 0 2835
3656
3657
3658
3659
3660
3661
3662
3663
3664
3665
3666
3667
3668
3669
3670
3671
3672
3673
3674
3675
3676
3677
3678
3679
3680
3681
3682
3683
3684
3685
3686
3687
3688
3689
3690
3691
3692
3693
3694
3695
3696
3697
3698
3699
3700
3701
3702
3703
3704
3705
3706
3707
3708
3709
3710
3711
3712
3713
3714
3715
3716
3717
3718
3719
3720
3721
3722
3723
3724
3725
3726
3727
3728
3729
3730
3731
3732
3733
3734
3735
3736
3737
3738
3739
3740
3741
3742
3743
3744
3745
3746
3747
3748
3749
3750
3751
3752
3753
3754
3755
3756
3757
3758
3759
3760
3761
3762
3763
3764
3765
3766
3767
3768
3769
3770
3771
3772
3773
3774
3775
3776
3777
3778
3779
3780
3781
3782
3783
3784
3785
3786
3787
3788
3789
3790
3791
3792
3793
3794
3795
3796
3797
3798
3799
3800
3801
3802
3803
3804
3805
3806
3807
3808
3809
3810
3811
3812
3813
3814
3815
3816
3817
3818
3819
3820
3821
3822
3823
3824
3825
3826
3827
3828
3829
3830
3831
3832
3833
3834
3835
3836
3837
3838
3839
3840
3841
3842
3843
3844
3845
3846
3847
3848
3849
3850
3851
3852
3853
3854
3855
3856
3857
3858
3859
3860
3861
3862
3863
3864
3865
3866
3867
3868
3869
3870
3871
3872
3873
3874
3875
3876
3877
3878
3879
3880
3881
3882
3883
3884
3885
3886
3887
3888
3889
3890
3891
3892
3893
3894
3895
3896
3897
3898
3899
3900
3901
3902
3903
3904
3905
3906
3907
3908
3909
3910
3911
3912
3913
3914
3915
3916
3917
3918
3919
3920
3921
3922
3923
3924
3925
3926
3927
3928
3929
3930
3931
3932
3933
3934
3935
3936
3937
3938
3939
3940
3941
3942
3943
3944
3945
3946
3947
3948
3949
3950
3951
3952
3953
3954
3955
3956
3957
3958
3959
3960
3961
3962
3963
3964
3965
3966
3967
3968
3969
3970
3971
3972
3973
3974
3975
3976
3977
3978
3979
3980
3981
3982
3983
3984
3985
3986
3987
3988
3989
3990
3991
3992
3993
3994
3995
3996
3997
3998
3999
4000
4001
4002
4003
4004
4005
4006
4007
4008
4009
4010
4011
4012
4013
4014
4015
4016
4017
4018
4019
4020
4021
4022
4023
4024
4025
4026
4027
4028
4029
4030
4031
4032
4033
4034
4035
4036
4037
4038
4039
4040
4041
4042
4043
4044
4045
4046
4047
4048
4049
4050
4051
4052
4053
4054
4055
4056
4057
4058
4059
4060
4061
4062
4063
4064
4065
4066
4067
4068
4069
4070
4071
4072
4073
4074
4075
4076
4077
4078
4079
4080
4081
4082
4083
4084
4085
4086
4087
4088
4089
4090
4091
4092
4093
4094
4095
4096
4097
4098
4099
4100
4101
4102
4103
4104
4105
4106
4107
4108
4109
4110
4111
4112
4113
4114
4115
4116
4117
4118
4119
4120
4121
4122
4123
4124
4125
4126
4127
4128
4129
4130
4131
4132
4133
4134
4135
4136
4137
4138
4139
4140
4141
4142
4143
4144
4145
4146
4147
4148
4149
4150
4151
4152
4153
4154
4155
4156
4157
4158
4159
4160
4161
4162
4163
4164
4165
4166
4167
4168
4169
4170
4171
4172
4173
4174
4175
4176
4177
4178
4179
4180
4181
4182
4183
4184
4185
4186
4187
4188
4189
4190
4191
4192
4193
4194
4195
4196
4197
4198
4199
4200
4201
4202
4203
4204
4205
4206
4207
4208
4209
4210
4211
4212
4213
4214
4215
4216
4217
4218
4219
4220
4221
4222
4223
4224
4225
4226
4227
4228
4229
4230
4231
4232
4233
4234
4235
4236
4237
4238
4239
4240
4241
4242
4243
4244
4245
4246
4247
4248
4249
4250
4251
4252
4253
4254
4255
4256
4257
4258
4259
4260
4261
4262
4263
4264
4265
4266
4267
4268
4269
4270
4271
4272
4273
4274
4275
4276
4277
4278
4279
4280
4281
4282
4283
4284
4285
4286
4287
4288
4289
4290
4291
4292
4293
4294
4295
4296
4297
4298
4299
4300
4301
4302
4303
4304
4305
4306
4307
4308
4309
4310
4311
4312
4313
4314
4315
4316
4317
4318
4319
4320
4321
4322
4323
4324
4325
4326
4327
4328
4329
4330
4331
4332
4333
4334
4335
4336
4337
4338
4339
4340
4341
4342
4343
4344
4345
4346
4347
4348
4349
4350
4351
4352
4353
4354
4355
4356
4357
4358
4359
4360
4361
4362
4363
4364
4365
4366
4367
4368
4369
4370
4371
4372
4373
4374
4375
4376
4377
4378
4379
4380
4381
4382
4383
4384
4385
4386
4387
4388
4389
4390
4391
4392
4393
4394
4395
4396
4397
4398
4399
4400
4401
4402
4403
4404
4405
4406
4407
4408
4409
4410
4411
4412
4413
4414
4415
4416
4417
4418
4419
4420
4421
4422
4423
4424
4425
4426
4427
4428
4429
4430
4431
4432
4433
4434
4435
4436
4437
4438
4439
4440
4441
4442
4443
4444
4445
4446
4447
4448
4449
4450
4451
4452
4453
4454
4455
4456
4457
4458
4459
4460
4461
4462
4463
4464
4465
4466
4467
4468
4469
4470
4471
4472
4473
4474
4475
4476
4477
4478
4479
4480
4481
4482
4483
4484
4485
4486
4487
4488
4489
4490
4491
4492
4493
4494
4495
4496
4497
4498
4499
4500
4501
4502
4503
4504
4505
4506
4507
4508
4509
4510
4511
4512
4513
4514
4515
4516
4517
4518
4519
4520
4521
4522
4523
4524
4525
4526
4527
4528
4529
4530
4531
4532
4533
4534
4535
4536
4537
4538
4539
4540
4541
4542
4543
4544
4545
4546
4547
4548
4549
4550
4551
4552
4553
4554
4555
4556
4557
4558
4559
4560
4561
4562
4563
4564
4565
4566
4567
4568
4569
4570
4571
4572
4573
4574
4575
4576
4577
4578
4579
4580
4581
4582
4583
4584
4585
4586
4587
4588
4589
4590
4591
4592
4593
4594
4595
4596
4597
4598
4599
4600
4601
4602
4603
4604
4605
4606
4607
4608
4609
4610
4611
4612
4613
4614
4615
4616
4617
4618
4619
4620
4621
4622
4623
4624
4625
4626
4627
4628
4629
4630
4631
4632
4633
4634
4635
4636
4637
4638
4639
4640
4641
4642
4643
4644
4645
4646
4647
4648
4649
4650
4651
4652
4653
4654
4655
4656
4657
4658
4659
4660
4661
4662
4663
4664
4665
4666
4667
4668
4669
4670
4671
4672
4673
4674
4675
4676
4677
4678
4679
4680
4681
4682
4683
4684
4685
4686
4687
4688
4689
4690
4691
4692
4693
4694
4695
4696
4697
4698
4699
4700
4701
4702
4703
4704
4705
4706
4707
4708
4709
4710
4711
4712
4713
4714
4715
4716
4717
4718
4719
4720
4721
4722
4723
4724
4725
4726
4727
4728
4729
4730
4731
4732
4733
4734
4735
4736
4737
4738
4739
4740
4741
4742
4743
4744
4745
4746
4747
4748
4749
4750
4751
4752
4753
4754
4755
4756
4757
4758
4759
4760
4761
4762
4763
4764
4765
4766
4767
4768
4769
4770
4771
4772
4773
4774
4775
4776
4777
4778
4779
4780
4781
4782
4783
4784
4785
4786
4787
4788
4789
4790
4791
4792
4793
4794
4795
4796
4797
4798
4799
4800
4801
4802
4803
4804
4805
4806
4807
4808
4809
4810
4811
4812
4813
4814
4815
4816
4817
4818
4819
4820
4821
4822
4823
4824
4825
4826
4827
4828
4829
4830
4831
4832
4833
4834
4835
4836
4837
4838
4839
4840
4841
4842
4843
4844
4845
4846
4847
4848
4849
4850
4851
4852
4853
4854
4855
4856
4857
4858
4859
4860
4861
4862
4863
4864
4865
4866
4867
4868
4869
4870
4871
4872
4873
4874
4875
4876
4877
4878
4879
4880
4881
4882
4883
4884
4885
4886
4887
4888
4889
4890
4891
4892
4893
4894
4895
4896
4897
4898
4899
4900
4901
4902
4903
4904
4905
4906
4907
4908
4909
4910
4911
4912
4913
4914
4915
4916
4917
4918
4919
4920
4921
4922
4923
4924
4925
4926
4927
4928
4929
4930
4931
4932
4933
4934
4935
4936
4937
4938
4939
4940
4941
4942
4943
4944
4945
4946
4947
4948
4949
4950
4951
4952
4953
4954
4955
4956
4957
4958
4959
4960
4961
4962
4963
4964
4965
4966
4967
4968
4969
4970
4971
4972
4973
4974
4975
4976
4977
4978
4979
4980
4981
4982
4983
4984
4985
4986
4987
4988
4989
4990
4991
4992
4993
4994
4995
4996
4997
4998
4999
5000
5001
5002
5003
5004
5005
5006
5007
5008
5009
5010
5011
5012
5013
5014
5015
5016
5017
5018
5019
5020
5021
5022
5023
5024
5025
5026
5027
5028
5029
5030
5031
5032
5033
5034
5035
5036
5037
5038
5039
5040
5041
5042
5043
5044
5045
5046
5047
5048
5049
5050
5051
5052
5053
5054
5055
5056
5057
5058
5059
5060
5061
5062
5063
5064
5065
5066
5067
5068
5069
5070
5071
5072
5073
5074
5075
5076
5077
5078
5079
5080
5081
5082
5083
5084
5085
5086
5087
5088
5089
5090
5091
5092
5093
5094
5095
5096
5097
5098
5099
5100
5101
5102
5103
5104
5105
5106
5107
5108
5109
5110
5111
5112
5113
5114
5115
5116
5117
5118
5119
5120
5121
5122
5123
5124
5125
5126
5127
5128
5129
5130
5131
5132
5133
5134
5135
5136
5137
5138
5139
5140
5141
5142
5143
5144
5145
5146
5147
5148
5149
5150
5151
5152
5153
5154
5155
5156
5157
5158
5159
5160
5161
5162
5163
5164
5165
5166
5167
5168
5169
5170
5171
5172
5173
5174
5175
5176
5177
5178
5179
5180
5181
5182
5183
5184
5185
5186
5187
5188
5189
5190
5191
5192
5193
5194
5195
5196
5197
5198
5199
5200
5201
5202
5203
5204
5205
5206
5207
5208
5209
5210
5211
5212
5213
5214
5215
5216
5217
5218
5219
5220
5221
5222
5223
5224
5225
5226
5227
5228
5229
5230
5231
5232
5233
5234
5235
5236
5237
5238
5239
5240
5241
5242
5243
5244
5245
5246
5247
5248
5249
5250
5251
5252
5253
5254
5255
5256
5257
5258
5259
5260
5261
5262
5263
5264
5265
5266
5267
5268
5269
5270
5271
5272
5273
5274
5275
5276
5277
5278
5279
5280
5281
5282
5283
5284
5285
5286
5287
5288
5289
5290
5291
5292
5293
5294
5295
5296
5297
5298
5299
5300
5301
5302
5303
5304
5305
5306
5307
5308
5309
5310
5311
5312
5313
5314
5315
5316
5317
5318
5319
5320
5321
5322
5323
5324
5325
5326
5327
5328
5329
5330
5331
5332
5333
5334
5335
5336
5337
5338
5339
5340
5341
5342
5343
5344
5345
5346
5347
5348
5349
5350
5351
5352
5353
5354
5355
5356
5357
5358
5359
5360
5361
5362
5363
5364
5365
5366
5367
5368
5369
5370
5371
5372
5373
5374
5375
5376
5377
5378
5379
5380
5381
5382
5383
5384
5385
5386
5387
5388
5389
5390
5391
5392
5393
5394
5395
5396
5397
5398
5399
5400
5401
5402
5403
5404
5405
5406
5407
5408
5409
5410
5411
5412
5413
5414
5415
5416
5417
5418
5419
5420
5421
5422
5423
5424
5425
5426
5427
5428
5429
5430
5431
5432
5433
5434
5435
5436
5437
5438
5439
5440
5441
5442
5443
5444
5445
5446
5447
5448
5449
5450
5451
5452
5453
5454
5455
5456
5457
5458
5459
5460
5461
5462
5463
5464
5465
5466
5467
5468
5469
5470
5471
5472
5473
5474
5475
5476
5477
5478
5479
5480
5481
5482
5483
5484
5485
5486
5487
5488
5489
5490
5491
5492
5493
5494
5495
5496
5497
5498
5499
5500
5501
5502
5503
5504
5505
5506
5507
5508
5509
5510
5511
5512
5513
5514
5515
5516
5517
5518
5519
5520
5521
5522
5523
5524
5525
5526
5527
5528
5529
5530
5531
5532
5533
5534
5535
5536
5537
5538
5539
5540
5541
5542
5543
5544
5545
5546
5547
5548
5549
5550
5551
5552
5553
5554
5555
5556
5557
5558
5559
5560
5561
5562
5563
5564
5565
5566
5567
5568
5569
5570
5571
5572
5573
5574
5575
5576
5577
5578
5579
5580
5581
5582
5583
5584
5585
5586
5587
5588
5589
5590
5591
5592
5593
5594
5595
5596
5597
5598
5599
5600
5601
5602
5603
5604
5605
5606
5607
5608
5609
5610
5611
5612
5613
5614
5615
5616
5617
5618
5619
5620
5621
5622
5623
5624
5625
5626
5627
5628
5629
5630
5631
5632
5633
5634
5635
5636
5637
5638
5639
5640
5641
5642
5643
5644
5645
5646
5647
5648
5649
5650
5651
5652
5653
5654
5655
5656
5657
5658
5659
5660
5661
5662
5663
5664
5665
5666
5667
5668
5669
5670
5671
5672
5673
5674
5675
5676
5677
5678
5679
5680
5681
5682
5683
5684
5685
5686
5687
5688
5689
5690
5691
5692
5693
5694
5695
5696
5697
5698
5699
5700
5701
5702
5703
5704
5705
5706
5707
5708
5709
5710
5711
5712
5713
5714
5715
5716
5717
5718
5719
5720
5721
5722
5723
5724
5725
5726
5727
5728
5729
5730
5731
5732
5733
5734
5735
5736
5737
5738
5739
5740
5741
5742
5743
5744
5745
5746
5747
5748
5749
5750
5751
5752
5753
5754
5755
5756
5757
5758
5759
5760
5761
5762
5763
5764
5765
5766
5767
5768
5769
5770
5771
5772
5773
5774
5775
5776
5777
5778
5779
5780
5781
5782
5783
5784
5785
5786
5787
5788
5789
5790
5791
5792
5793
5794
5795
5796
5797
5798
5799
5800
5801
5802
5803
5804
5805
5806
5807
5808
5809
5810
5811
5812
5813
5814
5815
5816
5817
5818
5819
5820
5821
5822
5823
5824
5825
5826
5827
5828
5829
5830
5831
5832
5833
5834
5835
5836
5837
5838
5839
5840
5841
5842
5843
5844
5845
5846
5847
5848
5849
5850
5851
5852
5853
5854
5855
5856
5857
5858
5859
5860
5861
5862
5863
5864
5865
5866
5867
5868
5869
5870
5871
5872
5873
5874
5875
5876
5877
5878
5879
5880
5881
5882
5883
5884
5885
5886
5887
5888
5889
5890
5891
5892
5893
5894
5895
5896
5897
5898
5899
5900
5901
5902
5903
5904
5905
5906
5907
5908
5909
5910
5911
5912
5913
5914
5915
5916
5917
5918
5919
5920
5921
5922
5923
5924
5925
5926
5927
5928
5929
5930
5931
5932
5933
5934
5935
5936
5937
5938
5939
5940
5941
5942
5943
5944
5945
5946
5947
5948
5949
5950
5951
5952
5953
5954
5955
5956
5957
5958
5959
5960
5961
5962
5963
5964
5965
5966
5967
5968
5969
5970
5971
5972
5973
5974
5975
5976
5977
5978
5979
5980
5981
5982
5983
5984
5985
5986
5987
5988
5989
5990
5991
5992
5993
5994
5995
5996
5997
5998
5999
6000
6001
6002
6003
6004
6005
6006
6007
6008
6009
6010
6011
6012
6013
6014
6015
6016
6017
6018
6019
6020
6021
6022
6023
6024
6025
6026
6027
6028
6029
6030
6031
6032
6033
6034
6035
6036
6037
6038
6039
6040
6041
6042
6043
6044
6045
6046
6047
6048
6049
6050
6051
6052
6053
6054
6055
6056
6057
6058
6059
6060
6061
6062
6063
6064
6065
6066
6067
6068
6069
6070
6071
6072
6073
6074
6075
6076
6077
6078
6079
6080
6081
6082
6083
6084
6085
6086
6087
6088
6089
6090
6091
6092
6093
6094
6095
6096
6097
6098
6099
6100
6101
6102
6103
6104
6105
6106
6107
6108
6109
6110
6111
6112
6113
6114
6115
6116
6117
6118
6119
6120
6121
6122
6123
6124
6125
6126
6127
6128
6129
6130
6131
6132
6133
6134
6135
6136
6137
6138
6139
6140
6141
6142
6143
6144
6145
6146
6147
6148
6149
6150
6151
6152
6153
6154
6155
6156
6157
6158
6159
6160
6161
6162
6163
6164
6165
6166
6167
6168
6169
6170
6171
6172
6173
6174
6175
6176
6177
6178
6179
6180
6181
6182
6183
6184
6185
6186
6187
6188
6189
6190
6191
6192
6193
6194
6195
6196
6197
6198
6199
6200
6201
6202
6203
6204
6205
6206
6207
6208
6209
6210
6211
6212
6213
6214
6215
6216
6217
6218
6219
6220
6221
6222
6223
6224
6225
6226
6227
6228
6229
6230
6231
6232
6233
6234
6235
6236
6237
6238
6239
6240
6241
6242
6243
6244
6245
6246
6247
6248
6249
6250
6251
6252
6253
6254
6255
6256
6257
6258
6259
6260
6261
6262
6263
6264
6265
6266
6267
6268
6269
6270
6271
6272
6273
6274
6275
6276
6277
6278
6279
6280
6281
6282
6283
6284
6285
6286
6287
6288
6289
6290
6291
6292
6293
6294
6295
6296
6297
6298
6299
6300
6301
6302
6303
6304
6305
6306
6307
6308
6309
6310
6311
6312
6313
6314
6315
6316
6317
6318
6319
6320
6321
6322
6323
6324
6325
6326
6327
6328
6329
6330
6331
6332
6333
6334
6335
6336
6337
6338
6339
6340
6341
6342
6343
6344
6345
6346
6347
6348
6349
6350
6351
6352
6353
6354
6355
6356
6357
6358
6359
6360
6361
6362
6363
6364
6365
6366
6367
6368
6369
6370
6371
6372
6373
6374
6375
6376
6377
6378
6379
6380
6381
6382
6383
6384
6385
6386
6387
6388
6389
6390
6391
6392
6393
6394
6395
6396
6397
6398
6399
6400
6401
6402
6403
6404
6405
6406
6407
6408
6409
6410
6411
6412
6413
6414
6415
6416
6417
6418
6419
6420
6421
6422
6423
6424
6425
6426
6427
6428
6429
6430
6431
6432
6433
6434
6435
6436
6437
6438
6439
6440
6441
6442
6443
6444
6445
6446
6447
6448
6449
6450
6451
6452
6453
6454
6455
6456
6457
6458
6459
6460
6461
6462
6463
6464
6465
6466
6467
6468
6469
6470
6471
6472
6473
6474
6475
6476
6477
6478
6479
6480
6481
6482
6483
6484
6485
6486
6487
6488
6489
6490
2.59752537611283 0.1134104071498736 0.100000000000356
2.590106215038538 0.2266049311439112 0.100000000000356
2.577756639571906 0.3393680997721341 0.100000000000356
2.56050015783174 0.4514852619340188 0.100000000000356
2.538369618511827 0.5627429962390674 0.100000000000356
2.511407148351577 0.6729295172665538 0.100000000000356
2.47966407194539 0.78183507871111 0.100000000000356
2.443200814043362 0.8892523726467385 0.100000000000356
2.402086784529345 0.9949769241492333 0.100000000000356
2.356400246295289 1.098807480525818 0.100000000000356
2.306228166263376 1.200546394411088 0.100000000000356
2.25166604983954 1.3 0.100000000000356
2.192817759113503 1.396978981701742 0.100000000000356
2.129795315151378 1.49129873451272 0.100000000000356
2.062718684757211 1.582779715422673 0.100000000000356
1.991715552109343 1.671247785185002 0.100000000000356
1.916921075706322 1.756534539800716 0.100000000000356
1.838477631085023 1.838477631085023 0.100000000000356
1.756534539800716 1.916921075706322 0.100000000000356
1.671247785185002 1.991715552109343 0.100000000000356
1.582779715422673 2.062718684757211 0.100000000000356
1.49129873451272 2.129795315151378 0.100000000000356
1.396978981701742 2.192817759113503 0.100000000000356
1.3 2.25166604983954 0.100000000000356
1.200546394411088 2.306228166263376 0.100000000000356
1.098807480525818 2.356400246295289 0.100000000000356
0.9949769241492334 2.402086784529345 0.100000000000356
0.8892523726467388 2.443200814043361 0.100000000000356
0.7818350787111099 2.47966407194539 0.100000000000356
0.6729295172665538 2.511407148351577 0.100000000000356
0.5627429962390674 2.538369618511827 0.100000000000356
0.451485261934019 2.56050015783174 0.100000000000356
0.3393680997721344 2.577756639571906 0.100000000000356
0.2266049311439117 2.590106215038538 0.100000000000356
0.1134104071498736 2.59752537611283 0.100000000000356
2.59752537611283 0.1134104071498736 0.2000000000007049
2.590106215038539 0.2266049311439112 0.2000000000007049
2.577756639571907 0.3393680997721341 0.2000000000007049
2.560500157831741 0.4514852619340189 0.2000000000007049
2.538369618511827 0.5627429962390675 0.2000000000007049
2.511407148351578 0.6729295172665539 0.2000000000007049
2.47966407194539 0.7818350787111101 0.2000000000007049
2.443200814043362 0.8892523726467387 0.2000000000007049
2.402086784529346 0.9949769241492334 0.2000000000007049
2.35640024629529 1.098807480525819 0.2000000000007049
2.306228166263376 1.200546394411088 0.2000000000007049
2.251666049839541 1.3 0.2000000000007049
2.192817759113503 1.396978981701742 0.2000000000007049
2.129795315151379 1.49129873451272 0.2000000000007049
2.062718684757212 1.582779715422674 0.2000000000007049
1.991715552109343 1.671247785185002 0.2000000000007049
1.916921075706323 1.756534539800716 0.2000000000007049
1.838477631085024 1.838477631085023 0.2000000000007049
1.756534539800717 1.916921075706323 0.2000000000007049
1.671247785185002 1.991715552109343 0.2000000000007049
1.582779715422674 2.062718684757212 0.2000000000007049
1.49129873451272 2.129795315151379 0.2000000000007049
1.396978981701742 2.192817759113503 0.2000000000007049
1.3 2.25166604983954 0.2000000000007049
1.200546394411089 2.306228166263376 0.2000000000007049
1.098807480525819 2.35640024629529 0.2000000000007049
0.9949769241492337 2.402086784529346 0.2000000000007049
0.889252372646739 2.443200814043362 0.2000000000007049
0.78183507871111 2.47966407194539 0.2000000000007049
0.6729295172665539 2.511407148351578 0.2000000000007049
0.5627429962390675 2.538369618511827 0.2000000000007049
0.4514852619340191 2.560500157831741 0.2000000000007049
0.3393680997721344 2.577756639571907 0.2000000000007049
0.2266049311439118 2.590106215038539 0.2000000000007049
0.1134104071498736 2.59752537611283 0.2000000000007049
2.597525376112831 0.1134104071498736 0.3000000000010504
2.590106215038539 0.2266049311439113 0.3000000000010504
2.577756639571908 0.3393680997721342 0.3000000000010504
2.560500157831742 0.4514852619340191 0.3000000000010504
2.538369618511828 0.5627429962390676 0.3000000000010504
2.511407148351579 0.6729295172665541 0.3000000000010504
2.479664071945391 0.7818350787111104 0.3000000000010504
2.443200814043363 0.889252372646739 0.3000000000010504
2.402086784529347 0.9949769241492338 0.3000000000010504
2.356400246295291 1.098807480525819 0.3000000000010504
2.306228166263377 1.200546394411089 0.3000000000010504
2.251666049839542 1.3 0.3000000000010504
2.192817759113504 1.396978981701743 0.3000000000010504
2.129795315151379 1.49129873451272 0.3000000000010504
2.062718684757212 1.582779715422674 0.3000000000010504
1.991715552109343 1.671247785185003 0.3000000000010504
1.916921075706323 1.756534539800717 0.3000000000010504
1.838477631085024 1.838477631085024 0.3000000000010504
1.756534539800717 1.916921075706323 0.3000000000010504
1.671247785185003 1.991715552109343 0.3000000000010504
1.582779715422674 2.062718684757212 0.3000000000010504
1.491298734512721 2.129795315151379 0.3000000000010504
1.396978981701743 2.192817759113504 0.3000000000010504
1.300000000000001 2.251666049839541 0.3000000000010504
1.200546394411089 2.306228166263377 0.3000000000010504
1.098807480525819 2.356400246295291 0.3000000000010504
0.994976924149234 2.402086784529347 0.3000000000010504
0.8892523726467393 2.443200814043363 0.3000000000010504
0.7818350787111102 2.479664071945391 0.3000000000010504
0.6729295172665541 2.511407148351579 0.3000000000010504
0.5627429962390678 2.538369618511828 0.3000000000010504
0.4514852619340192 2.560500157831742 0.3000000000010504
0.3393680997721346 2.577756639571908 0.3000000000010504
0.2266049311439118 2.590106215038539 0.3000000000010504
0.1134104071498737 2.597525376112831 0.3000000000010504
2.597525376112831 0.1134104071498736 0.4000000000013959
2.590106215038539 0.2266049311439113 0.4000000000013959
2.577756639571908 0.3393680997721342 0.4000000000013959
2.560500157831742 0.4514852619340191 0.4000000000013959
2.538369618511828 0.5627429962390676 0.4000000000013959
2.511407148351579 0.6729295172665541 0.4000000000013959
2.479664071945391 0.7818350787111104 0.4000000000013959
2.443200814043363 0.889252372646739 0.4000000000013959
2.402086784529347 0.9949769241492338 0.4000000000013959
2.356400246295291 1.098807480525819 0.4000000000013959
2.306228166263377 1.200546394411089 0.4000000000013959
2.251666049839542 1.3 0.4000000000013959
2.192817759113504 1.396978981701743 0.4000000000013959
2.129795315151379 1.49129873451272 0.4000000000013959
2.062718684757212 1.582779715422674 0.4000000000013959
1.991715552109343 1.671247785185003 0.4000000000013959
1.916921075706323 1.756534539800717 0.4000000000013959
1.838477631085024 1.838477631085024 0.4000000000013959
1.756534539800717 1.916921075706323 0.4000000000013959
1.671247785185003 1.991715552109343 0.4000000000013959
1.582779715422674 2.062718684757212 0.4000000000013959
1.491298734512721 2.129795315151379 0.4000000000013959
1.396978981701743 2.192817759113504 0.4000000000013959
1.300000000000001 2.251666049839541 0.4000000000013959
1.200546394411089 2.306228166263377 0.4000000000013959
1.098807480525819 2.356400246295291 0.4000000000013959
0.994976924149234 2.402086784529347 0.4000000000013959
0.8892523726467393 2.443200814043363 0.4000000000013959
0.7818350787111102 2.479664071945391 0.4000000000013959
0.6729295172665541 2.511407148351579 0.4000000000013959
0.5627429962390678 2.538369618511828 0.4000000000013959
0.4514852619340192 2.560500157831742 0.4000000000013959
0.3393680997721346 2.577756639571908 0.4000000000013959
0.2266049311439118 2.590106215038539 0.4000000000013959
0.1134104071498737 2.597525376112831 0.4000000000013959
2.597525376112831 0.1134104071498736 0.5000000000017226
2.590106215038539 0.2266049311439113 0.5000000000017226
2.577756639571908 0.3393680997721342 0.5000000000017226
2.560500157831742 0.4514852619340191 0.5000000000017226
2.538369618511828 0.5627429962390676 0.5000000000017226
2.511407148351579 0.6729295172665541 0.5000000000017226
2.479664071945391 0.7818350787111104 0.5000000000017226
2.443200814043363 0.889252372646739 0.5000000000017226
2.402086784529347 0.9949769241492338 0.5000000000017226
2.356400246295291 1.098807480525819 0.5000000000017226
2.306228166263377 1.200546394411089 0.5000000000017226
2.251666049839542 1.3 0.5000000000017226
2.192817759113504 1.396978981701743 0.5000000000017226
2.129795315151379 1.49129873451272 0.5000000000017226
2.062718684757212 1.582779715422674 0.5000000000017226
1.991715552109343 1.671247785185003 0.5000000000017226
1.916921075706323 1.756534539800717 0.5000000000017226
1.838477631085024 1.838477631085024 0.5000000000017226
1.756534539800717 1.916921075706323 0.5000000000017226
1.671247785185003 1.991715552109343 0.5000000000017226
1.582779715422674 2.062718684757212 0.5000000000017226
1.491298734512721 2.129795315151379 0.5000000000017226
1.396978981701743 2.192817759113504 0.5000000000017226
1.300000000000001 2.251666049839541 0.5000000000017226
1.200546394411089 2.306228166263377 0.5000000000017226
1.098807480525819 2.356400246295291 0.5000000000017226
0.994976924149234 2.402086784529347 0.5000000000017226
0.8892523726467393 2.443200814043363 0.5000000000017226
0.7818350787111102 2.479664071945391 0.5000000000017226
0.6729295172665541 2.511407148351579 0.5000000000017226
0.5627429962390678 2.538369618511828 0.5000000000017226
0.4514852619340192 2.560500157831742 0.5000000000017226
0.3393680997721346 2.577756639571908 0.5000000000017226
0.2266049311439118 2.590106215038539 0.5000000000017226
0.1134104071498737 2.597525376112831 0.5000000000017226
2.597525376112832 0.1134104071498737 0.6000000000011432
2.59010621503854 0.2266049311439114 0.6000000000011432
2.577756639571908 0.3393680997721343 0.6000000000011432
2.560500157831742 0.4514852619340191 0.6000000000011432
2.538369618511828 0.5627429962390678 0.6000000000011432
2.511407148351579 0.6729295172665543 0.6000000000011432
2.479664071945392 0.7818350787111106 0.6000000000011432
2.443200814043363 0.8892523726467392 0.6000000000011432
2.402086784529347 0.994976924149234 0.6000000000011432
2.356400246295291 1.098807480525819 0.6000000000011432
2.306228166263378 1.200546394411089 0.6000000000011432
2.251666049839542 1.3 0.6000000000011432
2.192817759113504 1.396978981701743 0.6000000000011432
2.12979531515138 1.49129873451272 0.6000000000011432
2.062718684757213 1.582779715422675 0.6000000000011432
1.991715552109344 1.671247785185003 0.6000000000011432
1.916921075706324 1.756534539800717 0.6000000000011432
1.838477631085025 1.838477631085024 0.6000000000011432
1.756534539800717 1.916921075706324 0.6000000000011432
1.671247785185003 1.991715552109344 0.6000000000011432
1.582779715422675 2.062718684757213 0.6000000000011432
1.491298734512721 2.12979531515138 0.6000000000011432
1.396978981701743 2.192817759113504 0.6000000000011432
1.300000000000001 2.251666049839542 0.6000000000011432
1.200546394411089 2.306228166263377 0.6000000000011432
1.098807480525819 2.356400246295291 0.6000000000011432
0.9949769241492341 2.402086784529347 0.6000000000011432
0.8892523726467394 2.443200814043363 0.6000000000011432
0.7818350787111104 2.479664071945392 0.6000000000011432
0.6729295172665543 2.511407148351579 0.6000000000011432
0.5627429962390679 2.538369618511828 0.6000000000011432
0.4514852619340193 2.560500157831742 0.6000000000011432
0.3393680997721346 2.577756639571908 0.6000000000011432
0.2266049311439119 2.59010621503854 0.6000000000011432
0.1134104071498737 2.597525376112832 0.6000000000011432
2.59752537611283 0.1134104071498736 0.7000000000005453
2.590106215038538 0.2266049311439112 0.7000000000005453
2.577756639571906 0.3393680997721341 0.7000000000005453
2.56050015783174 0.4514852619340188 0.7000000000005453
2.538369618511827 0.5627429962390674 0.7000000000005453
2.511407148351577 0.6729295172665538 0.7000000000005453
2.47966407194539 0.78183507871111 0.7000000000005453
2.443200814043362 0.8892523726467385 0.7000000000005453
2.402086784529345 0.9949769241492333 0.7000000000005453
2.356400246295289 1.098807480525818 0.7000000000005453
2.306228166263376 1.200546394411088 0.7000000000005453
2.25166604983954 1.3 0.7000000000005453
2.192817759113503 1.396978981701742 0.7000000000005453
2.129795315151378 1.49129873451272 0.7000000000005453
2.062718684757211 1.582779715422673 0.7000000000005453
1.991715552109343 1.671247785185002 0.7000000000005453
1.916921075706322 1.756534539800716 0.7000000000005453
1.838477631085023 1.838477631085023 0.7000000000005453
1.756534539800716 1.916921075706322 0.7000000000005453
1.671247785185002 1.991715552109343 0.7000000000005453
1.582779715422673 2.062718684757211 0.7000000000005453
1.49129873451272 2.129795315151378 0.7000000000005453
1.396978981701742 2.192817759113503 0.7000000000005453
1.3 2.25166604983954 0.7000000000005453
1.200546394411088 2.306228166263376 0.7000000000005453
1.098807480525818 2.356400246295289 0.7000000000005453
0.9949769241492334 2.402086784529345 0.7000000000005453
0.8892523726467388 2.443200814043361 0.7000000000005453
0.7818350787111099 2.47966407194539 0.7000000000005453
0.6729295172665538 2.511407148351577 0.7000000000005453
0.5627429962390674 2.538369618511827 0.7000000000005453
0.451485261934019 2.56050015783174 0.7000000000005453
0.3393680997721344 2.577756639571906 0.7000000000005453
0.2266049311439117 2.590106215038538 0.7000000000005453
0.1134104071498736 2.59752537611283 0.7000000000005453
2.597525376112831 0.1134104071498736 0.7999999999999472
2.590106215038539 0.2266049311439113 0.7999999999999472
2.577756639571908 0.3393680997721342 0.7999999999999472
2.560500157831742 0.4514852619340191 0.7999999999999472
2.538369618511828 0.5627429962390676 0.7999999999999472
2.511407148351579 0.6729295172665541 0.7999999999999472
2.479664071945391 0.7818350787111104 0.7999999999999472
2.443200814043363 0.889252372646739 0.7999999999999472
2.402086784529347 0.9949769241492338 0.7999999999999472
2.356400246295291 1.098807480525819 0.7999999999999472
2.306228166263377 1.200546394411089 0.7999999999999472
2.251666049839542 1.3 0.7999999999999472
2.192817759113504 1.396978981701743 0.7999999999999472
2.129795315151379 1.49129873451272 0.7999999999999472
2.062718684757212 1.582779715422674 0.7999999999999472
1.991715552109343 1.671247785185003 0.7999999999999472
1.916921075706323 1.756534539800717 0.7999999999999472
1.838477631085024 1.838477631085024 0.7999999999999472
1.756534539800717 1.916921075706323 0.7999999999999472
1.671247785185003 1.991715552109343 0.7999999999999472
1.582779715422674 2.062718684757212 0.7999999999999472
1.491298734512721 2.129795315151379 0.7999999999999472
1.396978981701743 2.192817759113504 0.7999999999999472
1.300000000000001 2.251666049839541 0.7999999999999472
1.200546394411089 2.306228166263377 0.7999999999999472
1.098807480525819 2.356400246295291 0.7999999999999472
0.994976924149234 2.402086784529347 0.7999999999999472
0.8892523726467393 2.443200814043363 0.7999999999999472
0.7818350787111102 2.479664071945391 0.7999999999999472
0.6729295172665541 2.511407148351579 0.7999999999999472
0.5627429962390678 2.538369618511828 0.7999999999999472
0.4514852619340192 2.560500157831742 0.7999999999999472
0.3393680997721346 2.577756639571908 0.7999999999999472
0.2266049311439118 2.590106215038539 0.7999999999999472
0.1134104071498737 2.597525376112831 0.7999999999999472
2.597525376112831 0.1134104071498736 0.8999999999995987
2.590106215038539 0.2266049311439113 0.8999999999995987
2.577756639571908 0.3393680997721342 0.8999999999995987
2.560500157831742 0.4514852619340191 0.8999999999995987
2.538369618511828 0.5627429962390676 0.8999999999995987
2.511407148351579 0.6729295172665541 0.8999999999995987
2.479664071945391 0.7818350787111104 0.8999999999995987
2.443200814043363 0.889252372646739 0.8999999999995987
2.402086784529347 0.9949769241492338 0.8999999999995987
2.356400246295291 1.098807480525819 0.8999999999995987
2.306228166263377 1.200546394411089 0.8999999999995987
2.251666049839542 1.3 0.8999999999995987
2.192817759113504 1.396978981701743 0.8999999999995987
2.129795315151379 1.49129873451272 0.8999999999995987
2.062718684757212 1.582779715422674 0.8999999999995987
1.991715552109343 1.671247785185003 0.8999999999995987
1.916921075706323 1.756534539800717 0.8999999999995987
1.838477631085024 1.838477631085024 0.8999999999995987
1.756534539800717 1.916921075706323 0.8999999999995987
1.671247785185003 1.991715552109343 0.8999999999995987
1.582779715422674 2.062718684757212 0.8999999999995987
1.491298734512721 2.129795315151379 0.8999999999995987
1.396978981701743 2.192817759113504 0.8999999999995987
1.300000000000001 2.251666049839541 0.8999999999995987
1.200546394411089 2.306228166263377 0.8999999999995987
1.098807480525819 2.356400246295291 0.8999999999995987
0.994976924149234 2.402086784529347 0.8999999999995987
0.8892523726467393 2.443200814043363 0.8999999999995987
0.7818350787111102 2.479664071945391 0.8999999999995987
0.6729295172665541 2.511407148351579 0.8999999999995987
0.5627429962390678 2.538369618511828 0.8999999999995987
0.4514852619340192 2.560500157831742 0.8999999999995987
0.3393680997721346 2.577756639571908 0.8999999999995987
0.2266049311439118 2.590106215038539 0.8999999999995987
0.1134104071498737 2.597525376112831 0.8999999999995987
2.697430198271017 0.1177723458864072 0.1000000000002958
2.689725684847714 0.2353205054186771 0.1000000000002958
2.676901125709289 0.3524207189941394 0.1000000000002958
2.658980933132963 0.4688500797007121 0.1000000000002958
2.635999219223821 0.584386957632878 0.1000000000002958
2.607999730980485 0.6988114217768062 0.1000000000002958
2.575035767020214 0.8119056586615377 0.1000000000002958
2.537170076121954 0.9234543869793059 0.1000000000002958
2.494474737780475 1.033245267385743 0.1000000000002958
2.447031024998956 1.141069306699889 0.1000000000002958
2.3949292495812 1.246721255734592 0.1000000000002958
2.338268590217985 1.35 0.1000000000002958
2.277156903694793 1.450708942536425 0.1000000000002958
2.211710519580279 1.548656378147825 0.1000000000002958
2.142054018786336 1.643655858323546 0.1000000000002958
2.068319996421241 1.735526546153657 0.1000000000002958
1.990648809387336 1.824093560562283 0.1000000000002958
1.909188309203679 1.909188309203679 0.1000000000002958
1.824093560562283 1.990648809387336 0.1000000000002958
1.735526546153657 2.068319996421241 0.1000000000002958
1.643655858323546 2.142054018786336 0.1000000000002958
1.548656378147825 2.211710519580279 0.1000000000002958
1.450708942536425 2.277156903694793 0.1000000000002958
1.350000000000001 2.338268590217985 0.1000000000002958
1.246721255734593 2.394929249581199 0.1000000000002958
1.141069306699889 2.447031024998956 0.1000000000002958
1.033245267385743 2.494474737780475 0.1000000000002958
0.9234543869793062 2.537170076121953 0.1000000000002958
0.8119056586615376 2.575035767020214 0.1000000000002958
0.6988114217768062 2.607999730980485 0.1000000000002958
0.5843869576328781 2.635999219223821 0.1000000000002958
0.4688500797007123 2.658980933132963 0.1000000000002958
0.3524207189941397 2.676901125709289 0.1000000000002958
0.2353205054186777 2.689725684847714 0.1000000000002958
0.1177723458864073 2.697430198271017 0.1000000000002958
2.697430198271016 0.1177723458864072 0.2000000000005774
2.689725684847713 0.2353205054186771 0.2000000000005774
2.676901125709288 0.3524207189941393 0.2000000000005774
2.658980933132962 0.4688500797007119 0.2000000000005774
2.63599921922382 0.5843869576328778 0.2000000000005774
2.607999730980485 0.698811421776806 0.2000000000005774
2.575035767020213 0.8119056586615375 0.2000000000005774
2.537170076121953 0.9234543869793056 0.2000000000005774
2.494474737780474 1.033245267385742 0.2000000000005774
2.447031024998955 1.141069306699888 0.2000000000005774
2.394929249581199 1.246721255734592 0.2000000000005774
2.338268590217984 1.35 0.2000000000005774
2.277156903694792 1.450708942536425 0.2000000000005774
2.211710519580278 1.548656378147824 0.2000000000005774
2.142054018786335 1.643655858323546 0.2000000000005774
2.068319996421241 1.735526546153656 0.2000000000005774
1.990648809387335 1.824093560562283 0.2000000000005774
1.909188309203679 1.909188309203678 0.2000000000005774
1.824093560562283 1.990648809387335 0.2000000000005774
1.735526546153656 2.068319996421241 0.2000000000005774
1.643655858323546 2.142054018786335 0.2000000000005774
1.548656378147825 2.211710519580278 0.2000000000005774
1.450708942536425 2.277156903694792 0.2000000000005774
1.35 2.338268590217984 0.2000000000005774
1.246721255734592 2.394929249581199 0.2000000000005774
1.141069306699888 2.447031024998955 0.2000000000005774
1.033245267385743 2.494474737780474 0.2000000000005774
0.9234543869793059 2.537170076121952 0.2000000000005774
0.8119056586615373 2.575035767020213 0.2000000000005774
0.698811421776806 2.607999730980485 0.2000000000005774
0.5843869576328778 2.63599921922382 0.2000000000005774
0.4688500797007121 2.658980933132962 0.2000000000005774
0.3524207189941396 2.676901125709288 0.2000000000005774
0.2353205054186776 2.689725684847713 0.2000000000005774
0.1177723458864072 2.697430198271016 0.2000000000005774
2.697430198271016 0.1177723458864072 0.3000000000008519
2.689725684847713 0.2353205054186771 0.3000000000008519
2.676901125709288 0.3524207189941393 0.3000000000008519
2.658980933132962 0.4688500797007119 0.3000000000008519
2.63599921922382 0.5843869576328778 0.3000000000008519
2.607999730980485 0.698811421776806 0.3000000000008519
2.575035767020213 0.8119056586615375 0.3000000000008519
2.537170076121953 0.9234543869793056 0.3000000000008519
2.494474737780474 1.033245267385742 0.3000000000008519
2.447031024998955 1.141069306699888 0.3000000000008519
2.394929249581199 1.246721255734592 0.3000000000008519
2.338268590217984 1.35 0.3000000000008519
2.277156903694792 1.450708942536425 0.3000000000008519
2.211710519580278 1.548656378147824 0.3000000000008519
2.142054018786335 1.643655858323546 0.3000000000008519
2.068319996421241 1.735526546153656 0.3000000000008519
1.990648809387335 1.824093560562283 0.3000000000008519
1.909188309203679 1.909188309203678 0.3000000000008519
1.824093560562283 1.990648809387335 0.3000000000008519
1.735526546153656 2.068319996421241 0.3000000000008519
1.643655858323546 2.142054018786335 0.3000000000008519
1.548656378147825 2.211710519580278 0.3000000000008519
1.450708942536425 2.277156903694792 0.3000000000008519
1.35 2.338268590217984 0.3000000000008519
1.246721255734592 2.394929249581199 0.3000000000008519
1.141069306699888 2.447031024998955 0.3000000000008519
1.033245267385743 2.494474737780474 0.3000000000008519
0.9234543869793059 2.537170076121952 0.3000000000008519
0.8119056586615373 2.575035767020213 0.3000000000008519
0.698811421776806 2.607999730980485 0.3000000000008519
0.5843869576328778 2.63599921922382 0.3000000000008519
0.4688500797007121 2.658980933132962 0.3000000000008519
0.3524207189941396 2.676901125709288 0.3000000000008519
0.2353205054186776 2.689725684847713 0.3000000000008519
0.1177723458864072 2.697430198271016 0.3000000000008519
2.697430198271016 0.1177723458864072 0.4000000000011266
2.689725684847713 0.235320505418677 0.4000000000011266
2.676901125709288 0.3524207189941392 0.4000000000011266
2.658980933132961 0.4688500797007119 0.4000000000011266
2.63599921922382 0.5843869576328777 0.4000000000011266
2.607999730980484 0.6988114217768059 0.4000000000011266
2.575035767020212 0.8119056586615373 0.4000000000011266
2.537170076121952 0.9234543869793055 0.4000000000011266
2.494474737780474 1.033245267385742 0.4000000000011266
2.447031024998954 1.141069306699888 0.4000000000011266
2.394929249581198 1.246721255734591 0.4000000000011266
2.338268590217984 1.35 0.4000000000011266
2.277156903694791 1.450708942536424 0.4000000000011266
2.211710519580278 1.548656378147824 0.4000000000011266
2.142054018786335 1.643655858323546 0.4000000000011266
2.06831999642124 1.735526546153656 0.4000000000011266
1.990648809387335 1.824093560562282 0.4000000000011266
1.909188309203678 1.909188309203678 0.4000000000011266
1.824093560562283 1.990648809387335 0.4000000000011266
1.735526546153656 2.06831999642124 0.4000000000011266
1.643655858323546 2.142054018786335 0.4000000000011266
1.548656378147824 2.211710519580278 0.4000000000011266
1.450708942536424 2.277156903694791 0.4000000000011266
1.35 2.338268590217984 0.4000000000011266
1.246721255734592 2.394929249581198 0.4000000000011266
1.141069306699888 2.447031024998954 0.4000000000011266
1.033245267385742 2.494474737780474 0.4000000000011266
0.9234543869793057 2.537170076121952 0.4000000000011266
0.8119056586615372 2.575035767020212 0.4000000000011266
0.6988114217768059 2.607999730980484 0.4000000000011266
0.5843869576328777 2.63599921922382 0.4000000000011266
0.4688500797007121 2.658980933132961 0.4000000000011266
0.3524207189941396 2.676901125709288 0.4000000000011266
0.2353205054186776 2.689725684847713 0.4000000000011266
0.1177723458864072 2.697430198271016 0.4000000000011266
2.697430198271016 0.1177723458864072 0.500000000001386
2.689725684847713 0.2353205054186771 0.500000000001386
2.676901125709288 0.3524207189941393 0.500000000001386
2.658980933132962 0.4688500797007119 0.500000000001386
2.63599921922382 0.5843869576328778 0.500000000001386
2.607999730980485 0.698811421776806 0.500000000001386
2.575035767020213 0.8119056586615375 0.500000000001386
2.537170076121953 0.9234543869793056 0.500000000001386
2.494474737780474 1.033245267385742 0.500000000001386
2.447031024998955 1.141069306699888 0.500000000001386
2.394929249581199 1.246721255734592 0.500000000001386
2.338268590217984 1.35 0.500000000001386
2.277156903694792 1.450708942536425 0.500000000001386
2.211710519580278 1.548656378147824 0.500000000001386
2.142054018786335 1.643655858323546 0.500000000001386
2.068319996421241 1.735526546153656 0.500000000001386
1.990648809387335 1.824093560562283 0.500000000001386
1.909188309203679 1.909188309203678 0.500000000001386
1.824093560562283 1.990648809387335 0.500000000001386
1.735526546153656 2.068319996421241 0.500000000001386
1.643655858323546 2.142054018786335 0.500000000001386
1.548656378147825 2.211710519580278 0.500000000001386
1.450708942536425 2.277156903694792 0.500000000001386
1.35 2.338268590217984 0.500000000001386
1.246721255734592 2.394929249581199 0.500000000001386
1.141069306699888 2.447031024998955 0.500000000001386
1.033245267385743 2.494474737780474 0.500000000001386
0.9234543869793059 2.537170076121952 0.500000000001386
0.8119056586615373 2.575035767020213 0.500000000001386
0.698811421776806 2.607999730980485 0.500000000001386
0.5843869576328778 2.63599921922382 0.500000000001386
0.4688500797007121 2.658980933132962 0.500000000001386
0.3524207189941396 2.676901125709288 0.500000000001386
0.2353205054186776 2.689725684847713 0.500000000001386
0.1177723458864072 2.697430198271016 0.500000000001386
2.697430198271016 0.1177723458864072 0.6000000000008989
2.689725684847713 0.2353205054186771 0.6000000000008989
2.676901125709288 0.3524207189941393 0.6000000000008989
2.658980933132962 0.4688500797007119 0.6000000000008989
2.63599921922382 0.5843869576328778 0.6000000000008989
2.607999730980485 0.698811421776806 0.6000000000008989
2.575035767020213 0.8119056586615375 0.6000000000008989
2.537170076121953 0.9234543869793056 0.6000000000008989
2.494474737780474 1.033245267385742 0.6000000000008989
2.447031024998955 1.141069306699888 0.6000000000008989
2.394929249581199 1.246721255734592 0.6000000000008989
2.338268590217984 1.35 0.6000000000008989
2.277156903694792 1.450708942536425 0.6000000000008989
2.211710519580278 1.548656378147824 0.6000000000008989
2.142054018786335 1.643655858323546 0.6000000000008989
2.068319996421241 1.735526546153656 0.6000000000008989
1.990648809387335 1.824093560562283 0.6000000000008989
1.909188309203679 1.909188309203678 0.6000000000008989
1.824093560562283 1.990648809387335 0.6000000000008989
1.735526546153656 2.068319996421241 0.6000000000008989
1.643655858323546 2.142054018786335 0.6000000000008989
1.548656378147825 2.211710519580278 0.6000000000008989
1.450708942536425 2.277156903694792 0.6000000000008989
1.35 2.338268590217984 0.6000000000008989
1.246721255734592 2.394929249581199 0.6000000000008989
1.141069306699888 2.447031024998955 0.6000000000008989
1.033245267385743 2.494474737780474 0.6000000000008989
0.9234543869793059 2.537170076121952 0.6000000000008989
0.8119056586615373 2.575035767020213 0.6000000000008989
0.698811421776806 2.607999730980485 0.6000000000008989
0.5843869576328778 2.63599921922382 0.6000000000008989
0.4688500797007121 2.658980933132962 0.6000000000008989
0.3524207189941396 2.676901125709288 0.6000000000008989
0.2353205054186776 2.689725684847713 0.6000000000008989
0.1177723458864072 2.697430198271016 0.6000000000008989
2.697430198271016 0.1177723458864072 0.7000000000003967
2.689725684847713 0.2353205054186771 0.7000000000003967
2.676901125709288 0.3524207189941393 0.7000000000003967
2.658980933132962 0.4688500797007119 0.7000000000003967
2.63599921922382 0.5843869576328778 0.7000000000003967
2.607999730980485 0.698811421776806 0.7000000000003967
2.575035767020213 0.8119056586615375 0.7000000000003967
2.537170076121953 0.9234543869793056 0.7000000000003967
2.494474737780474 1.033245267385742 0.7000000000003967
2.447031024998955 1.141069306699888 0.7000000000003967
2.394929249581199 1.246721255734592 0.7000000000003967
2.338268590217984 1.35 0.7000000000003967
2.277156903694792 1.450708942536425 0.7000000000003967
2.211710519580278 1.548656378147824 0.7000000000003967
2.142054018786335 1.643655858323546 0.7000000000003967
2.068319996421241 1.735526546153656 0.7000000000003967
1.990648809387335 1.824093560562283 0.7000000000003967
1.909188309203679 1.909188309203678 0.7000000000003967
1.824093560562283 1.990648809387335 0.7000000000003967
1.735526546153656 2.068319996421241 0.7000000000003967
1.643655858323546 2.142054018786335 0.7000000000003967
1.548656378147825 2.211710519580278 0.7000000000003967
1.450708942536425 2.277156903694792 0.7000000000003967
1.35 2.338268590217984 0.7000000000003967
1.246721255734592 2.394929249581199 0.7000000000003967
1.141069306699888 2.447031024998955 0.7000000000003967
1.033245267385743 2.494474737780474 0.7000000000003967
0.9234543869793059 2.537170076121952 0.7000000000003967
0.8119056586615373 2.575035767020213 0.7000000000003967
0.698811421776806 2.607999730980485 0.7000000000003967
0.5843869576328778 2.63599921922382 0.7000000000003967
0.4688500797007121 2.658980933132962 0.7000000000003967
0.3524207189941396 2.676901125709288 0.7000000000003967
0.2353205054186776 2.689725684847713 0.7000000000003967
0.1177723458864072 2.697430198271016 0.7000000000003967
2.697430198271016 0.1177723458864072 0.7999999999998946
2.689725684847713 0.2353205054186771 0.7999999999998946
2.676901125709288 0.3524207189941393 0.7999999999998946
2.658980933132962 0.4688500797007119 0.7999999999998946
2.63599921922382 0.5843869576328778 0.7999999999998946
2.607999730980485 0.698811421776806 0.7999999999998946
2.575035767020213 0.8119056586615375 0.7999999999998946
2.537170076121953 0.9234543869793056 0.7999999999998946
2.494474737780474 1.033245267385742 0.7999999999998946
2.447031024998955 1.141069306699888 0.7999999999998946
2.394929249581199 1.246721255734592 0.7999999999998946
2.338268590217984 1.35 0.7999999999998946
2.277156903694792 1.450708942536425 0.7999999999998946
2.211710519580278 1.548656378147824 0.7999999999998946
2.142054018786335 1.643655858323546 0.7999999999998946
2.068319996421241 1.735526546153656 0.7999999999998946
1.990648809387335 1.824093560562283 0.7999999999998946
1.909188309203679 1.909188309203678 0.7999999999998946
1.824093560562283 1.990648809387335 0.7999999999998946
1.735526546153656 2.068319996421241 0.7999999999998946
1.643655858323546 2.142054018786335 0.7999999999998946
1.548656378147825 2.211710519580278 0.7999999999998946
1.450708942536425 2.277156903694792 0.7999999999998946
1.35 2.338268590217984 0.7999999999998946
1.246721255734592 2.394929249581199 0.7999999999998946
1.141069306699888 2.447031024998955 0.7999999999998946
1.033245267385743 2.494474737780474 0.7999999999998946
0.9234543869793059 2.537170076121952 0.7999999999998946
0.8119056586615373 2.575035767020213 0.7999999999998946
0.698811421776806 2.607999730980485 0.7999999999998946
0.5843869576328778 2.63599921922382 0.7999999999998946
0.4688500797007121 2.658980933132962 0.7999999999998946
0.3524207189941396 2.676901125709288 0.7999999999998946
0.2353205054186776 2.689725684847713 0.7999999999998946
0.1177723458864072 2.697430198271016 0.7999999999998946
2.697430198271016 0.1177723458864072 0.8999999999996142
2.689725684847713 0.2353205054186771 0.8999999999996142
2.676901125709288 0.3524207189941393 0.8999999999996142
2.658980933132962 0.4688500797007119 0.8999999999996142
2.63599921922382 0.5843869576328778 0.8999999999996142
2.607999730980485 0.698811421776806 0.8999999999996142
2.575035767020213 0.8119056586615375 0.8999999999996142
2.537170076121953 0.9234543869793056 0.8999999999996142
2.494474737780474 1.033245267385742 0.8999999999996142
2.447031024998955 1.141069306699888 0.8999999999996142
2.394929249581199 1.246721255734592 0.8999999999996142
2.338268590217984 1.35 0.8999999999996142
2.277156903694792 1.450708942536425 0.8999999999996142
2.211710519580278 1.548656378147824 0.8999999999996142
2.142054018786335 1.643655858323546 0.8999999999996142
2.068319996421241 1.735526546153656 0.8999999999996142
1.990648809387335 1.824093560562283 0.8999999999996142
1.909188309203679 1.909188309203678 0.8999999999996142
1.824093560562283 1.990648809387335 0.8999999999996142
1.735526546153656 2.068319996421241 0.8999999999996142
1.643655858323546 2.142054018786335 0.8999999999996142
1.548656378147825 2.211710519580278 0.8999999999996142
1.450708942536425 2.277156903694792 0.8999999999996142
1.35 2.338268590217984 0.8999999999996142
1.246721255734592 2.394929249581199 0.8999999999996142
1.141069306699888 2.447031024998955 0.8999999999996142
1.033245267385743 2.494474737780474 0.8999999999996142
0.9234543869793059 2.537170076121952 0.8999999999996142
0.8119056586615373 2.575035767020213 0.8999999999996142
0.698811421776806 2.607999730980485 0.8999999999996142
0.5843869576328778 2.63599921922382 0.8999999999996142
0.4688500797007121 2.658980933132962 0.8999999999996142
0.3524207189941396 2.676901125709288 0.8999999999996142
0.2353205054186776 2.689725684847713 0.8999999999996142
0.1177723458864072 2.697430198271016 0.8999999999996142
2.797335020429202 0.1221342846229408 0.1000000000002356
2.789345154656887 0.2440360796934428 0.1000000000002356
2.776045611846669 0.3654733382161444 0.1000000000002356
2.757461708434182 0.4862148974674049 0.1000000000002356
2.733628819935813 0.606030919026688 0.1000000000002356
2.704592313609391 0.7246933262870581 0.1000000000002356
2.670407462095035 0.8419762386119647 0.1000000000002356
2.631139338200543 0.9576564013118724 0.1000000000002356
2.586862691031603 1.071513610622251 0.1000000000002356
2.53766180370262 1.183331132873958 0.1000000000002356
2.483630332899021 1.292896117058095 0.1000000000002356
2.424871130596428 1.4 0.1000000000002356
2.36149604827608 1.504438903371107 0.1000000000002356
2.293625724009177 1.606014021782929 0.1000000000002356
2.221389352815458 1.704532001224418 0.1000000000002356
2.144924440733138 1.79980530712231 0.1000000000002356
2.064376543068347 1.891652581323848 0.1000000000002356
1.979898987322333 1.979898987322333 0.1000000000002356
1.891652581323849 2.064376543068347 0.1000000000002356
1.79980530712231 2.144924440733138 0.1000000000002356
1.704532001224418 2.221389352815458 0.1000000000002356
1.606014021782929 2.293625724009177 0.1000000000002356
1.504438903371107 2.36149604827608 0.1000000000002356
1.4 2.424871130596428 0.1000000000002356
1.292896117058095 2.48363033289902 0.1000000000002356
1.183331132873958 2.53766180370262 0.1000000000002356
1.071513610622251 2.586862691031603 0.1000000000002356
0.9576564013118727 2.631139338200543 0.1000000000002356
0.8419762386119646 2.670407462095035 0.1000000000002356
0.7246933262870581 2.704592313609391 0.1000000000002356
0.606030919026688 2.733628819935813 0.1000000000002356
0.4862148974674051 2.757461708434182 0.1000000000002356
0.3654733382161447 2.776045611846669 0.1000000000002356
0.2440360796934434 2.789345154656887 0.1000000000002356
0.1221342846229408 2.797335020429202 0.1000000000002356
2.797335020429202 0.1221342846229408 0.2000000000004498
2.789345154656887 0.2440360796934428 0.2000000000004498
2.776045611846669 0.3654733382161444 0.2000000000004498
2.757461708434182 0.4862148974674049 0.2000000000004498
2.733628819935813 0.606030919026688 0.2000000000004498
2.704592313609391 0.7246933262870581 0.2000000000004498
2.670407462095035 0.8419762386119647 0.2000000000004498
2.631139338200543 0.9576564013118724 0.2000000000004498
2.586862691031603 1.071513610622251 0.2000000000004498
2.53766180370262 1.183331132873958 0.2000000000004498
2.483630332899021 1.292896117058095 0.2000000000004498
2.424871130596428 1.4 0.2000000000004498
2.36149604827608 1.504438903371107 0.2000000000004498
2.293625724009177 1.606014021782929 0.2000000000004498
2.221389352815458 1.704532001224418 0.2000000000004498
2.144924440733138 1.79980530712231 0.2000000000004498
2.064376543068347 1.891652581323848 0.2000000000004498
1.979898987322333 1.979898987322333 0.2000000000004498
1.891652581323849 2.064376543068347 0.2000000000004498
1.79980530712231 2.144924440733138 0.2000000000004498
1.704532001224418 2.221389352815458 0.2000000000004498
1.606014021782929 2.293625724009177 0.2000000000004498
1.504438903371107 2.36149604827608 0.2000000000004498
1.4 2.424871130596428 0.2000000000004498
1.292896117058095 2.48363033289902 0.2000000000004498
1.183331132873958 2.53766180370262 0.2000000000004498
1.071513610622251 2.586862691031603 0.2000000000004498
0.9576564013118727 2.631139338200543 0.2000000000004498
0.8419762386119646 2.670407462095035 0.2000000000004498
0.7246933262870581 2.704592313609391 0.2000000000004498
0.606030919026688 2.733628819935813 0.2000000000004498
0.4862148974674051 2.757461708434182 0.2000000000004498
0.3654733382161447 2.776045611846669 0.2000000000004498
0.2440360796934434 2.789345154656887 0.2000000000004498
0.1221342846229408 2.797335020429202 0.2000000000004498
2.797335020429202 0.1221342846229408 0.3000000000006536
2.789345154656887 0.2440360796934428 0.3000000000006536
2.776045611846669 0.3654733382161444 0.3000000000006536
2.757461708434182 0.4862148974674049 0.3000000000006536
2.733628819935813 0.606030919026688 0.3000000000006536
2.704592313609391 0.7246933262870581 0.3000000000006536
2.670407462095035 0.8419762386119647 0.3000000000006536
2.631139338200543 0.9576564013118724 0.3000000000006536
2.586862691031603 1.071513610622251 0.3000000000006536
2.53766180370262 1.183331132873958 0.3000000000006536
2.483630332899021 1.292896117058095 0.3000000000006536
2.424871130596428 1.4 0.3000000000006536
2.36149604827608 1.504438903371107 0.3000000000006536
2.293625724009177 1.606014021782929 0.3000000000006536
2.221389352815458 1.704532001224418 0.3000000000006536
2.144924440733138 1.79980530712231 0.3000000000006536
2.064376543068347 1.891652581323848 0.3000000000006536
1.979898987322333 1.979898987322333 0.3000000000006536
1.891652581323849 2.064376543068347 0.3000000000006536
1.79980530712231 2.144924440733138 0.3000000000006536
1.704532001224418 2.221389352815458 0.3000000000006536
1.606014021782929 2.293625724009177 0.3000000000006536
1.504438903371107 2.36149604827608 0.3000000000006536
1.4 2.424871130596428 0.3000000000006536
1.292896117058095 2.48363033289902 0.3000000000006536
1.183331132873958 2.53766180370262 0.3000000000006536
1.071513610622251 2.586862691031603 0.3000000000006536
0.9576564013118727 2.631139338200543 0.3000000000006536
0.8419762386119646 2.670407462095035 0.3000000000006536
0.7246933262870581 2.704592313609391 0.3000000000006536
0.606030919026688 2.733628819935813 0.3000000000006536
0.4862148974674051 2.757461708434182 0.3000000000006536
0.3654733382161447 2.776045611846669 0.3000000000006536
0.2440360796934434 2.789345154656887 0.3000000000006536
0.1221342846229408 2.797335020429202 0.3000000000006536
2.797335020429202 0.1221342846229408 0.4000000000008574
2.789345154656887 0.2440360796934428 0.4000000000008574
2.776045611846669 0.3654733382161444 0.4000000000008574
2.757461708434182 0.4862148974674049 0.4000000000008574
2.733628819935813 0.606030919026688 0.4000000000008574
2.704592313609391 0.7246933262870581 0.4000000000008574
2.670407462095035 0.8419762386119647 0.4000000000008574
2.631139338200543 0.9576564013118724 0.4000000000008574
2.586862691031603 1.071513610622251 0.4000000000008574
2.53766180370262 1.183331132873958 0.4000000000008574
2.483630332899021 1.292896117058095 0.4000000000008574
2.424871130596428 1.4 0.4000000000008574
2.36149604827608 1.504438903371107 0.4000000000008574
2.293625724009177 1.606014021782929 0.4000000000008574
2.221389352815458 1.704532001224418 0.4000000000008574
2.144924440733138 1.79980530712231 0.4000000000008574
2.064376543068347 1.891652581323848 0.4000000000008574
1.979898987322333 1.979898987322333 0.4000000000008574
1.891652581323849 2.064376543068347 0.4000000000008574
1.79980530712231 2.144924440733138 0.4000000000008574
1.704532001224418 2.221389352815458 0.4000000000008574
1.606014021782929 2.293625724009177 0.4000000000008574
1.504438903371107 2.36149604827608 0.4000000000008574
1.4 2.424871130596428 0.4000000000008574
1.292896117058095 2.48363033289902 0.4000000000008574
1.183331132873958 2.53766180370262 0.4000000000008574
1.071513610622251 2.586862691031603 0.4000000000008574
0.9576564013118727 2.631139338200543 0.4000000000008574
0.8419762386119646 2.670407462095035 0.4000000000008574
0.7246933262870581 2.704592313609391 0.4000000000008574
0.606030919026688 2.733628819935813 0.4000000000008574
0.4862148974674051 2.757461708434182 0.4000000000008574
0.3654733382161447 2.776045611846669 0.4000000000008574
0.2440360796934434 2.789345154656887 0.4000000000008574
0.1221342846229408 2.797335020429202 0.4000000000008574
2.797335020429202 0.1221342846229408 0.5000000000010494
2.789345154656887 0.2440360796934428 0.5000000000010494
2.776045611846669 0.3654733382161444 0.5000000000010494
2.757461708434182 0.4862148974674049 0.5000000000010494
2.733628819935813 0.606030919026688 0.5000000000010494
2.704592313609391 0.7246933262870581 0.5000000000010494
2.670407462095035 0.8419762386119647 0.5000000000010494
2.631139338200543 0.9576564013118724 0.5000000000010494
2.586862691031603 1.071513610622251 0.5000000000010494
2.53766180370262 1.183331132873958 0.5000000000010494
2.483630332899021 1.292896117058095 0.5000000000010494
2.424871130596428 1.4 0.5000000000010494
2.36149604827608 1.504438903371107 0.5000000000010494
2.293625724009177 1.606014021782929 0.5000000000010494
2.221389352815458 1.704532001224418 0.5000000000010494
2.144924440733138 1.79980530712231 0.5000000000010494
2.064376543068347 1.891652581323848 0.5000000000010494
1.979898987322333 1.979898987322333 0.5000000000010494
1.891652581323849 2.064376543068347 0.5000000000010494
1.79980530712231 2.144924440733138 0.5000000000010494
1.704532001224418 2.221389352815458 0.5000000000010494
1.606014021782929 2.293625724009177 0.5000000000010494
1.504438903371107 2.36149604827608 0.5000000000010494
1.4 2.424871130596428 0.5000000000010494
1.292896117058095 2.48363033289902 0.5000000000010494
1.183331132873958 2.53766180370262 0.5000000000010494
1.071513610622251 2.586862691031603 0.5000000000010494
0.9576564013118727 2.631139338200543 0.5000000000010494
0.8419762386119646 2.670407462095035 0.5000000000010494
0.7246933262870581 2.704592313609391 0.5000000000010494
0.606030919026688 2.733628819935813 0.5000000000010494
0.4862148974674051 2.757461708434182 0.5000000000010494
0.3654733382161447 2.776045611846669 0.5000000000010494
0.2440360796934434 2.789345154656887 0.5000000000010494
0.1221342846229408 2.797335020429202 0.5000000000010494
2.797335020429202 0.1221342846229408 0.6000000000006547
2.789345154656887 0.2440360796934428 0.6000000000006547
2.776045611846669 0.3654733382161444 0.6000000000006547
2.757461708434182 0.4862148974674049 0.6000000000006547
2.733628819935813 0.606030919026688 0.6000000000006547
2.704592313609391 0.7246933262870581 0.6000000000006547
2.670407462095035 0.8419762386119647 0.6000000000006547
2.631139338200543 0.9576564013118724 0.6000000000006547
2.586862691031603 1.071513610622251 0.6000000000006547
2.53766180370262 1.183331132873958 0.6000000000006547
2.483630332899021 1.292896117058095 0.6000000000006547
2.424871130596428 1.4 0.6000000000006547
2.36149604827608 1.504438903371107 0.6000000000006547
2.293625724009177 1.606014021782929 0.6000000000006547
2.221389352815458 1.704532001224418 0.6000000000006547
2.144924440733138 1.79980530712231 0.6000000000006547
2.064376543068347 1.891652581323848 0.6000000000006547
1.979898987322333 1.979898987322333 0.6000000000006547
1.891652581323849 2.064376543068347 0.6000000000006547
1.79980530712231 2.144924440733138 0.6000000000006547
1.704532001224418 2.221389352815458 0.6000000000006547
1.606014021782929 2.293625724009177 0.6000000000006547
1.504438903371107 2.36149604827608 0.6000000000006547
1.4 2.424871130596428 0.6000000000006547
1.292896117058095 2.48363033289902 0.6000000000006547
1.183331132873958 2.53766180370262 0.6000000000006547
1.071513610622251 2.586862691031603 0.6000000000006547
0.9576564013118727 2.631139338200543 0.6000000000006547
0.8419762386119646 2.670407462095035 0.6000000000006547
0.7246933262870581 2.704592313609391 0.6000000000006547
0.606030919026688 2.733628819935813 0.6000000000006547
0.4862148974674051 2.757461708434182 0.6000000000006547
0.3654733382161447 2.776045611846669 0.6000000000006547
0.2440360796934434 2.789345154656887 0.6000000000006547
0.1221342846229408 2.797335020429202 0.6000000000006547
2.797335020429202 0.1221342846229408 0.7000000000002484
2.789345154656887 0.2440360796934428 0.7000000000002484
2.776045611846669 0.3654733382161444 0.7000000000002484
2.757461708434182 0.4862148974674049 0.7000000000002484
2.733628819935813 0.606030919026688 0.7000000000002484
2.704592313609391 0.7246933262870581 0.7000000000002484
2.670407462095035 0.8419762386119647 0.7000000000002484
2.631139338200543 0.9576564013118724 0.7000000000002484
2.586862691031603 1.071513610622251 0.7000000000002484
2.53766180370262 1.183331132873958 0.7000000000002484
2.483630332899021 1.292896117058095 0.7000000000002484
2.424871130596428 1.4 0.7000000000002484
2.36149604827608 1.504438903371107 0.7000000000002484
2.293625724009177 1.606014021782929 0.7000000000002484
2.221389352815458 1.704532001224418 0.7000000000002484
2.144924440733138 1.79980530712231 0.7000000000002484
2.064376543068347 1.891652581323848 0.7000000000002484
1.979898987322333 1.979898987322333 0.7000000000002484
1.891652581323849 2.064376543068347 0.7000000000002484
1.79980530712231 2.144924440733138 0.7000000000002484
1.704532001224418 2.221389352815458 0.7000000000002484
1.606014021782929 2.293625724009177 0.7000000000002484
1.504438903371107 2.36149604827608 0.7000000000002484
1.4 2.424871130596428 0.7000000000002484
1.292896117058095 2.48363033289902 0.7000000000002484
1.183331132873958 2.53766180370262 0.7000000000002484
1.071513610622251 2.586862691031603 0.7000000000002484
0.9576564013118727 2.631139338200543 0.7000000000002484
0.8419762386119646 2.670407462095035 0.7000000000002484
0.7246933262870581 2.704592313609391 0.7000000000002484
0.606030919026688 2.733628819935813 0.7000000000002484
0.4862148974674051 2.757461708434182 0.7000000000002484
0.3654733382161447 2.776045611846669 0.7000000000002484
0.2440360796934434 2.789345154656887 0.7000000000002484
0.1221342846229408 2.797335020429202 0.7000000000002484
2.797335020429202 0.1221342846229408 0.7999999999998417
2.789345154656887 0.2440360796934428 0.7999999999998417
2.776045611846669 0.3654733382161444 0.7999999999998417
2.757461708434182 0.4862148974674049 0.7999999999998417
2.733628819935813 0.606030919026688 0.7999999999998417
2.704592313609391 0.7246933262870581 0.7999999999998417
2.670407462095035 0.8419762386119647 0.7999999999998417
2.631139338200543 0.9576564013118724 0.7999999999998417
2.586862691031603 1.071513610622251 0.7999999999998417
2.53766180370262 1.183331132873958 0.7999999999998417
2.483630332899021 1.292896117058095 0.7999999999998417
2.424871130596428 1.4 0.7999999999998417
2.36149604827608 1.504438903371107 0.7999999999998417
2.293625724009177 1.606014021782929 0.7999999999998417
2.221389352815458 1.704532001224418 0.7999999999998417
2.144924440733138 1.79980530712231 0.7999999999998417
2.064376543068347 1.891652581323848 0.7999999999998417
1.979898987322333 1.979898987322333 0.7999999999998417
1.891652581323849 2.064376543068347 0.7999999999998417
1.79980530712231 2.144924440733138 0.7999999999998417
1.704532001224418 2.221389352815458 0.7999999999998417
1.606014021782929 2.293625724009177 0.7999999999998417
1.504438903371107 2.36149604827608 0.7999999999998417
1.4 2.424871130596428 0.7999999999998417
1.292896117058095 2.48363033289902 0.7999999999998417
1.183331132873958 2.53766180370262 0.7999999999998417
1.071513610622251 2.586862691031603 0.7999999999998417
0.9576564013118727 2.631139338200543 0.7999999999998417
0.8419762386119646 2.670407462095035 0.7999999999998417
0.7246933262870581 2.704592313609391 0.7999999999998417
0.606030919026688 2.733628819935813 0.7999999999998417
0.4862148974674051 2.757461708434182 0.7999999999998417
0.3654733382161447 2.776045611846669 0.7999999999998417
0.2440360796934434 2.789345154656887 0.7999999999998417
0.1221342846229408 2.797335020429202 0.7999999999998417
2.797335020429202 0.1221342846229408 0.8999999999996293
2.789345154656888 0.2440360796934429 0.8999999999996293
2.776045611846669 0.3654733382161444 0.8999999999996293
2.757461708434183 0.486214897467405 0.8999999999996293
2.733628819935814 0.6060309190266882 0.8999999999996293
2.704592313609392 0.7246933262870582 0.8999999999996293
2.670407462095036 0.8419762386119648 0.8999999999996293
2.631139338200544 0.9576564013118725 0.8999999999996293
2.586862691031603 1.071513610622252 0.8999999999996293
2.53766180370262 1.183331132873959 0.8999999999996293
2.483630332899021 1.292896117058095 0.8999999999996293
2.424871130596429 1.4 0.8999999999996293
2.36149604827608 1.504438903371107 0.8999999999996293
2.293625724009177 1.606014021782929 0.8999999999996293
2.221389352815458 1.704532001224418 0.8999999999996293
2.144924440733138 1.79980530712231 0.8999999999996293
2.064376543068348 1.891652581323849 0.8999999999996293
1.979898987322333 1.979898987322333 0.8999999999996293
1.891652581323849 2.064376543068348 0.8999999999996293
1.79980530712231 2.144924440733138 0.8999999999996293
1.704532001224418 2.221389352815458 0.8999999999996293
1.606014021782929 2.293625724009177 0.8999999999996293
1.504438903371107 2.36149604827608 0.8999999999996293
1.4 2.424871130596428 0.8999999999996293
1.292896117058095 2.483630332899021 0.8999999999996293
1.183331132873959 2.53766180370262 0.8999999999996293
1.071513610622252 2.586862691031603 0.8999999999996293
0.9576564013118728 2.631139338200544 0.8999999999996293
0.8419762386119647 2.670407462095036 0.8999999999996293
0.7246933262870582 2.704592313609392 0.8999999999996293
0.6060309190266882 2.733628819935814 0.8999999999996293
0.4862148974674052 2.757461708434183 0.8999999999996293
0.3654733382161448 2.776045611846669 0.8999999999996293
0.2440360796934434 2.789345154656888 0.8999999999996293
0.1221342846229408 2.797335020429202 0.8999999999996293
2.897239842587387 0.1264962233594744 0.1000000000001754
2.888964624466062 0.2527516539682087 0.1000000000001754
2.87519009798405 0.3785259574381495 0.1000000000001754
2.855942483735403 0.5035797152340979 0.1000000000001754
2.831258420647807 0.6276748804204983 0.1000000000001754
2.801184896238298 0.7505752307973101 0.1000000000001754
2.765779157169858 0.872046818562392 0.1000000000001754
2.725108600279134 0.9918584156444392 0.1000000000001754
2.679250644282731 1.10978195385876 0.1000000000001754
2.628292582406285 1.225592959048028 0.1000000000001754
2.572331416216843 1.339070978381598 0.1000000000001754
2.511473670974872 1.45 0.1000000000001754
2.445835192857369 1.558168864205789 0.1000000000001754
2.375540928438076 1.663371665418033 0.1000000000001754
2.300724686844582 1.76540814412529 0.1000000000001754
2.221528885045036 1.864084068090964 0.1000000000001754
2.13810427674936 1.959211602085414 0.1000000000001754
2.050609665440988 2.050609665440988 0.1000000000001754
1.959211602085415 2.13810427674936 0.1000000000001754
1.864084068090964 2.221528885045036 0.1000000000001754
1.76540814412529 2.300724686844582 0.1000000000001754
1.663371665418034 2.375540928438076 0.1000000000001754
1.558168864205789 2.445835192857369 0.1000000000001754
1.45 2.511473670974872 0.1000000000001754
1.339070978381599 2.572331416216842 0.1000000000001754
1.225592959048028 2.628292582406285 0.1000000000001754
1.109781953858761 2.679250644282731 0.1000000000001754
0.9918584156444396 2.725108600279134 0.1000000000001754
0.8720468185623919 2.765779157169858 0.1000000000001754
0.7505752307973101 2.801184896238298 0.1000000000001754
0.6276748804204983 2.831258420647807 0.1000000000001754
0.5035797152340982 2.855942483735403 0.1000000000001754
0.3785259574381499 2.87519009798405 0.1000000000001754
0.2527516539682093 2.888964624466062 0.1000000000001754
0.1264962233594744 2.897239842587387 0.1000000000001754
2.897239842587388 0.1264962233594744 0.2000000000003223
2.888964624466063 0.2527516539682088 0.2000000000003223
2.875190097984051 0.3785259574381497 0.2000000000003223
2.855942483735404 0.5035797152340981 0.2000000000003223
2.831258420647808 0.6276748804204985 0.2000000000003223
2.801184896238299 0.7505752307973104 0.2000000000003223
2.765779157169859 0.8720468185623923 0.2000000000003223
2.725108600279135 0.9918584156444396 0.2000000000003223
2.679250644282732 1.109781953858761 0.2000000000003223
2.628292582406285 1.225592959048029 0.2000000000003223
2.572331416216844 1.339070978381599 0.2000000000003223
2.511473670974873 1.45 0.2000000000003223
2.445835192857369 1.55816886420579 0.2000000000003223
2.375540928438077 1.663371665418034 0.2000000000003223
2.300724686844583 1.76540814412529 0.2000000000003223
2.221528885045037 1.864084068090964 0.2000000000003223
2.138104276749361 1.959211602085415 0.2000000000003223
2.050609665440989 2.050609665440988 0.2000000000003223
1.959211602085415 2.138104276749361 0.2000000000003223
1.864084068090965 2.221528885045037 0.2000000000003223
1.76540814412529 2.300724686844583 0.2000000000003223
1.663371665418034 2.375540928438077 0.2000000000003223
1.55816886420579 2.445835192857369 0.2000000000003223
1.450000000000001 2.511473670974873 0.2000000000003223
1.339070978381599 2.572331416216843 0.2000000000003223
1.225592959048029 2.628292582406285 0.2000000000003223
1.109781953858761 2.679250644282732 0.2000000000003223
0.9918584156444399 2.725108600279135 0.2000000000003223
0.8720468185623921 2.765779157169859 0.2000000000003223
0.7505752307973104 2.801184896238299 0.2000000000003223
0.6276748804204986 2.831258420647808 0.2000000000003223
0.5035797152340984 2.855942483735404 0.2000000000003223
0.3785259574381501 2.875190097984051 0.2000000000003223
0.2527516539682093 2.888964624466063 0.2000000000003223
0.1264962233594745 2.897239842587388 0.2000000000003223
2.897239842587388 0.1264962233594744 0.3000000000004552
2.888964624466063 0.2527516539682088 0.3000000000004552
2.875190097984051 0.3785259574381497 0.3000000000004552
2.855942483735404 0.5035797152340981 0.3000000000004552
2.831258420647808 0.6276748804204985 0.3000000000004552
2.801184896238299 0.7505752307973104 0.3000000000004552
2.765779157169859 0.8720468185623923 0.3000000000004552
2.725108600279135 0.9918584156444396 0.3000000000004552
2.679250644282732 1.109781953858761 0.3000000000004552
2.628292582406285 1.225592959048029 0.3000000000004552
2.572331416216844 1.339070978381599 0.3000000000004552
2.511473670974873 1.45 0.3000000000004552
2.445835192857369 1.55816886420579 0.3000000000004552
2.375540928438077 1.663371665418034 0.3000000000004552
2.300724686844583 1.76540814412529 0.3000000000004552
2.221528885045037 1.864084068090964 0.3000000000004552
2.138104276749361 1.959211602085415 0.3000000000004552
2.050609665440989 2.050609665440988 0.3000000000004552
1.959211602085415 2.138104276749361 0.3000000000004552
1.864084068090965 2.221528885045037 0.3000000000004552
1.76540814412529 2.300724686844583 0.3000000000004552
1.663371665418034 2.375540928438077 0.3000000000004552
1.55816886420579 2.445835192857369 0.3000000000004552
1.450000000000001 2.511473670974873 0.3000000000004552
1.339070978381599 2.572331416216843 0.3000000000004552
1.225592959048029 2.628292582406285 0.3000000000004552
1.109781953858761 2.679250644282732 0.3000000000004552
0.9918584156444399 2.725108600279135 0.3000000000004552
0.8720468185623921 2.765779157169859 0.3000000000004552
0.7505752307973104 2.801184896238299 0.3000000000004552
0.6276748804204986 2.831258420647808 0.3000000000004552
0.5035797152340984 2.855942483735404 0.3000000000004552
0.3785259574381501 2.875190097984051 0.3000000000004552
0.2527516539682093 2.888964624466063 0.3000000000004552
0.1264962233594745 2.897239842587388 0.3000000000004552
2.897239842587389 0.1264962233594744 0.4000000000005883
2.888964624466063 0.2527516539682088 0.4000000000005883
2.875190097984051 0.3785259574381497 0.4000000000005883
2.855942483735404 0.5035797152340982 0.4000000000005883
2.831258420647808 0.6276748804204986 0.4000000000005883
2.801184896238299 0.7505752307973105 0.4000000000005883
2.765779157169859 0.8720468185623924 0.4000000000005883
2.725108600279136 0.9918584156444397 0.4000000000005883
2.679250644282733 1.109781953858761 0.4000000000005883
2.628292582406286 1.225592959048029 0.4000000000005883
2.572331416216844 1.339070978381599 0.4000000000005883
2.511473670974874 1.45 0.4000000000005883
2.44583519285737 1.55816886420579 0.4000000000005883
2.375540928438077 1.663371665418034 0.4000000000005883
2.300724686844583 1.765408144125291 0.4000000000005883
2.221528885045037 1.864084068090965 0.4000000000005883
2.138104276749361 1.959211602085415 0.4000000000005883
2.050609665440989 2.050609665440989 0.4000000000005883
1.959211602085416 2.138104276749361 0.4000000000005883
1.864084068090965 2.221528885045037 0.4000000000005883
1.765408144125291 2.300724686844583 0.4000000000005883
1.663371665418035 2.375540928438077 0.4000000000005883
1.55816886420579 2.44583519285737 0.4000000000005883
1.450000000000001 2.511473670974873 0.4000000000005883
1.339070978381599 2.572331416216844 0.4000000000005883
1.225592959048029 2.628292582406286 0.4000000000005883
1.109781953858761 2.679250644282733 0.4000000000005883
0.99185841564444 2.725108600279135 0.4000000000005883
0.8720468185623923 2.765779157169859 0.4000000000005883
0.7505752307973105 2.801184896238299 0.4000000000005883
0.6276748804204987 2.831258420647808 0.4000000000005883
0.5035797152340984 2.855942483735404 0.4000000000005883
0.3785259574381502 2.875190097984051 0.4000000000005883
0.2527516539682094 2.888964624466063 0.4000000000005883
0.1264962233594745 2.897239842587389 0.4000000000005883
2.897239842587388 0.1264962233594744 0.5000000000007125
2.888964624466063 0.2527516539682088 0.5000000000007125
2.875190097984051 0.3785259574381497 0.5000000000007125
2.855942483735404 0.5035797152340981 0.5000000000007125
2.831258420647808 0.6276748804204985 0.5000000000007125
2.801184896238299 0.7505752307973104 0.5000000000007125
2.765779157169859 0.8720468185623923 0.5000000000007125
2.725108600279135 0.9918584156444396 0.5000000000007125
2.679250644282732 1.109781953858761 0.5000000000007125
2.628292582406285 1.225592959048029 0.5000000000007125
2.572331416216844 1.339070978381599 0.5000000000007125
2.511473670974873 1.45 0.5000000000007125
2.445835192857369 1.55816886420579 0.5000000000007125
2.375540928438077 1.663371665418034 0.5000000000007125
2.300724686844583 1.76540814412529 0.5000000000007125
2.221528885045037 1.864084068090964 0.5000000000007125
2.138104276749361 1.959211602085415 0.5000000000007125
2.050609665440989 2.050609665440988 0.5000000000007125
1.959211602085415 2.138104276749361 0.5000000000007125
1.864084068090965 2.221528885045037 0.5000000000007125
1.76540814412529 2.300724686844583 0.5000000000007125
1.663371665418034 2.375540928438077 0.5000000000007125
1.55816886420579 2.445835192857369 0.5000000000007125
1.450000000000001 2.511473670974873 0.5000000000007125
1.339070978381599 2.572331416216843 0.5000000000007125
1.225592959048029 2.628292582406285 0.5000000000007125
1.109781953858761 2.679250644282732 0.5000000000007125
0.9918584156444399 2.725108600279135 0.5000000000007125
0.8720468185623921 2.765779157169859 0.5000000000007125
0.7505752307973104 2.801184896238299 0.5000000000007125
0.6276748804204986 2.831258420647808 0.5000000000007125
0.5035797152340984 2.855942483735404 0.5000000000007125
0.3785259574381501 2.875190097984051 0.5000000000007125
0.2527516539682093 2.888964624466063 0.5000000000007125
0.1264962233594745 2.897239842587388 0.5000000000007125
2.897239842587387 0.1264962233594744 0.6000000000004104
2.888964624466062 0.2527516539682087 0.6000000000004104
2.87519009798405 0.3785259574381495 0.6000000000004104
2.855942483735403 0.5035797152340979 0.6000000000004104
2.831258420647807 0.6276748804204983 0.6000000000004104
2.801184896238298 0.7505752307973101 0.6000000000004104
2.765779157169858 0.872046818562392 0.6000000000004104
2.725108600279134 0.9918584156444392 0.6000000000004104
2.679250644282731 1.10978195385876 0.6000000000004104
2.628292582406285 1.225592959048028 0.6000000000004104
2.572331416216843 1.339070978381598 0.6000000000004104
2.511473670974872 1.45 0.6000000000004104
2.445835192857369 1.558168864205789 0.6000000000004104
2.375540928438076 1.663371665418033 0.6000000000004104
2.300724686844582 1.76540814412529 0.6000000000004104
2.221528885045036 1.864084068090964 0.6000000000004104
2.13810427674936 1.959211602085414 0.6000000000004104
2.050609665440988 2.050609665440988 0.6000000000004104
1.959211602085415 2.13810427674936 0.6000000000004104
1.864084068090964 2.221528885045036 0.6000000000004104
1.76540814412529 2.300724686844582 0.6000000000004104
1.663371665418034 2.375540928438076 0.6000000000004104
1.558168864205789 2.445835192857369 0.6000000000004104
1.45 2.511473670974872 0.6000000000004104
1.339070978381599 2.572331416216842 0.6000000000004104
1.225592959048028 2.628292582406285 0.6000000000004104
1.109781953858761 2.679250644282731 0.6000000000004104
0.9918584156444396 2.725108600279134 0.6000000000004104
0.8720468185623919 2.765779157169858 0.6000000000004104
0.7505752307973101 2.801184896238298 0.6000000000004104
0.6276748804204983 2.831258420647807 0.6000000000004104
0.5035797152340982 2.855942483735403 0.6000000000004104
0.3785259574381499 2.87519009798405 0.6000000000004104
0.2527516539682093 2.888964624466062 0.6000000000004104
0.1264962233594744 2.897239842587387 0.6000000000004104
2.897239842587386 0.1264962233594744 0.7000000000000999
2.888964624466061 0.2527516539682086 0.7000000000000999
2.875190097984049 0.3785259574381494 0.7000000000000999
2.855942483735402 0.5035797152340978 0.7000000000000999
2.831258420647806 0.6276748804204981 0.7000000000000999
2.801184896238297 0.7505752307973099 0.7000000000000999
2.765779157169857 0.8720468185623917 0.7000000000000999
2.725108600279134 0.9918584156444389 0.7000000000000999
2.679250644282731 1.10978195385876 0.7000000000000999
2.628292582406284 1.225592959048028 0.7000000000000999
2.572331416216842 1.339070978381598 0.7000000000000999
2.511473670974871 1.449999999999999 0.7000000000000999
2.445835192857368 1.558168864205789 0.7000000000000999
2.375540928438075 1.663371665418033 0.7000000000000999
2.300724686844581 1.765408144125289 0.7000000000000999
2.221528885045036 1.864084068090963 0.7000000000000999
2.138104276749359 1.959211602085414 0.7000000000000999
2.050609665440987 2.050609665440987 0.7000000000000999
1.959211602085414 2.138104276749359 0.7000000000000999
1.864084068090964 2.221528885045036 0.7000000000000999
1.765408144125289 2.300724686844581 0.7000000000000999
1.663371665418033 2.375540928438075 0.7000000000000999
1.558168864205789 2.445835192857368 0.7000000000000999
1.45 2.511473670974871 0.7000000000000999
1.339070978381598 2.572331416216842 0.7000000000000999
1.225592959048028 2.628292582406284 0.7000000000000999
1.10978195385876 2.679250644282731 0.7000000000000999
0.9918584156444392 2.725108600279133 0.7000000000000999
0.8720468185623916 2.765779157169857 0.7000000000000999
0.7505752307973099 2.801184896238297 0.7000000000000999
0.6276748804204982 2.831258420647806 0.7000000000000999
0.5035797152340981 2.855942483735402 0.7000000000000999
0.3785259574381498 2.875190097984049 0.7000000000000999
0.2527516539682091 2.888964624466061 0.7000000000000999
0.1264962233594744 2.897239842587386 0.7000000000000999
2.897239842587388 0.1264962233594744 0.7999999999997891
2.888964624466063 0.2527516539682087 0.7999999999997891
2.875190097984051 0.3785259574381496 0.7999999999997891
2.855942483735403 0.5035797152340981 0.7999999999997891
2.831258420647807 0.6276748804204985 0.7999999999997891
2.801184896238298 0.7505752307973103 0.7999999999997891
2.765779157169858 0.8720468185623922 0.7999999999997891
2.725108600279135 0.9918584156444394 0.7999999999997891
2.679250644282732 1.109781953858761 0.7999999999997891
2.628292582406285 1.225592959048029 0.7999999999997891
2.572331416216843 1.339070978381599 0.7999999999997891
2.511473670974873 1.45 0.7999999999997891
2.445835192857369 1.558168864205789 0.7999999999997891
2.375540928438077 1.663371665418034 0.7999999999997891
2.300724686844582 1.76540814412529 0.7999999999997891
2.221528885045037 1.864084068090964 0.7999999999997891
2.13810427674936 1.959211602085415 0.7999999999997891
2.050609665440988 2.050609665440988 0.7999999999997891
1.959211602085415 2.13810427674936 0.7999999999997891
1.864084068090964 2.221528885045037 0.7999999999997891
1.76540814412529 2.300724686844582 0.7999999999997891
1.663371665418034 2.375540928438077 0.7999999999997891
1.558168864205789 2.445835192857369 0.7999999999997891
1.45 2.511473670974872 0.7999999999997891
1.339070978381599 2.572331416216843 0.7999999999997891
1.225592959048029 2.628292582406285 0.7999999999997891
1.109781953858761 2.679250644282732 0.7999999999997891
0.9918584156444397 2.725108600279134 0.7999999999997891
0.872046818562392 2.765779157169858 0.7999999999997891
0.7505752307973103 2.801184896238298 0.7999999999997891
0.6276748804204985 2.831258420647807 0.7999999999997891
0.5035797152340983 2.855942483735403 0.7999999999997891
0.37852595743815 2.875190097984051 0.7999999999997891
0.2527516539682093 2.888964624466063 0.7999999999997891
0.1264962233594744 2.897239842587388 0.7999999999997891
2.897239842587387 0.1264962233594744 0.8999999999996446
2.888964624466062 0.2527516539682086 0.8999999999996446
2.87519009798405 0.3785259574381495 0.8999999999996446
2.855942483735403 0.5035797152340978 0.8999999999996446
2.831258420647806 0.6276748804204982 0.8999999999996446
2.801184896238297 0.75057523079731 0.8999999999996446
2.765779157169858 0.8720468185623919 0.8999999999996446
2.725108600279134 0.9918584156444391 0.8999999999996446
2.679250644282731 1.10978195385876 0.8999999999996446
2.628292582406284 1.225592959048028 0.8999999999996446
2.572331416216842 1.339070978381598 0.8999999999996446
2.511473670974872 1.45 0.8999999999996446
2.445835192857368 1.558168864205789 0.8999999999996446
2.375540928438076 1.663371665418033 0.8999999999996446
2.300724686844581 1.76540814412529 0.8999999999996446
2.221528885045036 1.864084068090963 0.8999999999996446
2.13810427674936 1.959211602085414 0.8999999999996446
2.050609665440988 2.050609665440987 0.8999999999996446
1.959211602085414 2.13810427674936 0.8999999999996446
1.864084068090964 2.221528885045036 0.8999999999996446
1.76540814412529 2.300724686844581 0.8999999999996446
1.663371665418033 2.375540928438076 0.8999999999996446
1.558168864205789 2.445835192857368 0.8999999999996446
1.45 2.511473670974871 0.8999999999996446
1.339070978381599 2.572331416216842 0.8999999999996446
1.225592959048028 2.628292582406284 0.8999999999996446
1.10978195385876 2.679250644282731 0.8999999999996446
0.9918584156444394 2.725108600279134 0.8999999999996446
0.8720468185623917 2.765779157169858 0.8999999999996446
0.75057523079731 2.801184896238297 0.8999999999996446
0.6276748804204983 2.831258420647806 0.8999999999996446
0.5035797152340981 2.855942483735403 0.8999999999996446
0.3785259574381499 2.87519009798405 0.8999999999996446
0.2527516539682092 2.888964624466062 0.8999999999996446
0.1264962233594744 2.897239842587387 0.8999999999996446
2.997144664745573 0.130858162096008 0.1000000000001152
2.988584094275237 0.2614672282429745 0.1000000000001152
2.974334584121431 0.3915785766601547 0.1000000000001152
2.954423259036624 0.520944533000791 0.1000000000001152
2.9288880213598 0.6493188418143087 0.1000000000001152
2.897777478867205 0.7764571353075622 0.1000000000001152
2.861150852244681 0.9021173985128194 0.1000000000001152
2.819077862357725 1.026060429977006 0.1000000000001152
2.77163859753386 1.148050297095269 0.1000000000001152
2.71892336110995 1.267854785222098 0.1000000000001152
2.661032499534665 1.385245839705102 0.1000000000001152
2.598076211353316 1.5 0.1000000000001152
2.530174337438657 1.611898825040472 0.1000000000001152
2.457456132866975 1.720729309053138 0.1000000000001152
2.380060020873706 1.826284287026162 0.1000000000001152
2.298133329356934 1.928362829059618 0.1000000000001152
2.211832010430372 2.02677062284698 0.1000000000001152
2.121320343559643 2.121320343559642 0.1000000000001152
2.026770622846981 2.211832010430372 0.1000000000001152
1.928362829059618 2.298133329356934 0.1000000000001152
1.826284287026162 2.380060020873706 0.1000000000001152
1.720729309053139 2.457456132866975 0.1000000000001152
1.611898825040472 2.530174337438657 0.1000000000001152
1.5 2.598076211353316 0.1000000000001152
1.385245839705102 2.661032499534665 0.1000000000001152
1.267854785222098 2.71892336110995 0.1000000000001152
1.14805029709527 2.77163859753386 0.1000000000001152
1.026060429977006 2.819077862357725 0.1000000000001152
0.9021173985128192 2.861150852244681 0.1000000000001152
0.7764571353075622 2.897777478867205 0.1000000000001152
0.6493188418143088 2.9288880213598 0.1000000000001152
0.5209445330007912 2.954423259036624 0.1000000000001152
0.3915785766601552 2.974334584121431 0.1000000000001152
0.2614672282429751 2.988584094275237 0.1000000000001152
0.130858162096008 2.997144664745573 0.1000000000001152
2.997144664745573 0.130858162096008 0.2000000000001947
2.988584094275237 0.2614672282429745 0.2000000000001947
2.974334584121431 0.3915785766601547 0.2000000000001947
2.954423259036624 0.520944533000791 0.2000000000001947
2.9288880213598 0.6493188418143087 0.2000000000001947
2.897777478867205 0.7764571353075622 0.2000000000001947
2.861150852244681 0.9021173985128194 0.2000000000001947
2.819077862357725 1.026060429977006 0.2000000000001947
2.77163859753386 1.148050297095269 0.2000000000001947
2.71892336110995 1.267854785222098 0.2000000000001947
2.661032499534665 1.385245839705102 0.2000000000001947
2.598076211353316 1.5 0.2000000000001947
2.530174337438657 1.611898825040472 0.2000000000001947
2.457456132866975 1.720729309053138 0.2000000000001947
2.380060020873706 1.826284287026162 0.2000000000001947
2.298133329356934 1.928362829059618 0.2000000000001947
2.211832010430372 2.02677062284698 0.2000000000001947
2.121320343559643 2.121320343559642 0.2000000000001947
2.026770622846981 2.211832010430372 0.2000000000001947
1.928362829059618 2.298133329356934 0.2000000000001947
1.826284287026162 2.380060020873706 0.2000000000001947
1.720729309053139 2.457456132866975 0.2000000000001947
1.611898825040472 2.530174337438657 0.2000000000001947
1.5 2.598076211353316 0.2000000000001947
1.385245839705102 2.661032499534665 0.2000000000001947
1.267854785222098 2.71892336110995 0.2000000000001947
1.14805029709527 2.77163859753386 0.2000000000001947
1.026060429977006 2.819077862357725 0.2000000000001947
0.9021173985128192 2.861150852244681 0.2000000000001947
0.7764571353075622 2.897777478867205 0.2000000000001947
0.6493188418143088 2.9288880213598 0.2000000000001947
0.5209445330007912 2.954423259036624 0.2000000000001947
0.3915785766601552 2.974334584121431 0.2000000000001947
0.2614672282429751 2.988584094275237 0.2000000000001947
0.130858162096008 2.997144664745573 0.2000000000001947
2.997144664745573 0.130858162096008 0.3000000000002568
2.988584094275237 0.2614672282429745 0.3000000000002568
2.974334584121431 0.3915785766601547 0.3000000000002568
2.954423259036624 0.520944533000791 0.3000000000002568
2.9288880213598 0.6493188418143087 0.3000000000002568
2.897777478867205 0.7764571353075622 0.3000000000002568
2.861150852244681 0.9021173985128194 0.3000000000002568
2.819077862357725 1.026060429977006 0.3000000000002568
2.77163859753386 1.148050297095269 0.3000000000002568
2.71892336110995 1.267854785222098 0.3000000000002568
2.661032499534665 1.385245839705102 0.3000000000002568
2.598076211353316 1.5 0.3000000000002568
2.530174337438657 1.611898825040472 0.3000000000002568
2.457456132866975 1.720729309053138 0.3000000000002568
2.380060020873706 1.826284287026162 0.3000000000002568
2.298133329356934 1.928362829059618 0.3000000000002568
2.211832010430372 2.02677062284698 0.3000000000002568
2.121320343559643 2.121320343559642 0.3000000000002568
2.026770622846981 2.211832010430372 0.3000000000002568
1.928362829059618 2.298133329356934 0.3000000000002568
1.826284287026162 2.380060020873706 0.3000000000002568
1.720729309053139 2.457456132866975 0.3000000000002568
1.611898825040472 2.530174337438657 0.3000000000002568
1.5 2.598076211353316 0.3000000000002568
1.385245839705102 2.661032499534665 0.3000000000002568
1.267854785222098 2.71892336110995 0.3000000000002568
1.14805029709527 2.77163859753386 0.3000000000002568
1.026060429977006 2.819077862357725 0.3000000000002568
0.9021173985128192 2.861150852244681 0.3000000000002568
0.7764571353075622 2.897777478867205 0.3000000000002568
0.6493188418143088 2.9288880213598 0.3000000000002568
0.5209445330007912 2.954423259036624 0.3000000000002568
0.3915785766601552 2.974334584121431 0.3000000000002568
0.2614672282429751 2.988584094275237 0.3000000000002568
0.130858162096008 2.997144664745573 0.3000000000002568
2.997144664745573 0.130858162096008 0.4000000000003192
2.988584094275237 0.2614672282429745 0.4000000000003192
2.974334584121431 0.3915785766601547 0.4000000000003192
2.954423259036624 0.520944533000791 0.4000000000003192
2.9288880213598 0.6493188418143087 0.4000000000003192
2.897777478867205 0.7764571353075622 0.4000000000003192
2.861150852244681 0.9021173985128194 0.4000000000003192
2.819077862357725 1.026060429977006 0.4000000000003192
2.77163859753386 1.148050297095269 0.4000000000003192
2.71892336110995 1.267854785222098 0.4000000000003192
2.661032499534665 1.385245839705102 0.4000000000003192
2.598076211353316 1.5 0.4000000000003192
2.530174337438657 1.611898825040472 0.4000000000003192
2.457456132866975 1.720729309053138 0.4000000000003192
2.380060020873706 1.826284287026162 0.4000000000003192
2.298133329356934 1.928362829059618 0.4000000000003192
2.211832010430372 2.02677062284698 0.4000000000003192
2.121320343559643 2.121320343559642 0.4000000000003192
2.026770622846981 2.211832010430372 0.4000000000003192
1.928362829059618 2.298133329356934 0.4000000000003192
1.826284287026162 2.380060020873706 0.4000000000003192
1.720729309053139 2.457456132866975 0.4000000000003192
1.611898825040472 2.530174337438657 0.4000000000003192
1.5 2.598076211353316 0.4000000000003192
1.385245839705102 2.661032499534665 0.4000000000003192
1.267854785222098 2.71892336110995 0.4000000000003192
1.14805029709527 2.77163859753386 0.4000000000003192
1.026060429977006 2.819077862357725 0.4000000000003192
0.9021173985128192 2.861150852244681 0.4000000000003192
0.7764571353075622 2.897777478867205 0.4000000000003192
0.6493188418143088 2.9288880213598 0.4000000000003192
0.5209445330007912 2.954423259036624 0.4000000000003192
0.3915785766601552 2.974334584121431 0.4000000000003192
0.2614672282429751 2.988584094275237 0.4000000000003192
0.130858162096008 2.997144664745573 0.4000000000003192
2.997144664745573 0.130858162096008 0.5000000000003757
2.988584094275237 0.2614672282429745 0.5000000000003757
2.974334584121431 0.3915785766601547 0.5000000000003757
2.954423259036624 0.520944533000791 0.5000000000003757
2.9288880213598 0.6493188418143087 0.5000000000003757
2.897777478867205 0.7764571353075622 0.5000000000003757
2.861150852244681 0.9021173985128194 0.5000000000003757
2.819077862357725 1.026060429977006 0.5000000000003757
2.77163859753386 1.148050297095269 0.5000000000003757
2.71892336110995 1.267854785222098 0.5000000000003757
2.661032499534665 1.385245839705102 0.5000000000003757
2.598076211353316 1.5 0.5000000000003757
2.530174337438657 1.611898825040472 0.5000000000003757
2.457456132866975 1.720729309053138 0.5000000000003757
2.380060020873706 1.826284287026162 0.5000000000003757
2.298133329356934 1.928362829059618 0.5000000000003757
2.211832010430372 2.02677062284698 0.5000000000003757
2.121320343559643 2.121320343559642 0.5000000000003757
2.026770622846981 2.211832010430372 0.5000000000003757
1.928362829059618 2.298133329356934 0.5000000000003757
1.826284287026162 2.380060020873706 0.5000000000003757
1.720729309053139 2.457456132866975 0.5000000000003757
1.611898825040472 2.530174337438657 0.5000000000003757
1.5 2.598076211353316 0.5000000000003757
1.385245839705102 2.661032499534665 0.5000000000003757
1.267854785222098 2.71892336110995 0.5000000000003757
1.14805029709527 2.77163859753386 0.5000000000003757
1.026060429977006 2.819077862357725 0.5000000000003757
0.9021173985128192 2.861150852244681 0.5000000000003757
0.7764571353075622 2.897777478867205 0.5000000000003757
0.6493188418143088 2.9288880213598 0.5000000000003757
0.5209445330007912 2.954423259036624 0.5000000000003757
0.3915785766601552 2.974334584121431 0.5000000000003757
0.2614672282429751 2.988584094275237 0.5000000000003757
0.130858162096008 2.997144664745573 0.5000000000003757
2.997144664745573 0.130858162096008 0.6000000000001662
2.988584094275237 0.2614672282429745 0.6000000000001662
2.974334584121431 0.3915785766601547 0.6000000000001662
2.954423259036624 0.520944533000791 0.6000000000001662
2.9288880213598 0.6493188418143087 0.6000000000001662
2.897777478867205 0.7764571353075622 0.6000000000001662
2.861150852244681 0.9021173985128194 0.6000000000001662
2.819077862357725 1.026060429977006 0.6000000000001662
2.77163859753386 1.148050297095269 0.6000000000001662
2.71892336110995 1.267854785222098 0.6000000000001662
2.661032499534665 1.385245839705102 0.6000000000001662
2.598076211353316 1.5 0.6000000000001662
2.530174337438657 1.611898825040472 0.6000000000001662
2.457456132866975 1.720729309053138 0.6000000000001662
2.380060020873706 1.826284287026162 0.6000000000001662
2.298133329356934 1.928362829059618 0.6000000000001662
2.211832010430372 2.02677062284698 0.6000000000001662
2.121320343559643 2.121320343559642 0.6000000000001662
2.026770622846981 2.211832010430372 0.6000000000001662
1.928362829059618 2.298133329356934 0.6000000000001662
1.826284287026162 2.380060020873706 0.6000000000001662
1.720729309053139 2.457456132866975 0.6000000000001662
1.611898825040472 2.530174337438657 0.6000000000001662
1.5 2.598076211353316 0.6000000000001662
1.385245839705102 2.661032499534665 0.6000000000001662
1.267854785222098 2.71892336110995 0.6000000000001662
1.14805029709527 2.77163859753386 0.6000000000001662
1.026060429977006 2.819077862357725 0.6000000000001662
0.9021173985128192 2.861150852244681 0.6000000000001662
0.7764571353075622 2.897777478867205 0.6000000000001662
0.6493188418143088 2.9288880213598 0.6000000000001662
0.5209445330007912 2.954423259036624 0.6000000000001662
0.3915785766601552 2.974334584121431 0.6000000000001662
0.2614672282429751 2.988584094275237 0.6000000000001662
0.130858162096008 2.997144664745573 0.6000000000001662
2.997144664745573 0.130858162096008 0.6999999999999513
2.988584094275237 0.2614672282429745 0.6999999999999513
2.974334584121431 0.3915785766601547 0.6999999999999513
2.954423259036624 0.520944533000791 0.6999999999999513
2.9288880213598 0.6493188418143087 0.6999999999999513
2.897777478867205 0.7764571353075622 0.6999999999999513
2.861150852244681 0.9021173985128194 0.6999999999999513
2.819077862357725 1.026060429977006 0.6999999999999513
2.77163859753386 1.148050297095269 0.6999999999999513
2.71892336110995 1.267854785222098 0.6999999999999513
2.661032499534665 1.385245839705102 0.6999999999999513
2.598076211353316 1.5 0.6999999999999513
2.530174337438657 1.611898825040472 0.6999999999999513
2.457456132866975 1.720729309053138 0.6999999999999513
2.380060020873706 1.826284287026162 0.6999999999999513
2.298133329356934 1.928362829059618 0.6999999999999513
2.211832010430372 2.02677062284698 0.6999999999999513
2.121320343559643 2.121320343559642 0.6999999999999513
2.026770622846981 2.211832010430372 0.6999999999999513
1.928362829059618 2.298133329356934 0.6999999999999513
1.826284287026162 2.380060020873706 0.6999999999999513
1.720729309053139 2.457456132866975 0.6999999999999513
1.611898825040472 2.530174337438657 0.6999999999999513
1.5 2.598076211353316 0.6999999999999513
1.385245839705102 2.661032499534665 0.6999999999999513
1.267854785222098 2.71892336110995 0.6999999999999513
1.14805029709527 2.77163859753386 0.6999999999999513
1.026060429977006 2.819077862357725 0.6999999999999513
0.9021173985128192 2.861150852244681 0.6999999999999513
0.7764571353075622 2.897777478867205 0.6999999999999513
0.6493188418143088 2.9288880213598 0.6999999999999513
0.5209445330007912 2.954423259036624 0.6999999999999513
0.3915785766601552 2.974334584121431 0.6999999999999513
0.2614672282429751 2.988584094275237 0.6999999999999513
0.130858162096008 2.997144664745573 0.6999999999999513
2.997144664745573 0.130858162096008 0.7999999999997363
2.988584094275237 0.2614672282429745 0.7999999999997363
2.974334584121431 0.3915785766601547 0.7999999999997363
2.954423259036624 0.520944533000791 0.7999999999997363
2.9288880213598 0.6493188418143087 0.7999999999997363
2.897777478867205 0.7764571353075622 0.7999999999997363
2.861150852244681 0.9021173985128194 0.7999999999997363
2.819077862357725 1.026060429977006 0.7999999999997363
2.77163859753386 1.148050297095269 0.7999999999997363
2.71892336110995 1.267854785222098 0.7999999999997363
2.661032499534665 1.385245839705102 0.7999999999997363
2.598076211353316 1.5 0.7999999999997363
2.530174337438657 1.611898825040472 0.7999999999997363
2.457456132866975 1.720729309053138 0.7999999999997363
2.380060020873706 1.826284287026162 0.7999999999997363
2.298133329356934 1.928362829059618 0.7999999999997363
2.211832010430372 2.02677062284698 0.7999999999997363
2.121320343559643 2.121320343559642 0.7999999999997363
2.026770622846981 2.211832010430372 0.7999999999997363
1.928362829059618 2.298133329356934 0.7999999999997363
1.826284287026162 2.380060020873706 0.7999999999997363
1.720729309053139 2.457456132866975 0.7999999999997363
1.611898825040472 2.530174337438657 0.7999999999997363
1.5 2.598076211353316 0.7999999999997363
1.385245839705102 2.661032499534665 0.7999999999997363
1.267854785222098 2.71892336110995 0.7999999999997363
1.14805029709527 2.77163859753386 0.7999999999997363
1.026060429977006 2.819077862357725 0.7999999999997363
0.9021173985128192 2.861150852244681 0.7999999999997363
0.7764571353075622 2.897777478867205 0.7999999999997363
0.6493188418143088 2.9288880213598 0.7999999999997363
0.5209445330007912 2.954423259036624 0.7999999999997363
0.3915785766601552 2.974334584121431 0.7999999999997363
0.2614672282429751 2.988584094275237 0.7999999999997363
0.130858162096008 2.997144664745573 0.7999999999997363
2.997144664745573 0.130858162096008 0.89999999999966
2.988584094275237 0.2614672282429745 0.89999999999966
2.974334584121431 0.3915785766601547 0.89999999999966
2.954423259036624 0.520944533000791 0.89999999999966
2.9288880213598 0.6493188418143087 0.89999999999966
2.897777478867205 0.7764571353075622 0.89999999999966
2.861150852244681 0.9021173985128194 0.89999999999966
2.819077862357725 1.026060429977006 0.89999999999966
2.77163859753386 1.148050297095269 0.89999999999966
2.71892336110995 1.267854785222098 0.89999999999966
2.661032499534665 1.385245839705102 0.89999999999966
2.598076211353316 1.5 0.89999999999966
2.530174337438657 1.611898825040472 0.89999999999966
2.457456132866975 1.720729309053138 0.89999999999966
2.380060020873706 1.826284287026162 0.89999999999966
2.298133329356934 1.928362829059618 0.89999999999966
2.211832010430372 2.02677062284698 0.89999999999966
2.121320343559643 2.121320343559642 0.89999999999966
2.026770622846981 2.211832010430372 0.89999999999966
1.928362829059618 2.298133329356934 0.89999999999966
1.826284287026162 2.380060020873706 0.89999999999966
1.720729309053139 2.457456132866975 0.89999999999966
1.611898825040472 2.530174337438657 0.89999999999966
1.5 2.598076211353316 0.89999999999966
1.385245839705102 2.661032499534665 0.89999999999966
1.267854785222098 2.71892336110995 0.89999999999966
1.14805029709527 2.77163859753386 0.89999999999966
1.026060429977006 2.819077862357725 0.89999999999966
0.9021173985128192 2.861150852244681 0.89999999999966
0.7764571353075622 2.897777478867205 0.89999999999966
0.6493188418143088 2.9288880213598 0.89999999999966
0.5209445330007912 2.954423259036624 0.89999999999966
0.3915785766601552 2.974334584121431 0.89999999999966
0.2614672282429751 2.988584094275237 0.89999999999966
0.130858162096008 2.997144664745573 0.89999999999966
3.097049486903759 0.1352201008325416 0.100000000000055
3.088203564084411 0.2701828025177403 0.100000000000055
3.073479070258812 0.4046311958821599 0.100000000000055
3.052904034337845 0.5383093507674841 0.100000000000055
3.026517622071793 0.670962803208119 0.100000000000055
2.994370061496112 0.8023390398178143 0.100000000000055
2.956522547319504 0.9321879784632467 0.100000000000055
2.913047124436316 1.060262444309573 0.100000000000055
2.864026550784989 1.186318640331778 0.100000000000055
2.809554139813615 1.310116611396168 0.100000000000055
2.749733582852488 1.431420701028605 0.100000000000055
2.68467875173176 1.55 0.100000000000055
2.614513482019946 1.665628785875154 0.100000000000055
2.539371337295875 1.778086952688243 0.100000000000055
2.459395354902829 1.887160429927034 0.100000000000055
2.374737773668832 1.992641590028272 0.100000000000055
2.285559744111385 2.094329643608547 0.100000000000055
2.192031021678297 2.192031021678297 0.100000000000055
2.094329643608547 2.285559744111385 0.100000000000055
1.992641590028272 2.374737773668832 0.100000000000055
1.887160429927034 2.459395354902829 0.100000000000055
1.778086952688243 2.539371337295875 0.100000000000055
1.665628785875154 2.614513482019946 0.100000000000055
1.55 2.68467875173176 0.100000000000055
1.431420701028606 2.749733582852487 0.100000000000055
1.310116611396168 2.809554139813615 0.100000000000055
1.186318640331778 2.864026550784989 0.100000000000055
1.060262444309573 2.913047124436316 0.100000000000055
0.9321879784632465 2.956522547319504 0.100000000000055
0.8023390398178143 2.994370061496112 0.100000000000055
0.6709628032081191 3.026517622071793 0.100000000000055
0.5383093507674843 3.052904034337845 0.100000000000055
0.4046311958821603 3.073479070258812 0.100000000000055
0.2701828025177409 3.088203564084411 0.100000000000055
0.1352201008325416 3.097049486903759 0.100000000000055
3.097049486903759 0.1352201008325416 0.2000000000000671
3.088203564084411 0.2701828025177403 0.2000000000000671
3.073479070258812 0.4046311958821599 0.2000000000000671
3.052904034337845 0.5383093507674841 0.2000000000000671
3.026517622071793 0.670962803208119 0.2000000000000671
2.994370061496112 0.8023390398178143 0.2000000000000671
2.956522547319504 0.9321879784632467 0.2000000000000671
2.913047124436316 1.060262444309573 0.2000000000000671
2.864026550784989 1.186318640331778 0.2000000000000671
2.809554139813615 1.310116611396168 0.2000000000000671
2.749733582852488 1.431420701028605 0.2000000000000671
2.68467875173176 1.55 0.2000000000000671
2.614513482019946 1.665628785875154 0.2000000000000671
2.539371337295875 1.778086952688243 0.2000000000000671
2.459395354902829 1.887160429927034 0.2000000000000671
2.374737773668832 1.992641590028272 0.2000000000000671
2.285559744111385 2.094329643608547 0.2000000000000671
2.192031021678297 2.192031021678297 0.2000000000000671
2.094329643608547 2.285559744111385 0.2000000000000671
1.992641590028272 2.374737773668832 0.2000000000000671
1.887160429927034 2.459395354902829 0.2000000000000671
1.778086952688243 2.539371337295875 0.2000000000000671
1.665628785875154 2.614513482019946 0.2000000000000671
1.55 2.68467875173176 0.2000000000000671
1.431420701028606 2.749733582852487 0.2000000000000671
1.310116611396168 2.809554139813615 0.2000000000000671
1.186318640331778 2.864026550784989 0.2000000000000671
1.060262444309573 2.913047124436316 0.2000000000000671
0.9321879784632465 2.956522547319504 0.2000000000000671
0.8023390398178143 2.994370061496112 0.2000000000000671
0.6709628032081191 3.026517622071793 0.2000000000000671
0.5383093507674843 3.052904034337845 0.2000000000000671
0.4046311958821603 3.073479070258812 0.2000000000000671
0.2701828025177409 3.088203564084411 0.2000000000000671
0.1352201008325416 3.097049486903759 0.2000000000000671
3.097049486903759 0.1352201008325416 0.3000000000000586
3.088203564084411 0.2701828025177403 0.3000000000000586
3.073479070258812 0.4046311958821598 0.3000000000000586
3.052904034337844 0.538309350767484 0.3000000000000586
3.026517622071793 0.6709628032081189 0.3000000000000586
2.994370061496111 0.8023390398178142 0.3000000000000586
2.956522547319503 0.9321879784632465 0.3000000000000586
2.913047124436316 1.060262444309573 0.3000000000000586
2.864026550784989 1.186318640331778 0.3000000000000586
2.809554139813614 1.310116611396168 0.3000000000000586
2.749733582852487 1.431420701028605 0.3000000000000586
2.68467875173176 1.55 0.3000000000000586
2.614513482019945 1.665628785875154 0.3000000000000586
2.539371337295874 1.778086952688243 0.3000000000000586
2.459395354902829 1.887160429927034 0.3000000000000586
2.374737773668832 1.992641590028271 0.3000000000000586
2.285559744111384 2.094329643608546 0.3000000000000586
2.192031021678297 2.192031021678297 0.3000000000000586
2.094329643608547 2.285559744111384 0.3000000000000586
1.992641590028272 2.374737773668832 0.3000000000000586
1.887160429927034 2.459395354902829 0.3000000000000586
1.778086952688243 2.539371337295874 0.3000000000000586
1.665628785875154 2.614513482019945 0.3000000000000586
1.55 2.684678751731759 0.3000000000000586
1.431420701028606 2.749733582852487 0.3000000000000586
1.310116611396168 2.809554139813614 0.3000000000000586
1.186318640331778 2.864026550784989 0.3000000000000586
1.060262444309573 2.913047124436316 0.3000000000000586
0.9321879784632464 2.956522547319503 0.3000000000000586
0.8023390398178142 2.994370061496111 0.3000000000000586
0.670962803208119 3.026517622071793 0.3000000000000586
0.5383093507674842 3.052904034337844 0.3000000000000586
0.4046311958821603 3.073479070258812 0.3000000000000586
0.2701828025177409 3.088203564084411 0.3000000000000586
0.1352201008325416 3.097049486903759 0.3000000000000586
3.097049486903759 0.1352201008325416 0.4000000000000498
3.088203564084411 0.2701828025177403 0.4000000000000498
3.073479070258812 0.4046311958821598 0.4000000000000498
3.052904034337844 0.538309350767484 0.4000000000000498
3.026517622071793 0.6709628032081189 0.4000000000000498
2.994370061496111 0.8023390398178142 0.4000000000000498
2.956522547319503 0.9321879784632465 0.4000000000000498
2.913047124436316 1.060262444309573 0.4000000000000498
2.864026550784989 1.186318640331778 0.4000000000000498
2.809554139813614 1.310116611396168 0.4000000000000498
2.749733582852487 1.431420701028605 0.4000000000000498
2.68467875173176 1.55 0.4000000000000498
2.614513482019945 1.665628785875154 0.4000000000000498
2.539371337295874 1.778086952688243 0.4000000000000498
2.459395354902829 1.887160429927034 0.4000000000000498
2.374737773668832 1.992641590028271 0.4000000000000498
2.285559744111384 2.094329643608546 0.4000000000000498
2.192031021678297 2.192031021678297 0.4000000000000498
2.094329643608547 2.285559744111384 0.4000000000000498
1.992641590028272 2.374737773668832 0.4000000000000498
1.887160429927034 2.459395354902829 0.4000000000000498
1.778086952688243 2.539371337295874 0.4000000000000498
1.665628785875154 2.614513482019945 0.4000000000000498
1.55 2.684678751731759 0.4000000000000498
1.431420701028606 2.749733582852487 0.4000000000000498
1.310116611396168 2.809554139813614 0.4000000000000498
1.186318640331778 2.864026550784989 0.4000000000000498
1.060262444309573 2.913047124436316 0.4000000000000498
0.9321879784632464 2.956522547319503 0.4000000000000498
0.8023390398178142 2.994370061496111 0.4000000000000498
0.670962803208119 3.026517622071793 0.4000000000000498
0.5383093507674842 3.052904034337844 0.4000000000000498
0.4046311958821603 3.073479070258812 0.4000000000000498
0.2701828025177409 3.088203564084411 0.4000000000000498
0.1352201008325416 3.097049486903759 0.4000000000000498
3.09704948690376 0.1352201008325416 0.5000000000000391
3.088203564084412 0.2701828025177404 0.5000000000000391
3.073479070258813 0.40463119588216 0.5000000000000391
3.052904034337845 0.5383093507674841 0.5000000000000391
3.026517622071794 0.6709628032081191 0.5000000000000391
2.994370061496112 0.8023390398178144 0.5000000000000391
2.956522547319504 0.9321879784632469 0.5000000000000391
2.913047124436317 1.060262444309573 0.5000000000000391
2.86402655078499 1.186318640331778 0.5000000000000391
2.809554139813615 1.310116611396168 0.5000000000000391
2.749733582852488 1.431420701028605 0.5000000000000391
2.68467875173176 1.55 0.5000000000000391
2.614513482019946 1.665628785875154 0.5000000000000391
2.539371337295875 1.778086952688243 0.5000000000000391
2.45939535490283 1.887160429927034 0.5000000000000391
2.374737773668832 1.992641590028272 0.5000000000000391
2.285559744111385 2.094329643608547 0.5000000000000391
2.192031021678298 2.192031021678297 0.5000000000000391
2.094329643608547 2.285559744111385 0.5000000000000391
1.992641590028272 2.374737773668832 0.5000000000000391
1.887160429927034 2.45939535490283 0.5000000000000391
1.778086952688243 2.539371337295875 0.5000000000000391
1.665628785875154 2.614513482019946 0.5000000000000391
1.550000000000001 2.68467875173176 0.5000000000000391
1.431420701028606 2.749733582852488 0.5000000000000391
1.310116611396168 2.809554139813615 0.5000000000000391
1.186318640331779 2.86402655078499 0.5000000000000391
1.060262444309574 2.913047124436316 0.5000000000000391
0.9321879784632466 2.956522547319504 0.5000000000000391
0.8023390398178144 2.994370061496112 0.5000000000000391
0.6709628032081191 3.026517622071794 0.5000000000000391
0.5383093507674844 3.052904034337845 0.5000000000000391
0.4046311958821604 3.073479070258813 0.5000000000000391
0.270182802517741 3.088203564084412 0.5000000000000391
0.1352201008325417 3.09704948690376 0.5000000000000391
3.09704948690376 0.1352201008325417 0.5999999999999219
3.088203564084412 0.2701828025177404 0.5999999999999219
3.073479070258813 0.40463119588216 0.5999999999999219
3.052904034337846 0.5383093507674842 0.5999999999999219
3.026517622071794 0.6709628032081191 0.5999999999999219
2.994370061496113 0.8023390398178145 0.5999999999999219
2.956522547319504 0.932187978463247 0.5999999999999219
2.913047124436317 1.060262444309573 0.5999999999999219
2.86402655078499 1.186318640331779 0.5999999999999219
2.809554139813616 1.310116611396169 0.5999999999999219
2.749733582852488 1.431420701028606 0.5999999999999219
2.684678751731761 1.55 0.5999999999999219
2.614513482019947 1.665628785875155 0.5999999999999219
2.539371337295875 1.778086952688243 0.5999999999999219
2.45939535490283 1.887160429927035 0.5999999999999219
2.374737773668833 1.992641590028272 0.5999999999999219
2.285559744111386 2.094329643608547 0.5999999999999219
2.192031021678298 2.192031021678298 0.5999999999999219
2.094329643608547 2.285559744111386 0.5999999999999219
1.992641590028273 2.374737773668833 0.5999999999999219
1.887160429927035 2.45939535490283 0.5999999999999219
1.778086952688244 2.539371337295875 0.5999999999999219
1.665628785875155 2.614513482019947 0.5999999999999219
1.550000000000001 2.68467875173176 0.5999999999999219
1.431420701028606 2.749733582852488 0.5999999999999219
1.310116611396169 2.809554139813616 0.5999999999999219
1.186318640331779 2.86402655078499 0.5999999999999219
1.060262444309574 2.913047124436317 0.5999999999999219
0.9321879784632467 2.956522547319504 0.5999999999999219
0.8023390398178145 2.994370061496113 0.5999999999999219
0.6709628032081192 3.026517622071794 0.5999999999999219
0.5383093507674844 3.052904034337846 0.5999999999999219
0.4046311958821605 3.073479070258813 0.5999999999999219
0.270182802517741 3.088203564084412 0.5999999999999219
0.1352201008325417 3.09704948690376 0.5999999999999219
3.09704948690376 0.1352201008325416 0.6999999999998028
3.088203564084412 0.2701828025177404 0.6999999999998028
3.073479070258813 0.40463119588216 0.6999999999998028
3.052904034337845 0.5383093507674841 0.6999999999998028
3.026517622071794 0.6709628032081191 0.6999999999998028
2.994370061496112 0.8023390398178144 0.6999999999998028
2.956522547319504 0.9321879784632469 0.6999999999998028
2.913047124436317 1.060262444309573 0.6999999999998028
2.86402655078499 1.186318640331778 0.6999999999998028
2.809554139813615 1.310116611396168 0.6999999999998028
2.749733582852488 1.431420701028605 0.6999999999998028
2.68467875173176 1.55 0.6999999999998028
2.614513482019946 1.665628785875154 0.6999999999998028
2.539371337295875 1.778086952688243 0.6999999999998028
2.45939535490283 1.887160429927034 0.6999999999998028
2.374737773668832 1.992641590028272 0.6999999999998028
2.285559744111385 2.094329643608547 0.6999999999998028
2.192031021678298 2.192031021678297 0.6999999999998028
2.094329643608547 2.285559744111385 0.6999999999998028
1.992641590028272 2.374737773668832 0.6999999999998028
1.887160429927034 2.45939535490283 0.6999999999998028
1.778086952688243 2.539371337295875 0.6999999999998028
1.665628785875154 2.614513482019946 0.6999999999998028
1.550000000000001 2.68467875173176 0.6999999999998028
1.431420701028606 2.749733582852488 0.6999999999998028
1.310116611396168 2.809554139813615 0.6999999999998028
1.186318640331779 2.86402655078499 0.6999999999998028
1.060262444309574 2.913047124436316 0.6999999999998028
0.9321879784632466 2.956522547319504 0.6999999999998028
0.8023390398178144 2.994370061496112 0.6999999999998028
0.6709628032081191 3.026517622071794 0.6999999999998028
0.5383093507674844 3.052904034337845 0.6999999999998028
0.4046311958821604 3.073479070258813 0.6999999999998028
0.270182802517741 3.088203564084412 0.6999999999998028
0.1352201008325417 3.09704948690376 0.6999999999998028
3.09704948690376 0.1352201008325417 0.7999999999996834
3.088203564084412 0.2701828025177404 0.7999999999996834
3.073479070258813 0.40463119588216 0.7999999999996834
3.052904034337846 0.5383093507674842 0.7999999999996834
3.026517622071794 0.6709628032081191 0.7999999999996834
2.994370061496113 0.8023390398178145 0.7999999999996834
2.956522547319504 0.932187978463247 0.7999999999996834
2.913047124436317 1.060262444309573 0.7999999999996834
2.86402655078499 1.186318640331779 0.7999999999996834
2.809554139813616 1.310116611396169 0.7999999999996834
2.749733582852488 1.431420701028606 0.7999999999996834
2.684678751731761 1.55 0.7999999999996834
2.614513482019947 1.665628785875155 0.7999999999996834
2.539371337295875 1.778086952688243 0.7999999999996834
2.45939535490283 1.887160429927035 0.7999999999996834
2.374737773668833 1.992641590028272 0.7999999999996834
2.285559744111386 2.094329643608547 0.7999999999996834
2.192031021678298 2.192031021678298 0.7999999999996834
2.094329643608547 2.285559744111386 0.7999999999996834
1.992641590028273 2.374737773668833 0.7999999999996834
1.887160429927035 2.45939535490283 0.7999999999996834
1.778086952688244 2.539371337295875 0.7999999999996834
1.665628785875155 2.614513482019947 0.7999999999996834
1.550000000000001 2.68467875173176 0.7999999999996834
1.431420701028606 2.749733582852488 0.7999999999996834
1.310116611396169 2.809554139813616 0.7999999999996834
1.186318640331779 2.86402655078499 0.7999999999996834
1.060262444309574 2.913047124436317 0.7999999999996834
0.9321879784632467 2.956522547319504 0.7999999999996834
0.8023390398178145 2.994370061496113 0.7999999999996834
0.6709628032081192 3.026517622071794 0.7999999999996834
0.5383093507674844 3.052904034337846 0.7999999999996834
0.4046311958821605 3.073479070258813 0.7999999999996834
0.270182802517741 3.088203564084412 0.7999999999996834
0.1352201008325417 3.09704948690376 0.7999999999996834
3.09704948690376 0.1352201008325417 0.8999999999996751
3.088203564084412 0.2701828025177404 0.8999999999996751
3.073479070258813 0.40463119588216 0.8999999999996751
3.052904034337846 0.5383093507674842 0.8999999999996751
3.026517622071794 0.6709628032081191 0.8999999999996751
2.994370061496113 0.8023390398178145 0.8999999999996751
2.956522547319504 0.932187978463247 0.8999999999996751
2.913047124436317 1.060262444309573 0.8999999999996751
2.86402655078499 1.186318640331779 0.8999999999996751
2.809554139813616 1.310116611396169 0.8999999999996751
2.749733582852488 1.431420701028606 0.8999999999996751
2.684678751731761 1.55 0.8999999999996751
2.614513482019947 1.665628785875155 0.8999999999996751
2.539371337295875 1.778086952688243 0.8999999999996751
2.45939535490283 1.887160429927035 0.8999999999996751
2.374737773668833 1.992641590028272 0.8999999999996751
2.285559744111386 2.094329643608547 0.8999999999996751
2.192031021678298 2.192031021678298 0.8999999999996751
2.094329643608547 2.285559744111386 0.8999999999996751
1.992641590028273 2.374737773668833 0.8999999999996751
1.887160429927035 2.45939535490283 0.8999999999996751
1.778086952688244 2.539371337295875 0.8999999999996751
1.665628785875155 2.614513482019947 0.8999999999996751
1.550000000000001 2.68467875173176 0.8999999999996751
1.431420701028606 2.749733582852488 0.8999999999996751
1.310116611396169 2.809554139813616 0.8999999999996751
1.186318640331779 2.86402655078499 0.8999999999996751
1.060262444309574 2.913047124436317 0.8999999999996751
0.9321879784632467 2.956522547319504 0.8999999999996751
0.8023390398178145 2.994370061496113 0.8999999999996751
0.6709628032081192 3.026517622071794 0.8999999999996751
0.5383093507674844 3.052904034337846 0.8999999999996751
0.4046311958821605 3.073479070258813 0.8999999999996751
0.270182802517741 3.088203564084412 0.8999999999996751
0.1352201008325417 3.09704948690376 0.8999999999996751
3.196954309061946 0.1395820395690753 0.09999999999999476
3.187823033893587 0.2788983767925062 0.09999999999999476
3.172623556396194 0.4176838151041652 0.09999999999999476
3.151384809639067 0.5556741685341773 0.09999999999999476
3.124147222783788 0.6926067646019294 0.09999999999999476
3.09096264412502 0.8282209443280666 0.09999999999999476
3.051894242394327 0.9622585584136742 0.09999999999999476
3.007016386514908 1.09446445864214 0.09999999999999476
2.956414504036119 1.224586983568288 0.09999999999999476
2.900184918517281 1.352378437570239 0.09999999999999476
2.83843466617031 1.477595562352109 0.09999999999999476
2.771281292110205 1.6 0.09999999999999476
2.698852626601235 1.719358746709837 0.09999999999999476
2.621286541724775 1.835444596323348 0.09999999999999476
2.538730688931953 1.948036572827907 0.09999999999999476
2.45134221798073 2.056920350996926 0.09999999999999476
2.359287477792398 2.161888664370113 0.09999999999999476
2.262741699796953 2.262741699796952 0.09999999999999476
2.161888664370113 2.359287477792398 0.09999999999999476
2.056920350996926 2.45134221798073 0.09999999999999476
1.948036572827907 2.538730688931953 0.09999999999999476
1.835444596323348 2.621286541724775 0.09999999999999476
1.719358746709837 2.698852626601235 0.09999999999999476
1.600000000000001 2.771281292110205 0.09999999999999476
1.47759556235211 2.83843466617031 0.09999999999999476
1.352378437570239 2.900184918517281 0.09999999999999476
1.224586983568288 2.956414504036119 0.09999999999999476
1.094464458642141 3.007016386514908 0.09999999999999476
0.9622585584136741 3.051894242394327 0.09999999999999476
0.8282209443280666 3.09096264412502 0.09999999999999476
0.6926067646019295 3.124147222783788 0.09999999999999476
0.5556741685341775 3.151384809639067 0.09999999999999476
0.4176838151041656 3.172623556396194 0.09999999999999476
0.2788983767925068 3.187823033893587 0.09999999999999476
0.1395820395690753 3.196954309061946 0.09999999999999476
3.196954309061945 0.1395820395690752 0.1999999999999396
3.187823033893586 0.2788983767925061 0.1999999999999396
3.172623556396193 0.4176838151041651 0.1999999999999396
3.151384809639066 0.5556741685341771 0.1999999999999396
3.124147222783787 0.6926067646019293 0.1999999999999396
3.090962644125019 0.8282209443280664 0.1999999999999396
3.051894242394326 0.962258558413674 0.1999999999999396
3.007016386514907 1.09446445864214 0.1999999999999396
2.956414504036118 1.224586983568287 0.1999999999999396
2.90018491851728 1.352378437570238 0.1999999999999396
2.838434666170309 1.477595562352109 0.1999999999999396
2.771281292110204 1.6 0.1999999999999396
2.698852626601234 1.719358746709837 0.1999999999999396
2.621286541724774 1.835444596323347 0.1999999999999396
2.538730688931953 1.948036572827906 0.1999999999999396
2.45134221798073 2.056920350996926 0.1999999999999396
2.359287477792397 2.161888664370113 0.1999999999999396
2.262741699796952 2.262741699796952 0.1999999999999396
2.161888664370113 2.359287477792397 0.1999999999999396
2.056920350996926 2.45134221798073 0.1999999999999396
1.948036572827906 2.538730688931953 0.1999999999999396
1.835444596323348 2.621286541724774 0.1999999999999396
1.719358746709837 2.698852626601234 0.1999999999999396
1.600000000000001 2.771281292110204 0.1999999999999396
1.477595562352109 2.838434666170309 0.1999999999999396
1.352378437570238 2.90018491851728 0.1999999999999396
1.224586983568288 2.956414504036118 0.1999999999999396
1.09446445864214 3.007016386514907 0.1999999999999396
0.9622585584136738 3.051894242394326 0.1999999999999396
0.8282209443280664 3.090962644125019 0.1999999999999396
0.6926067646019294 3.124147222783787 0.1999999999999396
0.5556741685341774 3.151384809639066 0.1999999999999396
0.4176838151041655 3.172623556396193 0.1999999999999396
0.2788983767925068 3.187823033893586 0.1999999999999396
0.1395820395690752 3.196954309061945 0.1999999999999396
3.196954309061945 0.1395820395690752 0.2999999999998602
3.187823033893586 0.2788983767925061 0.2999999999998602
3.172623556396193 0.4176838151041651 0.2999999999998602
3.151384809639066 0.5556741685341771 0.2999999999998602
3.124147222783787 0.6926067646019293 0.2999999999998602
3.090962644125019 0.8282209443280664 0.2999999999998602
3.051894242394326 0.962258558413674 0.2999999999998602
3.007016386514907 1.09446445864214 0.2999999999998602
2.956414504036118 1.224586983568287 0.2999999999998602
2.90018491851728 1.352378437570238 0.2999999999998602
2.838434666170309 1.477595562352109 0.2999999999998602
2.771281292110204 1.6 0.2999999999998602
2.698852626601234 1.719358746709837 0.2999999999998602
2.621286541724774 1.835444596323347 0.2999999999998602
2.538730688931953 1.948036572827906 0.2999999999998602
2.45134221798073 2.056920350996926 0.2999999999998602
2.359287477792397 2.161888664370113 0.2999999999998602
2.262741699796952 2.262741699796952 0.2999999999998602
2.161888664370113 2.359287477792397 0.2999999999998602
2.056920350996926 2.45134221798073 0.2999999999998602
1.948036572827906 2.538730688931953 0.2999999999998602
1.835444596323348 2.621286541724774 0.2999999999998602
1.719358746709837 2.698852626601234 0.2999999999998602
1.600000000000001 2.771281292110204 0.2999999999998602
1.477595562352109 2.838434666170309 0.2999999999998602
1.352378437570238 2.90018491851728 0.2999999999998602
1.224586983568288 2.956414504036118 0.2999999999998602
1.09446445864214 3.007016386514907 0.2999999999998602
0.9622585584136738 3.051894242394326 0.2999999999998602
0.8282209443280664 3.090962644125019 0.2999999999998602
0.6926067646019294 3.124147222783787 0.2999999999998602
0.5556741685341774 3.151384809639066 0.2999999999998602
0.4176838151041655 3.172623556396193 0.2999999999998602
0.2788983767925068 3.187823033893586 0.2999999999998602
0.1395820395690752 3.196954309061945 0.2999999999998602
3.196954309061945 0.1395820395690752 0.3999999999997807
3.187823033893586 0.2788983767925061 0.3999999999997807
3.172623556396193 0.417683815104165 0.3999999999997807
3.151384809639065 0.5556741685341771 0.3999999999997807
3.124147222783786 0.6926067646019292 0.3999999999997807
3.090962644125018 0.8282209443280663 0.3999999999997807
3.051894242394326 0.9622585584136739 0.3999999999997807
3.007016386514907 1.09446445864214 0.3999999999997807
2.956414504036117 1.224586983568287 0.3999999999997807
2.900184918517279 1.352378437570238 0.3999999999997807
2.838434666170309 1.477595562352108 0.3999999999997807
2.771281292110204 1.6 0.3999999999997807
2.698852626601234 1.719358746709836 0.3999999999997807
2.621286541724773 1.835444596323347 0.3999999999997807
2.538730688931953 1.948036572827906 0.3999999999997807
2.451342217980729 2.056920350996926 0.3999999999997807
2.359287477792397 2.161888664370112 0.3999999999997807
2.262741699796952 2.262741699796952 0.3999999999997807
2.161888664370113 2.359287477792397 0.3999999999997807
2.056920350996926 2.451342217980729 0.3999999999997807
1.948036572827906 2.538730688931953 0.3999999999997807
1.835444596323348 2.621286541724773 0.3999999999997807
1.719358746709836 2.698852626601234 0.3999999999997807
1.6 2.771281292110203 0.3999999999997807
1.477595562352109 2.838434666170309 0.3999999999997807
1.352378437570238 2.900184918517279 0.3999999999997807
1.224586983568287 2.956414504036117 0.3999999999997807
1.09446445864214 3.007016386514906 0.3999999999997807
0.9622585584136737 3.051894242394326 0.3999999999997807
0.8282209443280663 3.090962644125018 0.3999999999997807
0.6926067646019293 3.124147222783786 0.3999999999997807
0.5556741685341773 3.151384809639065 0.3999999999997807
0.4176838151041655 3.172623556396193 0.3999999999997807
0.2788983767925067 3.187823033893586 0.3999999999997807
0.1395820395690752 3.196954309061945 0.3999999999997807
3.196954309061945 0.1395820395690752 0.4999999999997022
3.187823033893586 0.2788983767925061 0.4999999999997022
3.172623556396193 0.4176838151041651 0.4999999999997022
3.151384809639066 0.5556741685341771 0.4999999999997022
3.124147222783787 0.6926067646019293 0.4999999999997022
3.090962644125019 0.8282209443280664 0.4999999999997022
3.051894242394326 0.962258558413674 0.4999999999997022
3.007016386514907 1.09446445864214 0.4999999999997022
2.956414504036118 1.224586983568287 0.4999999999997022
2.90018491851728 1.352378437570238 0.4999999999997022
2.838434666170309 1.477595562352109 0.4999999999997022
2.771281292110204 1.6 0.4999999999997022
2.698852626601234 1.719358746709837 0.4999999999997022
2.621286541724774 1.835444596323347 0.4999999999997022
2.538730688931953 1.948036572827906 0.4999999999997022
2.45134221798073 2.056920350996926 0.4999999999997022
2.359287477792397 2.161888664370113 0.4999999999997022
2.262741699796952 2.262741699796952 0.4999999999997022
2.161888664370113 2.359287477792397 0.4999999999997022
2.056920350996926 2.45134221798073 0.4999999999997022
1.948036572827906 2.538730688931953 0.4999999999997022
1.835444596323348 2.621286541724774 0.4999999999997022
1.719358746709837 2.698852626601234 0.4999999999997022
1.600000000000001 2.771281292110204 0.4999999999997022
1.477595562352109 2.838434666170309 0.4999999999997022
1.352378437570238 2.90018491851728 0.4999999999997022
1.224586983568288 2.956414504036118 0.4999999999997022
1.09446445864214 3.007016386514907 0.4999999999997022
0.9622585584136738 3.051894242394326 0.4999999999997022
0.8282209443280664 3.090962644125019 0.4999999999997022
0.6926067646019294 3.124147222783787 0.4999999999997022
0.5556741685341774 3.151384809639066 0.4999999999997022
0.4176838151041655 3.172623556396193 0.4999999999997022
0.2788983767925068 3.187823033893586 0.4999999999997022
0.1395820395690752 3.196954309061945 0.4999999999997022
3.196954309061945 0.1395820395690752 0.5999999999996777
3.187823033893586 0.2788983767925061 0.5999999999996777
3.172623556396193 0.4176838151041651 0.5999999999996777
3.151384809639066 0.5556741685341771 0.5999999999996777
3.124147222783787 0.6926067646019293 0.5999999999996777
3.090962644125019 0.8282209443280664 0.5999999999996777
3.051894242394326 0.962258558413674 0.5999999999996777
3.007016386514907 1.09446445864214 0.5999999999996777
2.956414504036118 1.224586983568287 0.5999999999996777
2.90018491851728 1.352378437570238 0.5999999999996777
2.838434666170309 1.477595562352109 0.5999999999996777
2.771281292110204 1.6 0.5999999999996777
2.698852626601234 1.719358746709837 0.5999999999996777
2.621286541724774 1.835444596323347 0.5999999999996777
2.538730688931953 1.948036572827906 0.5999999999996777
2.45134221798073 2.056920350996926 0.5999999999996777
2.359287477792397 2.161888664370113 0.5999999999996777
2.262741699796952 2.262741699796952 0.5999999999996777
2.161888664370113 2.359287477792397 0.5999999999996777
2.056920350996926 2.45134221798073 0.5999999999996777
1.948036572827906 2.538730688931953 0.5999999999996777
1.835444596323348 2.621286541724774 0.5999999999996777
1.719358746709837 2.698852626601234 0.5999999999996777
1.600000000000001 2.771281292110204 0.5999999999996777
1.477595562352109 2.838434666170309 0.5999999999996777
1.352378437570238 2.90018491851728 0.5999999999996777
1.224586983568288 2.956414504036118 0.5999999999996777
1.09446445864214 3.007016386514907 0.5999999999996777
0.9622585584136738 3.051894242394326 0.5999999999996777
0.8282209443280664 3.090962644125019 0.5999999999996777
0.6926067646019294 3.124147222783787 0.5999999999996777
0.5556741685341774 3.151384809639066 0.5999999999996777
0.4176838151041655 3.172623556396193 0.5999999999996777
0.2788983767925068 3.187823033893586 0.5999999999996777
0.1395820395690752 3.196954309061945 0.5999999999996777
3.196954309061945 0.1395820395690752 0.6999999999996542
3.187823033893586 0.2788983767925061 0.6999999999996542
3.172623556396193 0.4176838151041651 0.6999999999996542
3.151384809639066 0.5556741685341771 0.6999999999996542
3.124147222783787 0.6926067646019293 0.6999999999996542
3.090962644125019 0.8282209443280664 0.6999999999996542
3.051894242394326 0.962258558413674 0.6999999999996542
3.007016386514907 1.09446445864214 0.6999999999996542
2.956414504036118 1.224586983568287 0.6999999999996542
2.90018491851728 1.352378437570238 0.6999999999996542
2.838434666170309 1.477595562352109 0.6999999999996542
2.771281292110204 1.6 0.6999999999996542
2.698852626601234 1.719358746709837 0.6999999999996542
2.621286541724774 1.835444596323347 0.6999999999996542
2.538730688931953 1.948036572827906 0.6999999999996542
2.45134221798073 2.056920350996926 0.6999999999996542
2.359287477792397 2.161888664370113 0.6999999999996542
2.262741699796952 2.262741699796952 0.6999999999996542
2.161888664370113 2.359287477792397 0.6999999999996542
2.056920350996926 2.45134221798073 0.6999999999996542
1.948036572827906 2.538730688931953 0.6999999999996542
1.835444596323348 2.621286541724774 0.6999999999996542
1.719358746709837 2.698852626601234 0.6999999999996542
1.600000000000001 2.771281292110204 0.6999999999996542
1.477595562352109 2.838434666170309 0.6999999999996542
1.352378437570238 2.90018491851728 0.6999999999996542
1.224586983568288 2.956414504036118 0.6999999999996542
1.09446445864214 3.007016386514907 0.6999999999996542
0.9622585584136738 3.051894242394326 0.6999999999996542
0.8282209443280664 3.090962644125019 0.6999999999996542
0.6926067646019294 3.124147222783787 0.6999999999996542
0.5556741685341774 3.151384809639066 0.6999999999996542
0.4176838151041655 3.172623556396193 0.6999999999996542
0.2788983767925068 3.187823033893586 0.6999999999996542
0.1395820395690752 3.196954309061945 0.6999999999996542
3.196954309061945 0.1395820395690752 0.7999999999996308
3.187823033893586 0.2788983767925061 0.7999999999996308
3.172623556396193 0.4176838151041651 0.7999999999996308
3.151384809639066 0.5556741685341771 0.7999999999996308
3.124147222783787 0.6926067646019293 0.7999999999996308
3.090962644125019 0.8282209443280664 0.7999999999996308
3.051894242394326 0.962258558413674 0.7999999999996308
3.007016386514907 1.09446445864214 0.7999999999996308
2.956414504036118 1.224586983568287 0.7999999999996308
2.90018491851728 1.352378437570238 0.7999999999996308
2.838434666170309 1.477595562352109 0.7999999999996308
2.771281292110204 1.6 0.7999999999996308
2.698852626601234 1.719358746709837 0.7999999999996308
2.621286541724774 1.835444596323347 0.7999999999996308
2.538730688931953 1.948036572827906 0.7999999999996308
2.45134221798073 2.056920350996926 0.7999999999996308
2.359287477792397 2.161888664370113 0.7999999999996308
2.262741699796952 2.262741699796952 0.7999999999996308
2.161888664370113 2.359287477792397 0.7999999999996308
2.056920350996926 2.45134221798073 0.7999999999996308
1.948036572827906 2.538730688931953 0.7999999999996308
1.835444596323348 2.621286541724774 0.7999999999996308
1.719358746709837 2.698852626601234 0.7999999999996308
1.600000000000001 2.771281292110204 0.7999999999996308
1.477595562352109 2.838434666170309 0.7999999999996308
1.352378437570238 2.90018491851728 0.7999999999996308
1.224586983568288 2.956414504036118 0.7999999999996308
1.09446445864214 3.007016386514907 0.7999999999996308
0.9622585584136738 3.051894242394326 0.7999999999996308
0.8282209443280664 3.090962644125019 0.7999999999996308
0.6926067646019294 3.124147222783787 0.7999999999996308
0.5556741685341774 3.151384809639066 0.7999999999996308
0.4176838151041655 3.172623556396193 0.7999999999996308
0.2788983767925068 3.187823033893586 0.7999999999996308
0.1395820395690752 3.196954309061945 0.7999999999996308
3.196954309061945 0.1395820395690752 0.8999999999996904
3.187823033893586 0.2788983767925061 0.8999999999996904
3.172623556396193 0.4176838151041651 0.8999999999996904
3.151384809639066 0.5556741685341771 0.8999999999996904
3.124147222783787 0.6926067646019293 0.8999999999996904
3.090962644125019 0.8282209443280664 0.8999999999996904
3.051894242394326 0.962258558413674 0.8999999999996904
3.007016386514907 1.09446445864214 0.8999999999996904
2.956414504036118 1.224586983568287 0.8999999999996904
2.90018491851728 1.352378437570238 0.8999999999996904
2.838434666170309 1.477595562352109 0.8999999999996904
2.771281292110204 1.6 0.8999999999996904
2.698852626601234 1.719358746709837 0.8999999999996904
2.621286541724774 1.835444596323347 0.8999999999996904
2.538730688931953 1.948036572827906 0.8999999999996904
2.45134221798073 2.056920350996926 0.8999999999996904
2.359287477792397 2.161888664370113 0.8999999999996904
2.262741699796952 2.262741699796952 0.8999999999996904
2.161888664370113 2.359287477792397 0.8999999999996904
2.056920350996926 2.45134221798073 0.8999999999996904
1.948036572827906 2.538730688931953 0.8999999999996904
1.835444596323348 2.621286541724774 0.8999999999996904
1.719358746709837 2.698852626601234 0.8999999999996904
1.600000000000001 2.771281292110204 0.8999999999996904
1.477595562352109 2.838434666170309 0.8999999999996904
1.352378437570238 2.90018491851728 0.8999999999996904
1.224586983568288 2.956414504036118 0.8999999999996904
1.09446445864214 3.007016386514907 0.8999999999996904
0.9622585584136738 3.051894242394326 0.8999999999996904
0.8282209443280664 3.090962644125019 0.8999999999996904
0.6926067646019294 3.124147222783787 0.8999999999996904
0.5556741685341774 3.151384809639066 0.8999999999996904
0.4176838151041655 3.172623556396193 0.8999999999996904
0.2788983767925068 3.187823033893586 0.8999999999996904
0.1395820395690752 3.196954309061945 0.8999999999996904
3.296859131220131 0.1439439783056088 0.09999999999993453
3.28744250370276 0.2876139510672719 0.09999999999993453
3.271768042533574 0.4307364343261701 0.09999999999993453
3.249865584940286 0.57303898630087 0.09999999999993453
3.22177682349578 0.7142507259957395 0.09999999999993453
3.187555226753925 0.8541028488383184 0.09999999999993453
3.147265937469149 0.9923291383641012 0.09999999999993453
3.100985648593498 1.128666472974707 0.09999999999993453
3.048802457287246 1.262855326804796 0.09999999999993453
2.990815697220945 1.394640263744308 0.09999999999993453
2.927135749488131 1.523770423675612 0.09999999999993453
2.857883832488648 1.65 0.09999999999993453
2.783191771182523 1.773088707544519 0.09999999999993453
2.703201746153673 1.892802239958452 0.09999999999993453
2.618066022961076 2.008912715728778 0.09999999999993453
2.527946662292627 2.121199111965579 0.09999999999993453
2.433015211473409 2.229447685131678 0.09999999999993453
2.333452377915607 2.333452377915607 0.09999999999993453
2.229447685131679 2.433015211473409 0.09999999999993453
2.12119911196558 2.527946662292627 0.09999999999993453
2.008912715728778 2.618066022961076 0.09999999999993453
1.892802239958452 2.703201746153673 0.09999999999993453
1.773088707544519 2.783191771182523 0.09999999999993453
1.65 2.857883832488647 0.09999999999993453
1.523770423675612 2.927135749488131 0.09999999999993453
1.394640263744308 2.990815697220945 0.09999999999993453
1.262855326804796 3.048802457287246 0.09999999999993453
1.128666472974707 3.100985648593497 0.09999999999993453
0.9923291383641011 3.147265937469149 0.09999999999993453
0.8541028488383184 3.187555226753925 0.09999999999993453
0.7142507259957396 3.22177682349578 0.09999999999993453
0.5730389863008704 3.249865584940286 0.09999999999993453
0.4307364343261706 3.271768042533574 0.09999999999993453
0.2876139510672726 3.28744250370276 0.09999999999993453
0.1439439783056088 3.296859131220131 0.09999999999993453
3.296859131220131 0.1439439783056088 0.199999999999812
3.28744250370276 0.2876139510672719 0.199999999999812
3.271768042533574 0.4307364343261701 0.199999999999812
3.249865584940286 0.57303898630087 0.199999999999812
3.22177682349578 0.7142507259957395 0.199999999999812
3.187555226753925 0.8541028488383184 0.199999999999812
3.147265937469149 0.9923291383641012 0.199999999999812
3.100985648593498 1.128666472974707 0.199999999999812
3.048802457287246 1.262855326804796 0.199999999999812
2.990815697220945 1.394640263744308 0.199999999999812
2.927135749488131 1.523770423675612 0.199999999999812
2.857883832488648 1.65 0.199999999999812
2.783191771182523 1.773088707544519 0.199999999999812
2.703201746153673 1.892802239958452 0.199999999999812
2.618066022961076 2.008912715728778 0.199999999999812
2.527946662292627 2.121199111965579 0.199999999999812
2.433015211473409 2.229447685131678 0.199999999999812
2.333452377915607 2.333452377915607 0.199999999999812
2.229447685131679 2.433015211473409 0.199999999999812
2.12119911196558 2.527946662292627 0.199999999999812
2.008912715728778 2.618066022961076 0.199999999999812
1.892802239958452 2.703201746153673 0.199999999999812
1.773088707544519 2.783191771182523 0.199999999999812
1.65 2.857883832488647 0.199999999999812
1.523770423675612 2.927135749488131 0.199999999999812
1.394640263744308 2.990815697220945 0.199999999999812
1.262855326804796 3.048802457287246 0.199999999999812
1.128666472974707 3.100985648593497 0.199999999999812
0.9923291383641011 3.147265937469149 0.199999999999812
0.8541028488383184 3.187555226753925 0.199999999999812
0.7142507259957396 3.22177682349578 0.199999999999812
0.5730389863008704 3.249865584940286 0.199999999999812
0.4307364343261706 3.271768042533574 0.199999999999812
0.2876139510672726 3.28744250370276 0.199999999999812
0.1439439783056088 3.296859131220131 0.199999999999812
3.296859131220131 0.1439439783056088 0.2999999999996618
3.28744250370276 0.2876139510672719 0.2999999999996618
3.271768042533574 0.4307364343261701 0.2999999999996618
3.249865584940286 0.57303898630087 0.2999999999996618
3.22177682349578 0.7142507259957395 0.2999999999996618
3.187555226753925 0.8541028488383184 0.2999999999996618
3.147265937469149 0.9923291383641012 0.2999999999996618
3.100985648593498 1.128666472974707 0.2999999999996618
3.048802457287246 1.262855326804796 0.2999999999996618
2.990815697220945 1.394640263744308 0.2999999999996618
2.927135749488131 1.523770423675612 0.2999999999996618
2.857883832488648 1.65 0.2999999999996618
2.783191771182523 1.773088707544519 0.2999999999996618
2.703201746153673 1.892802239958452 0.2999999999996618
2.618066022961076 2.008912715728778 0.2999999999996618
2.527946662292627 2.121199111965579 0.2999999999996618
2.433015211473409 2.229447685131678 0.2999999999996618
2.333452377915607 2.333452377915607 0.2999999999996618
2.229447685131679 2.433015211473409 0.2999999999996618
2.12119911196558 2.527946662292627 0.2999999999996618
2.008912715728778 2.618066022961076 0.2999999999996618
1.892802239958452 2.703201746153673 0.2999999999996618
1.773088707544519 2.783191771182523 0.2999999999996618
1.65 2.857883832488647 0.2999999999996618
1.523770423675612 2.927135749488131 0.2999999999996618
1.394640263744308 2.990815697220945 0.2999999999996618
1.262855326804796 3.048802457287246 0.2999999999996618
1.128666472974707 3.100985648593497 0.2999999999996618
0.9923291383641011 3.147265937469149 0.2999999999996618
0.8541028488383184 3.187555226753925 0.2999999999996618
0.7142507259957396 3.22177682349578 0.2999999999996618
0.5730389863008704 3.249865584940286 0.2999999999996618
0.4307364343261706 3.271768042533574 0.2999999999996618
0.2876139510672726 3.28744250370276 0.2999999999996618
0.1439439783056088 3.296859131220131 0.2999999999996618
3.29685913122013 0.1439439783056088 0.3999999999995115
3.287442503702759 0.2876139510672719 0.3999999999995115
3.271768042533574 0.4307364343261701 0.3999999999995115
3.249865584940286 0.57303898630087 0.3999999999995115
3.221776823495779 0.7142507259957394 0.3999999999995115
3.187555226753925 0.8541028488383183 0.3999999999995115
3.147265937469148 0.9923291383641011 0.3999999999995115
3.100985648593497 1.128666472974706 0.3999999999995115
3.048802457287246 1.262855326804796 0.3999999999995115
2.990815697220944 1.394640263744308 0.3999999999995115
2.927135749488131 1.523770423675612 0.3999999999995115
2.857883832488647 1.649999999999999 0.3999999999995115
2.783191771182522 1.773088707544519 0.3999999999995115
2.703201746153673 1.892802239958452 0.3999999999995115
2.618066022961075 2.008912715728778 0.3999999999995115
2.527946662292627 2.121199111965579 0.3999999999995115
2.433015211473409 2.229447685131678 0.3999999999995115
2.333452377915607 2.333452377915606 0.3999999999995115
2.229447685131678 2.433015211473409 0.3999999999995115
2.121199111965579 2.527946662292627 0.3999999999995115
2.008912715728778 2.618066022961075 0.3999999999995115
1.892802239958452 2.703201746153673 0.3999999999995115
1.773088707544519 2.783191771182522 0.3999999999995115
1.65 2.857883832488647 0.3999999999995115
1.523770423675612 2.927135749488131 0.3999999999995115
1.394640263744308 2.990815697220944 0.3999999999995115
1.262855326804796 3.048802457287246 0.3999999999995115
1.128666472974707 3.100985648593497 0.3999999999995115
0.992329138364101 3.147265937469148 0.3999999999995115
0.8541028488383183 3.187555226753925 0.3999999999995115
0.7142507259957395 3.221776823495779 0.3999999999995115
0.5730389863008702 3.249865584940286 0.3999999999995115
0.4307364343261706 3.271768042533574 0.3999999999995115
0.2876139510672726 3.287442503702759 0.3999999999995115
0.1439439783056088 3.29685913122013 0.3999999999995115
3.296859131220131 0.1439439783056088 0.4999999999993656
3.28744250370276 0.2876139510672719 0.4999999999993656
3.271768042533574 0.4307364343261701 0.4999999999993656
3.249865584940286 0.57303898630087 0.4999999999993656
3.22177682349578 0.7142507259957395 0.4999999999993656
3.187555226753925 0.8541028488383184 0.4999999999993656
3.147265937469149 0.9923291383641012 0.4999999999993656
3.100985648593498 1.128666472974707 0.4999999999993656
3.048802457287246 1.262855326804796 0.4999999999993656
2.990815697220945 1.394640263744308 0.4999999999993656
2.927135749488131 1.523770423675612 0.4999999999993656
2.857883832488648 1.65 0.4999999999993656
2.783191771182523 1.773088707544519 0.4999999999993656
2.703201746153673 1.892802239958452 0.4999999999993656
2.618066022961076 2.008912715728778 0.4999999999993656
2.527946662292627 2.121199111965579 0.4999999999993656
2.433015211473409 2.229447685131678 0.4999999999993656
2.333452377915607 2.333452377915607 0.4999999999993656
2.229447685131679 2.433015211473409 0.4999999999993656
2.12119911196558 2.527946662292627 0.4999999999993656
2.008912715728778 2.618066022961076 0.4999999999993656
1.892802239958452 2.703201746153673 0.4999999999993656
1.773088707544519 2.783191771182523 0.4999999999993656
1.65 2.857883832488647 0.4999999999993656
1.523770423675612 2.927135749488131 0.4999999999993656
1.394640263744308 2.990815697220945 0.4999999999993656
1.262855326804796 3.048802457287246 0.4999999999993656
1.128666472974707 3.100985648593497 0.4999999999993656
0.9923291383641011 3.147265937469149 0.4999999999993656
0.8541028488383184 3.187555226753925 0.4999999999993656
0.7142507259957396 3.22177682349578 0.4999999999993656
0.5730389863008704 3.249865584940286 0.4999999999993656
0.4307364343261706 3.271768042533574 0.4999999999993656
0.2876139510672726 3.28744250370276 0.4999999999993656
0.1439439783056088 3.296859131220131 0.4999999999993656
3.296859131220131 0.1439439783056088 0.5999999999994334
3.28744250370276 0.2876139510672719 0.5999999999994334
3.271768042533574 0.4307364343261701 0.5999999999994334
3.249865584940286 0.57303898630087 0.5999999999994334
3.22177682349578 0.7142507259957395 0.5999999999994334
3.187555226753925 0.8541028488383184 0.5999999999994334
3.147265937469149 0.9923291383641012 0.5999999999994334
3.100985648593498 1.128666472974707 0.5999999999994334
3.048802457287246 1.262855326804796 0.5999999999994334
2.990815697220945 1.394640263744308 0.5999999999994334
2.927135749488131 1.523770423675612 0.5999999999994334
2.857883832488648 1.65 0.5999999999994334
2.783191771182523 1.773088707544519 0.5999999999994334
2.703201746153673 1.892802239958452 0.5999999999994334
2.618066022961076 2.008912715728778 0.5999999999994334
2.527946662292627 2.121199111965579 0.5999999999994334
2.433015211473409 2.229447685131678 0.5999999999994334
2.333452377915607 2.333452377915607 0.5999999999994334
2.229447685131679 2.433015211473409 0.5999999999994334
2.12119911196558 2.527946662292627 0.5999999999994334
2.008912715728778 2.618066022961076 0.5999999999994334
1.892802239958452 2.703201746153673 0.5999999999994334
1.773088707544519 2.783191771182523 0.5999999999994334
1.65 2.857883832488647 0.5999999999994334
1.523770423675612 2.927135749488131 0.5999999999994334
1.394640263744308 2.990815697220945 0.5999999999994334
1.262855326804796 3.048802457287246 0.5999999999994334
1.128666472974707 3.100985648593497 0.5999999999994334
0.9923291383641011 3.147265937469149 0.5999999999994334
0.8541028488383184 3.187555226753925 0.5999999999994334
0.7142507259957396 3.22177682349578 0.5999999999994334
0.5730389863008704 3.249865584940286 0.5999999999994334
0.4307364343261706 3.271768042533574 0.5999999999994334
0.2876139510672726 3.28744250370276 0.5999999999994334
0.1439439783056088 3.296859131220131 0.5999999999994334
3.29685913122013 0.1439439783056088 0.6999999999995059
3.287442503702759 0.2876139510672719 0.6999999999995059
3.271768042533574 0.4307364343261701 0.6999999999995059
3.249865584940286 0.57303898630087 0.6999999999995059
3.221776823495779 0.7142507259957394 0.6999999999995059
3.187555226753925 0.8541028488383183 0.6999999999995059
3.147265937469148 0.9923291383641011 0.6999999999995059
3.100985648593497 1.128666472974706 0.6999999999995059
3.048802457287246 1.262855326804796 0.6999999999995059
2.990815697220944 1.394640263744308 0.6999999999995059
2.927135749488131 1.523770423675612 0.6999999999995059
2.857883832488647 1.649999999999999 0.6999999999995059
2.783191771182522 1.773088707544519 0.6999999999995059
2.703201746153673 1.892802239958452 0.6999999999995059
2.618066022961075 2.008912715728778 0.6999999999995059
2.527946662292627 2.121199111965579 0.6999999999995059
2.433015211473409 2.229447685131678 0.6999999999995059
2.333452377915607 2.333452377915606 0.6999999999995059
2.229447685131678 2.433015211473409 0.6999999999995059
2.121199111965579 2.527946662292627 0.6999999999995059
2.008912715728778 2.618066022961075 0.6999999999995059
1.892802239958452 2.703201746153673 0.6999999999995059
1.773088707544519 2.783191771182522 0.6999999999995059
1.65 2.857883832488647 0.6999999999995059
1.523770423675612 2.927135749488131 0.6999999999995059
1.394640263744308 2.990815697220944 0.6999999999995059
1.262855326804796 3.048802457287246 0.6999999999995059
1.128666472974707 3.100985648593497 0.6999999999995059
0.992329138364101 3.147265937469148 0.6999999999995059
0.8541028488383183 3.187555226753925 0.6999999999995059
0.7142507259957395 3.221776823495779 0.6999999999995059
0.5730389863008702 3.249865584940286 0.6999999999995059
0.4307364343261706 3.271768042533574 0.6999999999995059
0.2876139510672726 3.287442503702759 0.6999999999995059
0.1439439783056088 3.29685913122013 0.6999999999995059
3.296859131220131 0.1439439783056088 0.7999999999995779
3.28744250370276 0.2876139510672719 0.7999999999995779
3.271768042533575 0.4307364343261702 0.7999999999995779
3.249865584940287 0.5730389863008701 0.7999999999995779
3.22177682349578 0.7142507259957396 0.7999999999995779
3.187555226753926 0.8541028488383186 0.7999999999995779
3.147265937469149 0.9923291383641014 0.7999999999995779
3.100985648593498 1.128666472974707 0.7999999999995779
3.048802457287247 1.262855326804796 0.7999999999995779
2.990815697220945 1.394640263744308 0.7999999999995779
2.927135749488132 1.523770423675612 0.7999999999995779
2.857883832488648 1.65 0.7999999999995779
2.783191771182523 1.773088707544519 0.7999999999995779
2.703201746153673 1.892802239958452 0.7999999999995779
2.618066022961076 2.008912715728778 0.7999999999995779
2.527946662292627 2.12119911196558 0.7999999999995779
2.43301521147341 2.229447685131678 0.7999999999995779
2.333452377915607 2.333452377915607 0.7999999999995779
2.229447685131679 2.43301521147341 0.7999999999995779
2.12119911196558 2.527946662292627 0.7999999999995779
2.008912715728778 2.618066022961076 0.7999999999995779
1.892802239958453 2.703201746153673 0.7999999999995779
1.773088707544519 2.783191771182523 0.7999999999995779
1.650000000000001 2.857883832488648 0.7999999999995779
1.523770423675613 2.927135749488131 0.7999999999995779
1.394640263744308 2.990815697220945 0.7999999999995779
1.262855326804797 3.048802457287247 0.7999999999995779
1.128666472974707 3.100985648593498 0.7999999999995779
0.9923291383641012 3.147265937469149 0.7999999999995779
0.8541028488383186 3.187555226753926 0.7999999999995779
0.7142507259957397 3.22177682349578 0.7999999999995779
0.5730389863008705 3.249865584940287 0.7999999999995779
0.4307364343261707 3.271768042533575 0.7999999999995779
0.2876139510672726 3.28744250370276 0.7999999999995779
0.1439439783056088 3.296859131220131 0.7999999999995779
3.29685913122013 0.1439439783056088 0.8999999999997057
3.287442503702759 0.2876139510672719 0.8999999999997057
3.271768042533574 0.4307364343261701 0.8999999999997057
3.249865584940286 0.57303898630087 0.8999999999997057
3.221776823495779 0.7142507259957394 0.8999999999997057
3.187555226753925 0.8541028488383183 0.8999999999997057
3.147265937469148 0.9923291383641011 0.8999999999997057
3.100985648593497 1.128666472974706 0.8999999999997057
3.048802457287246 1.262855326804796 0.8999999999997057
2.990815697220944 1.394640263744308 0.8999999999997057
2.927135749488131 1.523770423675612 0.8999999999997057
2.857883832488647 1.649999999999999 0.8999999999997057
2.783191771182522 1.773088707544519 0.8999999999997057
2.703201746153673 1.892802239958452 0.8999999999997057
2.618066022961075 2.008912715728778 0.8999999999997057
2.527946662292627 2.121199111965579 0.8999999999997057
2.433015211473409 2.229447685131678 0.8999999999997057
2.333452377915607 2.333452377915606 0.8999999999997057
2.229447685131678 2.433015211473409 0.8999999999997057
2.121199111965579 2.527946662292627 0.8999999999997057
2.008912715728778 2.618066022961075 0.8999999999997057
1.892802239958452 2.703201746153673 0.8999999999997057
1.773088707544519 2.783191771182522 0.8999999999997057
1.65 2.857883832488647 0.8999999999997057
1.523770423675612 2.927135749488131 0.8999999999997057
1.394640263744308 2.990815697220944 0.8999999999997057
1.262855326804796 3.048802457287246 0.8999999999997057
1.128666472974707 3.100985648593497 0.8999999999997057
0.992329138364101 3.147265937469148 0.8999999999997057
0.8541028488383183 3.187555226753925 0.8999999999997057
0.7142507259957395 3.221776823495779 0.8999999999997057
0.5730389863008702 3.249865584940286 0.8999999999997057
0.4307364343261706 3.271768042533574 0.8999999999997057
0.2876139510672726 3.287442503702759 0.8999999999997057
0.1439439783056088 3.29685913122013 0.8999999999997057
3.396763953378316 0.1483059170421424 0.09999999999987433
3.387061973511934 0.2963295253420377 0.09999999999987433
3.370912528670955 0.4437890535481753 0.09999999999987433
3.348346360241507 0.590403804067563 0.09999999999987433
3.319406424207773 0.7358946873895497 0.09999999999987433
3.284147809382832 0.8799847533485704 0.09999999999987433
3.242637632543971 1.022399718314528 0.09999999999987433
3.194954910672088 1.162868487307273 0.09999999999987433
3.141190410538374 1.301123670041305 0.09999999999987433
3.081446475924609 1.436902089918378 0.09999999999987433
3.015836832805953 1.569945284999115 0.09999999999987433
2.944486372867091 1.7 0.09999999999987433
2.867530915763811 1.826818668379201 0.09999999999987433
2.785116950582572 1.950159883593556 0.09999999999987433
2.697401356990199 2.06978885862965 0.09999999999987433
2.604551106604525 2.185477872934233 0.09999999999987433
2.506742945154421 2.297006705893244 0.09999999999987433
2.404163056034261 2.404163056034261 0.09999999999987433
2.297006705893244 2.506742945154421 0.09999999999987433
2.185477872934233 2.604551106604525 0.09999999999987433
2.06978885862965 2.697401356990199 0.09999999999987433
1.950159883593557 2.785116950582572 0.09999999999987433
1.826818668379201 2.867530915763811 0.09999999999987433
1.7 2.944486372867091 0.09999999999987433
1.569945284999116 3.015836832805953 0.09999999999987433
1.436902089918378 3.081446475924609 0.09999999999987433
1.301123670041305 3.141190410538374 0.09999999999987433
1.162868487307274 3.194954910672088 0.09999999999987433
1.022399718314528 3.242637632543971 0.09999999999987433
0.8799847533485704 3.284147809382832 0.09999999999987433
0.7358946873895498 3.319406424207773 0.09999999999987433
0.5904038040675633 3.348346360241507 0.09999999999987433
0.4437890535481758 3.370912528670955 0.09999999999987433
0.2963295253420384 3.387061973511934 0.09999999999987433
0.1483059170421424 3.396763953378316 0.09999999999987433
3.396763953378317 0.1483059170421424 0.1999999999996844
3.387061973511935 0.2963295253420378 0.1999999999996844
3.370912528670956 0.4437890535481754 0.1999999999996844
3.348346360241508 0.5904038040675632 0.1999999999996844
3.319406424207774 0.7358946873895499 0.1999999999996844
3.284147809382833 0.8799847533485706 0.1999999999996844
3.242637632543972 1.022399718314529 0.1999999999996844
3.194954910672089 1.162868487307274 0.1999999999996844
3.141190410538375 1.301123670041305 0.1999999999996844
3.08144647592461 1.436902089918378 0.1999999999996844
3.015836832805954 1.569945284999116 0.1999999999996844
2.944486372867092 1.7 0.1999999999996844
2.867530915763812 1.826818668379201 0.1999999999996844
2.785116950582573 1.950159883593557 0.1999999999996844
2.6974013569902 2.06978885862965 0.1999999999996844
2.604551106604525 2.185477872934234 0.1999999999996844
2.506742945154422 2.297006705893245 0.1999999999996844
2.404163056034262 2.404163056034262 0.1999999999996844
2.297006705893245 2.506742945154422 0.1999999999996844
2.185477872934234 2.604551106604525 0.1999999999996844
2.06978885862965 2.6974013569902 0.1999999999996844
1.950159883593557 2.785116950582573 0.1999999999996844
1.826818668379201 2.867530915763812 0.1999999999996844
1.700000000000001 2.944486372867091 0.1999999999996844
1.569945284999116 3.015836832805954 0.1999999999996844
1.436902089918378 3.08144647592461 0.1999999999996844
1.301123670041306 3.141190410538375 0.1999999999996844
1.162868487307274 3.194954910672088 0.1999999999996844
1.022399718314529 3.242637632543972 0.1999999999996844
0.8799847533485706 3.284147809382833 0.1999999999996844
0.73589468738955 3.319406424207774 0.1999999999996844
0.5904038040675634 3.348346360241508 0.1999999999996844
0.4437890535481759 3.370912528670956 0.1999999999996844
0.2963295253420384 3.387061973511935 0.1999999999996844
0.1483059170421424 3.396763953378317 0.1999999999996844
3.396763953378317 0.1483059170421424 0.2999999999994634
3.387061973511935 0.2963295253420378 0.2999999999994634
3.370912528670956 0.4437890535481754 0.2999999999994634
3.348346360241508 0.5904038040675632 0.2999999999994634
3.319406424207774 0.7358946873895499 0.2999999999994634
3.284147809382833 0.8799847533485706 0.2999999999994634
3.242637632543972 1.022399718314529 0.2999999999994634
3.194954910672089 1.162868487307274 0.2999999999994634
3.141190410538375 1.301123670041305 0.2999999999994634
3.08144647592461 1.436902089918378 0.2999999999994634
3.015836832805954 1.569945284999116 0.2999999999994634
2.944486372867092 1.7 0.2999999999994634
2.867530915763812 1.826818668379201 0.2999999999994634
2.785116950582573 1.950159883593557 0.2999999999994634
2.6974013569902 2.06978885862965 0.2999999999994634
2.604551106604525 2.185477872934234 0.2999999999994634
2.506742945154422 2.297006705893245 0.2999999999994634
2.404163056034262 2.404163056034262 0.2999999999994634
2.297006705893245 2.506742945154422 0.2999999999994634
2.185477872934234 2.604551106604525 0.2999999999994634
2.06978885862965 2.6974013569902 0.2999999999994634
1.950159883593557 2.785116950582573 0.2999999999994634
1.826818668379201 2.867530915763812 0.2999999999994634
1.700000000000001 2.944486372867091 0.2999999999994634
1.569945284999116 3.015836832805954 0.2999999999994634
1.436902089918378 3.08144647592461 0.2999999999994634
1.301123670041306 3.141190410538375 0.2999999999994634
1.162868487307274 3.194954910672088 0.2999999999994634
1.022399718314529 3.242637632543972 0.2999999999994634
0.8799847533485706 3.284147809382833 0.2999999999994634
0.73589468738955 3.319406424207774 0.2999999999994634
0.5904038040675634 3.348346360241508 0.2999999999994634
0.4437890535481759 3.370912528670956 0.2999999999994634
0.2963295253420384 3.387061973511935 0.2999999999994634
0.1483059170421424 3.396763953378317 0.2999999999994634
3.396763953378316 0.1483059170421424 0.3999999999992422
3.387061973511935 0.2963295253420378 0.3999999999992422
3.370912528670955 0.4437890535481753 0.3999999999992422
3.348346360241507 0.5904038040675631 0.3999999999992422
3.319406424207773 0.7358946873895498 0.3999999999992422
3.284147809382832 0.8799847533485705 0.3999999999992422
3.242637632543972 1.022399718314529 0.3999999999992422
3.194954910672088 1.162868487307274 0.3999999999992422
3.141190410538375 1.301123670041305 0.3999999999992422
3.08144647592461 1.436902089918378 0.3999999999992422
3.015836832805954 1.569945284999115 0.3999999999992422
2.944486372867091 1.7 0.3999999999992422
2.867530915763811 1.826818668379201 0.3999999999992422
2.785116950582572 1.950159883593557 0.3999999999992422
2.697401356990199 2.06978885862965 0.3999999999992422
2.604551106604525 2.185477872934233 0.3999999999992422
2.506742945154422 2.297006705893244 0.3999999999992422
2.404163056034262 2.404163056034261 0.3999999999992422
2.297006705893245 2.506742945154422 0.3999999999992422
2.185477872934234 2.604551106604525 0.3999999999992422
2.06978885862965 2.697401356990199 0.3999999999992422
1.950159883593557 2.785116950582572 0.3999999999992422
1.826818668379201 2.867530915763811 0.3999999999992422
1.7 2.944486372867091 0.3999999999992422
1.569945284999116 3.015836832805953 0.3999999999992422
1.436902089918378 3.08144647592461 0.3999999999992422
1.301123670041305 3.141190410538375 0.3999999999992422
1.162868487307274 3.194954910672088 0.3999999999992422
1.022399718314528 3.242637632543972 0.3999999999992422
0.8799847533485705 3.284147809382832 0.3999999999992422
0.7358946873895499 3.319406424207773 0.3999999999992422
0.5904038040675634 3.348346360241507 0.3999999999992422
0.4437890535481758 3.370912528670955 0.3999999999992422
0.2963295253420384 3.387061973511935 0.3999999999992422
0.1483059170421424 3.396763953378316 0.3999999999992422
3.396763953378316 0.1483059170421424 0.4999999999990288
3.387061973511935 0.2963295253420378 0.4999999999990288
3.370912528670955 0.4437890535481753 0.4999999999990288
3.348346360241507 0.5904038040675631 0.4999999999990288
3.319406424207773 0.7358946873895498 0.4999999999990288
3.284147809382832 0.8799847533485705 0.4999999999990288
3.242637632543972 1.022399718314529 0.4999999999990288
3.194954910672088 1.162868487307274 0.4999999999990288
3.141190410538375 1.301123670041305 0.4999999999990288
3.08144647592461 1.436902089918378 0.4999999999990288
3.015836832805954 1.569945284999115 0.4999999999990288
2.944486372867091 1.7 0.4999999999990288
2.867530915763811 1.826818668379201 0.4999999999990288
2.785116950582572 1.950159883593557 0.4999999999990288
2.697401356990199 2.06978885862965 0.4999999999990288
2.604551106604525 2.185477872934233 0.4999999999990288
2.506742945154422 2.297006705893244 0.4999999999990288
2.404163056034262 2.404163056034261 0.4999999999990288
2.297006705893245 2.506742945154422 0.4999999999990288
2.185477872934234 2.604551106604525 0.4999999999990288
2.06978885862965 2.697401356990199 0.4999999999990288
1.950159883593557 2.785116950582572 0.4999999999990288
1.826818668379201 2.867530915763811 0.4999999999990288
1.7 2.944486372867091 0.4999999999990288
1.569945284999116 3.015836832805953 0.4999999999990288
1.436902089918378 3.08144647592461 0.4999999999990288
1.301123670041305 3.141190410538375 0.4999999999990288
1.162868487307274 3.194954910672088 0.4999999999990288
1.022399718314528 3.242637632543972 0.4999999999990288
0.8799847533485705 3.284147809382832 0.4999999999990288
0.7358946873895499 3.319406424207773 0.4999999999990288
0.5904038040675634 3.348346360241507 0.4999999999990288
0.4437890535481758 3.370912528670955 0.4999999999990288
0.2963295253420384 3.387061973511935 0.4999999999990288
0.1483059170421424 3.396763953378316 0.4999999999990288
3.396763953378316 0.1483059170421424 0.5999999999991892
3.387061973511935 0.2963295253420378 0.5999999999991892
3.370912528670955 0.4437890535481753 0.5999999999991892
3.348346360241507 0.5904038040675631 0.5999999999991892
3.319406424207773 0.7358946873895498 0.5999999999991892
3.284147809382832 0.8799847533485705 0.5999999999991892
3.242637632543972 1.022399718314529 0.5999999999991892
3.194954910672088 1.162868487307274 0.5999999999991892
3.141190410538375 1.301123670041305 0.5999999999991892
3.08144647592461 1.436902089918378 0.5999999999991892
3.015836832805954 1.569945284999115 0.5999999999991892
2.944486372867091 1.7 0.5999999999991892
2.867530915763811 1.826818668379201 0.5999999999991892
2.785116950582572 1.950159883593557 0.5999999999991892
2.697401356990199 2.06978885862965 0.5999999999991892
2.604551106604525 2.185477872934233 0.5999999999991892
2.506742945154422 2.297006705893244 0.5999999999991892
2.404163056034262 2.404163056034261 0.5999999999991892
2.297006705893245 2.506742945154422 0.5999999999991892
2.185477872934234 2.604551106604525 0.5999999999991892
2.06978885862965 2.697401356990199 0.5999999999991892
1.950159883593557 2.785116950582572 0.5999999999991892
1.826818668379201 2.867530915763811 0.5999999999991892
1.7 2.944486372867091 0.5999999999991892
1.569945284999116 3.015836832805953 0.5999999999991892
1.436902089918378 3.08144647592461 0.5999999999991892
1.301123670041305 3.141190410538375 0.5999999999991892
1.162868487307274 3.194954910672088 0.5999999999991892
1.022399718314528 3.242637632543972 0.5999999999991892
0.8799847533485705 3.284147809382832 0.5999999999991892
0.7358946873895499 3.319406424207773 0.5999999999991892
0.5904038040675634 3.348346360241507 0.5999999999991892
0.4437890535481758 3.370912528670955 0.5999999999991892
0.2963295253420384 3.387061973511935 0.5999999999991892
0.1483059170421424 3.396763953378316 0.5999999999991892
3.396763953378315 0.1483059170421424 0.6999999999993574
3.387061973511934 0.2963295253420377 0.6999999999993574
3.370912528670954 0.4437890535481752 0.6999999999993574
3.348346360241506 0.590403804067563 0.6999999999993574
3.319406424207772 0.7358946873895496 0.6999999999993574
3.284147809382831 0.8799847533485703 0.6999999999993574
3.242637632543971 1.022399718314528 0.6999999999993574
3.194954910672088 1.162868487307273 0.6999999999993574
3.141190410538374 1.301123670041305 0.6999999999993574
3.081446475924609 1.436902089918378 0.6999999999993574
3.015836832805953 1.569945284999115 0.6999999999993574
2.944486372867091 1.699999999999999 0.6999999999993574
2.86753091576381 1.826818668379201 0.6999999999993574
2.785116950582571 1.950159883593556 0.6999999999993574
2.697401356990199 2.06978885862965 0.6999999999993574
2.604551106604525 2.185477872934233 0.6999999999993574
2.506742945154421 2.297006705893244 0.6999999999993574
2.404163056034261 2.404163056034261 0.6999999999993574
2.297006705893244 2.506742945154421 0.6999999999993574
2.185477872934233 2.604551106604525 0.6999999999993574
2.06978885862965 2.697401356990199 0.6999999999993574
1.950159883593556 2.785116950582571 0.6999999999993574
1.826818668379201 2.86753091576381 0.6999999999993574
1.7 2.94448637286709 0.6999999999993574
1.569945284999115 3.015836832805952 0.6999999999993574
1.436902089918378 3.081446475924609 0.6999999999993574
1.301123670041305 3.141190410538374 0.6999999999993574
1.162868487307274 3.194954910672087 0.6999999999993574
1.022399718314528 3.242637632543971 0.6999999999993574
0.8799847533485703 3.284147809382831 0.6999999999993574
0.7358946873895497 3.319406424207772 0.6999999999993574
0.5904038040675632 3.348346360241506 0.6999999999993574
0.4437890535481757 3.370912528670954 0.6999999999993574
0.2963295253420383 3.387061973511934 0.6999999999993574
0.1483059170421424 3.396763953378315 0.6999999999993574
3.396763953378315 0.1483059170421423 0.7999999999995253
3.387061973511933 0.2963295253420377 0.7999999999995253
3.370912528670954 0.4437890535481752 0.7999999999995253
3.348346360241506 0.5904038040675629 0.7999999999995253
3.319406424207772 0.7358946873895494 0.7999999999995253
3.284147809382831 0.8799847533485702 0.7999999999995253
3.24263763254397 1.022399718314528 0.7999999999995253
3.194954910672087 1.162868487307273 0.7999999999995253
3.141190410538373 1.301123670041305 0.7999999999995253
3.081446475924608 1.436902089918378 0.7999999999995253
3.015836832805952 1.569945284999115 0.7999999999995253
2.94448637286709 1.699999999999999 0.7999999999995253
2.86753091576381 1.8268186683792 0.7999999999995253
2.785116950582571 1.950159883593556 0.7999999999995253
2.697401356990198 2.06978885862965 0.7999999999995253
2.604551106604524 2.185477872934233 0.7999999999995253
2.506742945154421 2.297006705893244 0.7999999999995253
2.404163056034261 2.40416305603426 0.7999999999995253
2.297006705893244 2.506742945154421 0.7999999999995253
2.185477872934233 2.604551106604524 0.7999999999995253
2.06978885862965 2.697401356990198 0.7999999999995253
1.950159883593556 2.785116950582571 0.7999999999995253
1.8268186683792 2.86753091576381 0.7999999999995253
1.7 2.94448637286709 0.7999999999995253
1.569945284999115 3.015836832805952 0.7999999999995253
1.436902089918378 3.081446475924608 0.7999999999995253
1.301123670041305 3.141190410538373 0.7999999999995253
1.162868487307273 3.194954910672087 0.7999999999995253
1.022399718314528 3.24263763254397 0.7999999999995253
0.8799847533485702 3.284147809382831 0.7999999999995253
0.7358946873895496 3.319406424207772 0.7999999999995253
0.5904038040675632 3.348346360241506 0.7999999999995253
0.4437890535481757 3.370912528670954 0.7999999999995253
0.2963295253420383 3.387061973511933 0.7999999999995253
0.1483059170421424 3.396763953378315 0.7999999999995253
3.396763953378315 0.1483059170421424 0.899999999999721
3.387061973511934 0.2963295253420377 0.899999999999721
3.370912528670954 0.4437890535481752 0.899999999999721
3.348346360241506 0.590403804067563 0.899999999999721
3.319406424207772 0.7358946873895496 0.899999999999721
3.284147809382831 0.8799847533485703 0.899999999999721
3.242637632543971 1.022399718314528 0.899999999999721
3.194954910672088 1.162868487307273 0.899999999999721
3.141190410538374 1.301123670041305 0.899999999999721
3.081446475924609 1.436902089918378 0.899999999999721
3.015836832805953 1.569945284999115 0.899999999999721
2.944486372867091 1.699999999999999 0.899999999999721
2.86753091576381 1.826818668379201 0.899999999999721
2.785116950582571 1.950159883593556 0.899999999999721
2.697401356990199 2.06978885862965 0.899999999999721
2.604551106604525 2.185477872934233 0.899999999999721
2.506742945154421 2.297006705893244 0.899999999999721
2.404163056034261 2.404163056034261 0.899999999999721
2.297006705893244 2.506742945154421 0.899999999999721
2.185477872934233 2.604551106604525 0.899999999999721
2.06978885862965 2.697401356990199 0.899999999999721
1.950159883593556 2.785116950582571 0.899999999999721
1.826818668379201 2.86753091576381 0.899999999999721
1.7 2.94448637286709 0.899999999999721
1.569945284999115 3.015836832805952 0.899999999999721
1.436902089918378 3.081446475924609 0.899999999999721
1.301123670041305 3.141190410538374 0.899999999999721
1.162868487307274 3.194954910672087 0.899999999999721
1.022399718314528 3.242637632543971 0.899999999999721
0.8799847533485703 3.284147809382831 0.899999999999721
0.7358946873895497 3.319406424207772 0.899999999999721
0.5904038040675632 3.348346360241506 0.899999999999721
0.4437890535481757 3.370912528670954 0.899999999999721
0.2963295253420383 3.387061973511934 0.899999999999721
0.1483059170421424 3.396763953378315 0.899999999999721
3 3 0 891
6491
6492
6493
6494
6495
6496
6497
6498
6499
6500
6501
6502
6503
6504
6505
6506
6507
6508
6509
6510
6511
6512
6513
6514
6515
6516
6517
6518
6519
6520
6521
6522
6523
6524
6525
6526
6527
6528
6529
6530
6531
6532
6533
6534
6535
6536
6537
6538
6539
6540
6541
6542
6543
6544
6545
6546
6547
6548
6549
6550
6551
6552
6553
6554
6555
6556
6557
6558
6559
6560
6561
6562
6563
6564
6565
6566
6567
6568
6569
6570
6571
6572
6573
6574
6575
6576
6577
6578
6579
6580
6581
6582
6583
6584
6585
6586
6587
6588
6589
6590
6591
6592
6593
6594
6595
6596
6597
6598
6599
6600
6601
6602
6603
6604
6605
6606
6607
6608
6609
6610
6611
6612
6613
6614
6615
6616
6617
6618
6619
6620
6621
6622
6623
6624
6625
6626
6627
6628
6629
6630
6631
6632
6633
6634
6635
6636
6637
6638
6639
6640
6641
6642
6643
6644
6645
6646
6647
6648
6649
6650
6651
6652
6653
6654
6655
6656
6657
6658
6659
6660
6661
6662
6663
6664
6665
6666
6667
6668
6669
6670
6671
6672
6673
6674
6675
6676
6677
6678
6679
6680
6681
6682
6683
6684
6685
6686
6687
6688
6689
6690
6691
6692
6693
6694
6695
6696
6697
6698
6699
6700
6701
6702
6703
6704
6705
6706
6707
6708
6709
6710
6711
6712
6713
6714
6715
6716
6717
6718
6719
6720
6721
6722
6723
6724
6725
6726
6727
6728
6729
6730
6731
6732
6733
6734
6735
6736
6737
6738
6739
6740
6741
6742
6743
6744
6745
6746
6747
6748
6749
6750
6751
6752
6753
6754
6755
6756
6757
6758
6759
6760
6761
6762
6763
6764
6765
6766
6767
6768
6769
6770
6771
6772
6773
6774
6775
6776
6777
6778
6779
6780
6781
6782
6783
6784
6785
6786
6787
6788
6789
6790
6791
6792
6793
6794
6795
6796
6797
6798
6799
6800
6801
6802
6803
6804
6805
6806
6807
6808
6809
6810
6811
6812
6813
6814
6815
6816
6817
6818
6819
6820
6821
6822
6823
6824
6825
6826
6827
6828
6829
6830
6831
6832
6833
6834
6835
6836
6837
6838
6839
6840
6841
6842
6843
6844
6845
6846
6847
6848
6849
6850
6851
6852
6853
6854
6855
6856
6857
6858
6859
6860
6861
6862
6863
6864
6865
6866
6867
6868
6869
6870
6871
6872
6873
6874
6875
6876
6877
6878
6879
6880
6881
6882
6883
6884
6885
6886
6887
6888
6889
6890
6891
6892
6893
6894
6895
6896
6897
6898
6899
6900
6901
6902
6903
6904
6905
6906
6907
6908
6909
6910
6911
6912
6913
6914
6915
6916
6917
6918
6919
6920
6921
6922
6923
6924
6925
6926
6927
6928
6929
6930
6931
6932
6933
6934
6935
6936
6937
6938
6939
6940
6941
6942
6943
6944
6945
6946
6947
6948
6949
6950
6951
6952
6953
6954
6955
6956
6957
6958
6959
6960
6961
6962
6963
6964
6965
6966
6967
6968
6969
6970
6971
6972
6973
6974
6975
6976
6977
6978
6979
6980
6981
6982
6983
6984
6985
6986
6987
6988
6989
6990
6991
6992
6993
6994
6995
6996
6997
6998
6999
7000
7001
7002
7003
7004
7005
7006
7007
7008
7009
7010
7011
7012
7013
7014
7015
7016
7017
7018
7019
7020
7021
7022
7023
7024
7025
7026
7027
7028
7029
7030
7031
7032
7033
7034
7035
7036
7037
7038
7039
7040
7041
7042
7043
7044
7045
7046
7047
7048
7049
7050
7051
7052
7053
7054
7055
7056
7057
7058
7059
7060
7061
7062
7063
7064
7065
7066
7067
7068
7069
7070
7071
7072
7073
7074
7075
7076
7077
7078
7079
7080
7081
7082
7083
7084
7085
7086
7087
7088
7089
7090
7091
7092
7093
7094
7095
7096
7097
7098
7099
7100
7101
7102
7103
7104
7105
7106
7107
7108
7109
7110
7111
7112
7113
7114
7115
7116
7117
7118
7119
7120
7121
7122
7123
7124
7125
7126
7127
7128
7129
7130
7131
7132
7133
7134
7135
7136
7137
7138
7139
7140
7141
7142
7143
7144
7145
7146
7147
7148
7149
7150
7151
7152
7153
7154
7155
7156
7157
7158
7159
7160
7161
7162
7163
7164
7165
7166
7167
7168
7169
7170
7171
7172
7173
7174
7175
7176
7177
7178
7179
7180
7181
7182
7183
7184
7185
7186
7187
7188
7189
7190
7191
7192
7193
7194
7195
7196
7197
7198
7199
7200
7201
7202
7203
7204
7205
7206
7207
7208
7209
7210
7211
7212
7213
7214
7215
7216
7217
7218
7219
7220
7221
7222
7223
7224
7225
7226
7227
7228
7229
7230
7231
7232
7233
7234
7235
7236
7237
7238
7239
7240
7241
7242
7243
7244
7245
7246
7247
7248
7249
7250
7251
7252
7253
7254
7255
7256
7257
7258
7259
7260
7261
7262
7263
7264
7265
7266
7267
7268
7269
7270
7271
7272
7273
7274
7275
7276
7277
7278
7279
7280
7281
7282
7283
7284
7285
7286
7287
7288
7289
7290
7291
7292
7293
7294
7295
7296
7297
7298
7299
7300
7301
7302
7303
7304
7305
7306
7307
7308
7309
7310
7311
7312
7313
7314
7315
7316
7317
7318
7319
7320
7321
7322
7323
7324
7325
7326
7327
7328
7329
7330
7331
7332
7333
7334
7335
7336
7337
7338
7339
7340
7341
7342
7343
7344
7345
7346
7347
7348
7349
7350
7351
7352
7353
7354
7355
7356
7357
7358
7359
7360
7361
7362
7363
7364
7365
7366
7367
7368
7369
7370
7371
7372
7373
7374
7375
7376
7377
7378
7379
7380
7381
-0.1666666666666665 2.6 0.100000000000356
-0.3333333333333331 2.6 0.100000000000356
-0.4999999999999998 2.6 0.100000000000356
-0.6666666666666665 2.6 0.100000000000356
-0.8333333333333333 2.6 0.100000000000356
-0.9999999999999999 2.6 0.100000000000356
-1.166666666666667 2.6 0.100000000000356
-1.333333333333333 2.6 0.100000000000356
-1.5 2.6 0.100000000000356
-1.666666666666667 2.6 0.100000000000356
-1.833333333333333 2.6 0.100000000000356
-0.1666666666666665 2.6 0.2000000000007049
-0.3333333333333331 2.6 0.2000000000007049
-0.4999999999999998 2.6 0.2000000000007049
-0.6666666666666665 2.6 0.2000000000007049
-0.8333333333333333 2.6 0.2000000000007049
-0.9999999999999999 2.6 0.2000000000007049
-1.166666666666667 2.6 0.2000000000007049
-1.333333333333333 2.6 0.2000000000007049
-1.5 2.6 0.2000000000007049
-1.666666666666667 2.6 0.2000000000007049
-1.833333333333333 2.6 0.2000000000007049
-0.1666666666666665 2.600000000000001 0.3000000000010504
-0.3333333333333331 2.600000000000001 0.3000000000010504
-0.4999999999999998 2.600000000000001 0.3000000000010504
-0.6666666666666665 2.600000000000001 0.3000000000010504
-0.8333333333333333 2.600000000000001 0.3000000000010504
-0.9999999999999999 2.600000000000001 0.3000000000010504
-1.166666666666667 2.600000000000001 0.3000000000010504
-1.333333333333333 2.600000000000001 0.3000000000010504
-1.5 2.600000000000001 0.3000000000010504
-1.666666666666667 2.600000000000001 0.3000000000010504
-1.833333333333333 2.600000000000001 0.3000000000010504
-0.1666666666666665 2.600000000000001 0.4000000000013959
-0.3333333333333331 2.600000000000001 0.4000000000013959
-0.4999999999999998 2.600000000000001 0.4000000000013959
-0.6666666666666665 2.600000000000001 0.4000000000013959
-0.8333333333333333 2.600000000000001 0.4000000000013959
-0.9999999999999999 2.600000000000001 0.4000000000013959
-1.166666666666667 2.600000000000001 0.4000000000013959
-1.333333333333333 2.600000000000001 0.4000000000013959
-1.5 2.600000000000001 0.4000000000013959
-1.666666666666667 2.600000000000001 0.4000000000013959
-1.833333333333333 2.600000000000001 0.4000000000013959
-0.1666666666666665 2.600000000000001 0.5000000000017226
-0.3333333333333331 2.600000000000001 0.5000000000017226
-0.4999999999999998 2.600000000000001 0.5000000000017226
-0.6666666666666665 2.600000000000001 0.5000000000017226
-0.8333333333333333 2.600000000000001 0.5000000000017226
-0.9999999999999999 2.600000000000001 0.5000000000017226
-1.166666666666667 2.600000000000001 0.5000000000017226
-1.333333333333333 2.600000000000001 0.5000000000017226
-1.5 2.600000000000001 0.5000000000017226
-1.666666666666667 2.600000000000001 0.5000000000017226
-1.833333333333333 2.600000000000001 0.5000000000017226
-0.1666666666666665 2.600000000000001 0.6000000000011432
-0.3333333333333331 2.600000000000001 0.6000000000011432
-0.4999999999999998 2.600000000000001 0.6000000000011432
-0.6666666666666665 2.600000000000001 0.6000000000011432
-0.8333333333333333 2.600000000000001 0.6000000000011432
-0.9999999999999999 2.600000000000001 0.6000000000011432
-1.166666666666667 2.600000000000001 0.6000000000011432
-1.333333333333333 2.600000000000001 0.6000000000011432
-1.5 2.600000000000001 0.6000000000011432
-1.666666666666667 2.600000000000001 0.6000000000011432
-1.833333333333333 2.600000000000001 0.6000000000011432
-0.1666666666666665 2.6 0.7000000000005453
-0.3333333333333331 2.6 0.7000000000005453
-0.4999999999999998 2.6 0.7000000000005453
-0.6666666666666665 2.6 0.7000000000005453
-0.8333333333333333 2.6 0.7000000000005453
-0.9999999999999999 2.6 0.7000000000005453
-1.166666666666667 2.6 0.7000000000005453
-1.333333333333333 2.6 0.7000000000005453
-1.5 2.6 0.7000000000005453
-1.666666666666667 2.6 0.7000000000005453
-1.833333333333333 2.6 0.7000000000005453
-0.1666666666666665 2.600000000000001 0.7999999999999472
-0.3333333333333331 2.600000000000001 0.7999999999999472
-0.4999999999999998 2.600000000000001 0.7999999999999472
-0.6666666666666665 2.600000000000001 0.7999999999999472
-0.8333333333333333 2.600000000000001 0.7999999999999472
-0.9999999999999999 2.600000000000001 0.7999999999999472
-1.166666666666667 2.600000000000001 0.7999999999999472
-1.333333333333333 2.600000000000001 0.7999999999999472
-1.5 2.600000000000001 0.7999999999999472
-1.666666666666667 2.600000000000001 0.7999999999999472
-1.833333333333333 2.600000000000001 0.7999999999999472
-0.1666666666666665 2.600000000000001 0.8999999999995987
-0.3333333333333331 2.600000000000001 0.8999999999995987
-0.4999999999999998 2.600000000000001 0.8999999999995987
-0.6666666666666665 2.600000000000001 0.8999999999995987
-0.8333333333333333 2.600000000000001 0.8999999999995987
-0.9999999999999999 2.600000000000001 0.8999999999995987
-1.166666666666667 2.600000000000001 0.8999999999995987
-1.333333333333333 2.600000000000001 0.8999999999995987
-1.5 2.600000000000001 0.8999999999995987
-1.666666666666667 2.600000000000001 0.8999999999995987
-1.833333333333333 2.600000000000001 0.8999999999995987
-0.1666666666666665 2.700000000000001 0.1000000000002958
-0.3333333333333331 2.700000000000001 0.1000000000002958
-0.4999999999999998 2.700000000000001 0.1000000000002958
-0.6666666666666665 2.700000000000001 0.1000000000002958
-0.8333333333333333 2.700000000000001 0.1000000000002958
-0.9999999999999999 2.700000000000001 0.1000000000002958
-1.166666666666667 2.700000000000001 0.1000000000002958
-1.333333333333333 2.700000000000001 0.1000000000002958
-1.5 2.700000000000001 0.1000000000002958
-1.666666666666667 2.700000000000001 0.1000000000002958
-1.833333333333333 2.700000000000001 0.1000000000002958
-0.1666666666666665 2.7 0.2000000000005774
-0.3333333333333331 2.7 0.2000000000005774
-0.4999999999999998 2.7 0.2000000000005774
-0.6666666666666665 2.7 0.2000000000005774
-0.8333333333333333 2.7 0.2000000000005774
-0.9999999999999999 2.7 0.2000000000005774
-1.166666666666667 2.7 0.2000000000005774
-1.333333333333333 2.7 0.2000000000005774
-1.5 2.7 0.2000000000005774
-1.666666666666667 2.7 0.2000000000005774
-1.833333333333333 2.7 0.2000000000005774
-0.1666666666666665 2.7 0.3000000000008519
-0.3333333333333331 2.7 0.3000000000008519
-0.4999999999999998 2.7 0.3000000000008519
-0.6666666666666665 2.7 0.3000000000008519
-0.8333333333333333 2.7 0.3000000000008519
-0.9999999999999999 2.7 0.3000000000008519
-1.166666666666667 2.7 0.3000000000008519
-1.333333333333333 2.7 0.3000000000008519
-1.5 2.7 0.3000000000008519
-1.666666666666667 2.7 0.3000000000008519
-1.833333333333333 2.7 0.3000000000008519
-0.1666666666666665 2.7 0.4000000000011266
-0.3333333333333331 2.7 0.4000000000011266
-0.4999999999999998 2.7 0.4000000000011266
-0.6666666666666665 2.7 0.4000000000011266
-0.8333333333333333 2.7 0.4000000000011266
-0.9999999999999999 2.7 0.4000000000011266
-1.166666666666667 2.7 0.4000000000011266
-1.333333333333333 2.7 0.4000000000011266
-1.5 2.7 0.4000000000011266
-1.666666666666667 2.7 0.4000000000011266
-1.833333333333333 2.7 0.4000000000011266
-0.1666666666666665 2.7 0.500000000001386
-0.3333333333333331 2.7 0.500000000001386
-0.4999999999999998 2.7 0.500000000001386
-0.6666666666666665 2.7 0.500000000001386
-0.8333333333333333 2.7 0.500000000001386
-0.9999999999999999 2.7 0.500000000001386
-1.166666666666667 2.7 0.500000000001386
-1.333333333333333 2.7 0.500000000001386
-1.5 2.7 0.500000000001386
-1.666666666666667 2.7 0.500000000001386
-1.833333333333333 2.7 0.500000000001386
-0.1666666666666665 2.7 0.6000000000008989
-0.3333333333333331 2.7 0.6000000000008989
-0.4999999999999998 2.7 0.6000000000008989
-0.6666666666666665 2.7 0.6000000000008989
-0.8333333333333333 2.7 0.6000000000008989
-0.9999999999999999 2.7 0.6000000000008989
-1.166666666666667 2.7 0.6000000000008989
-1.333333333333333 2.7 0.6000000000008989
-1.5 2.7 0.6000000000008989
-1.666666666666667 2.7 0.6000000000008989
-1.833333333333333 2.7 0.6000000000008989
-0.1666666666666665 2.7 0.7000000000003967
-0.3333333333333331 2.7 0.7000000000003967
-0.4999999999999998 2.7 0.7000000000003967
-0.6666666666666665 2.7 0.7000000000003967
-0.8333333333333333 2.7 0.7000000000003967
-0.9999999999999999 2.7 0.7000000000003967
-1.166666666666667 2.7 0.7000000000003967
-1.333333333333333 2.7 0.7000000000003967
-1.5 2.7 0.7000000000003967
-1.666666666666667 2.7 0.7000000000003967
-1.833333333333333 2.7 0.7000000000003967
-0.1666666666666665 2.7 0.7999999999998946
-0.3333333333333331 2.7 0.7999999999998946
-0.4999999999999998 2.7 0.7999999999998946
-0.6666666666666665 2.7 0.7999999999998946
-0.8333333333333333 2.7 0.7999999999998946
-0.9999999999999999 2.7 0.7999999999998946
-1.166666666666667 2.7 0.7999999999998946
-1.333333333333333 2.7 0.7999999999998946
-1.5 2.7 0.7999999999998946
-1.666666666666667 2.7 0.7999999999998946
-1.833333333333333 2.7 0.7999999999998946
-0.1666666666666665 2.7 0.8999999999996142
-0.3333333333333331 2.7 0.8999999999996142
-0.4999999999999998 2.7 0.8999999999996142
-0.6666666666666665 2.7 0.8999999999996142
-0.8333333333333333 2.7 0.8999999999996142
-0.9999999999999999 2.7 0.8999999999996142
-1.166666666666667 2.7 0.8999999999996142
-1.333333333333333 2.7 0.8999999999996142
-1.5 2.7 0.8999999999996142
-1.666666666666667 2.7 0.8999999999996142
-1.833333333333333 2.7 0.8999999999996142
-0.1666666666666665 2.8 0.1000000000002356
-0.3333333333333331 2.8 0.1000000000002356
-0.4999999999999998 2.8 0.1000000000002356
-0.6666666666666664 2.8 0.1000000000002356
-0.8333333333333331 2.8 0.1000000000002356
-0.9999999999999998 2.8 0.1000000000002356
-1.166666666666667 2.8 0.1000000000002356
-1.333333333333333 2.8 0.1000000000002356
-1.5 2.8 0.1000000000002356
-1.666666666666667 2.8 0.1000000000002356
-1.833333333333333 2.8 0.1000000000002356
-0.1666666666666665 2.8 0.2000000000004498
-0.3333333333333331 2.8 0.2000000000004498
-0.4999999999999998 2.8 0.2000000000004498
-0.6666666666666664 2.8 0.2000000000004498
-0.8333333333333331 2.8 0.2000000000004498
-0.9999999999999998 2.8 0.2000000000004498
-1.166666666666667 2.8 0.2000000000004498
-1.333333333333333 2.8 0.2000000000004498
-1.5 2.8 0.2000000000004498
-1.666666666666667 2.8 0.2000000000004498
-1.833333333333333 2.8 0.2000000000004498
-0.1666666666666665 2.8 0.3000000000006536
-0.3333333333333331 2.8 0.3000000000006536
-0.4999999999999998 2.8 0.3000000000006536
-0.6666666666666664 2.8 0.3000000000006536
-0.8333333333333331 2.8 0.3000000000006536
-0.9999999999999998 2.8 0.3000000000006536
-1.166666666666667 2.8 0.3000000000006536
-1.333333333333333 2.8 0.3000000000006536
-1.5 2.8 0.3000000000006536
-1.666666666666667 2.8 0.3000000000006536
-1.833333333333333 2.8 0.3000000000006536
-0.1666666666666665 2.8 0.4000000000008574
-0.3333333333333331 2.8 0.4000000000008574
-0.4999999999999998 2.8 0.4000000000008574
-0.6666666666666664 2.8 0.4000000000008574
-0.8333333333333331 2.8 0.4000000000008574
-0.9999999999999998 2.8 0.4000000000008574
-1.166666666666667 2.8 0.4000000000008574
-1.333333333333333 2.8 0.4000000000008574
-1.5 2.8 0.4000000000008574
-1.666666666666667 2.8 0.4000000000008574
-1.833333333333333 2.8 0.4000000000008574
-0.1666666666666665 2.8 0.5000000000010494
-0.3333333333333331 2.8 0.5000000000010494
-0.4999999999999998 2.8 0.5000000000010494
-0.6666666666666664 2.8 0.5000000000010494
-0.8333333333333331 2.8 0.5000000000010494
-0.9999999999999998 2.8 0.5000000000010494
-1.166666666666667 2.8 0.5000000000010494
-1.333333333333333 2.8 0.5000000000010494
-1.5 2.8 0.5000000000010494
-1.666666666666667 2.8 0.5000000000010494
-1.833333333333333 2.8 0.5000000000010494
-0.1666666666666665 2.8 0.6000000000006547
-0.3333333333333331 2.8 0.6000000000006547
-0.4999999999999998 2.8 0.6000000000006547
-0.6666666666666664 2.8 0.6000000000006547
-0.8333333333333331 2.8 0.6000000000006547
-0.9999999999999998 2.8 0.6000000000006547
-1.166666666666667 2.8 0.6000000000006547
-1.333333333333333 2.8 0.6000000000006547
-1.5 2.8 0.6000000000006547
-1.666666666666667 2.8 0.6000000000006547
-1.833333333333333 2.8 0.6000000000006547
-0.1666666666666665 2.8 0.7000000000002484
-0.3333333333333331 2.8 0.7000000000002484
-0.4999999999999998 2.8 0.7000000000002484
-0.6666666666666664 2.8 0.7000000000002484
-0.8333333333333331 2.8 0.7000000000002484
-0.9999999999999998 2.8 0.7000000000002484
-1.166666666666667 2.8 0.7000000000002484
-1.333333333333333 2.8 0.7000000000002484
-1.5 2.8 0.7000000000002484
-1.666666666666667 2.8 0.7000000000002484
-1.833333333333333 2.8 0.7000000000002484
-0.1666666666666665 2.8 0.7999999999998417
-0.3333333333333331 2.8 0.7999999999998417
-0.4999999999999998 2.8 0.7999999999998417
-0.6666666666666664 2.8 0.7999999999998417
-0.8333333333333331 2.8 0.7999999999998417
-0.9999999999999998 2.8 0.7999999999998417
-1.166666666666667 2.8 0.7999999999998417
-1.333333333333333 2.8 0.7999999999998417
-1.5 2.8 0.7999999999998417
-1.666666666666667 2.8 0.7999999999998417
-1.833333333333333 2.8 0.7999999999998417
-0.1666666666666665 2.8 0.8999999999996293
-0.3333333333333331 2.8 0.8999999999996293
-0.4999999999999998 2.8 0.8999999999996293
-0.6666666666666664 2.8 0.8999999999996293
-0.8333333333333331 2.8 0.8999999999996293
-0.9999999999999998 2.8 0.8999999999996293
-1.166666666666667 2.8 0.8999999999996293
-1.333333333333333 2.8 0.8999999999996293
-1.5 2.8 0.8999999999996293
-1.666666666666667 2.8 0.8999999999996293
-1.833333333333333 2.8 0.8999999999996293
-0.1666666666666665 2.9 0.1000000000001754
-0.3333333333333331 2.9 0.1000000000001754
-0.4999999999999998 2.9 0.1000000000001754
-0.6666666666666664 2.9 0.1000000000001754
-0.8333333333333331 2.9 0.1000000000001754
-0.9999999999999998 2.9 0.1000000000001754
-1.166666666666667 2.9 0.1000000000001754
-1.333333333333333 2.9 0.1000000000001754
-1.5 2.9 0.1000000000001754
-1.666666666666667 2.9 0.1000000000001754
-1.833333333333333 2.9 0.1000000000001754
-0.1666666666666665 2.900000000000001 0.2000000000003223
-0.3333333333333331 2.900000000000001 0.2000000000003223
-0.4999999999999998 2.900000000000001 0.2000000000003223
-0.6666666666666664 2.900000000000001 0.2000000000003223
-0.8333333333333331 2.900000000000001 0.2000000000003223
-0.9999999999999998 2.900000000000001 0.2000000000003223
-1.166666666666667 2.900000000000001 0.2000000000003223
-1.333333333333333 2.900000000000001 0.2000000000003223
-1.5 2.900000000000001 0.2000000000003223
-1.666666666666667 2.900000000000001 0.2000000000003223
-1.833333333333333 2.900000000000001 0.2000000000003223
-0.1666666666666665 2.900000000000001 0.3000000000004552
-0.3333333333333331 2.900000000000001 0.3000000000004552
-0.4999999999999998 2.900000000000001 0.3000000000004552
-0.6666666666666664 2.900000000000001 0.3000000000004552
-0.8333333333333331 2.900000000000001 0.3000000000004552
-0.9999999999999998 2.900000000000001 0.3000000000004552
-1.166666666666667 2.900000000000001 0.3000000000004552
-1.333333333333333 2.900000000000001 0.3000000000004552
-1.5 2.900000000000001 0.3000000000004552
-1.666666666666667 2.900000000000001 0.3000000000004552
-1.833333333333333 2.900000000000001 0.3000000000004552
-0.1666666666666665 2.900000000000001 0.4000000000005883
-0.3333333333333331 2.900000000000001 0.4000000000005883
-0.4999999999999998 2.900000000000001 0.4000000000005883
-0.6666666666666664 2.900000000000001 0.4000000000005883
-0.8333333333333331 2.900000000000001 0.4000000000005883
-0.9999999999999998 2.900000000000001 0.4000000000005883
-1.166666666666667 2.900000000000001 0.4000000000005883
-1.333333333333333 2.900000000000001 0.4000000000005883
-1.5 2.900000000000001 0.4000000000005883
-1.666666666666667 2.900000000000001 0.4000000000005883
-1.833333333333333 2.900000000000001 0.4000000000005883
-0.1666666666666665 2.900000000000001 0.5000000000007125
-0.3333333333333331 2.900000000000001 0.5000000000007125
-0.4999999999999998 2.900000000000001 0.5000000000007125
-0.6666666666666664 2.900000000000001 0.5000000000007125
-0.8333333333333331 2.900000000000001 0.5000000000007125
-0.9999999999999998 2.900000000000001 0.5000000000007125
-1.166666666666667 2.900000000000001 0.5000000000007125
-1.333333333333333 2.900000000000001 0.5000000000007125
-1.5 2.900000000000001 0.5000000000007125
-1.666666666666667 2.900000000000001 0.5000000000007125
-1.833333333333333 2.900000000000001 0.5000000000007125
-0.1666666666666665 2.9 0.6000000000004104
-0.3333333333333331 2.9 0.6000000000004104
-0.4999999999999998 2.9 0.6000000000004104
-0.6666666666666664 2.9 0.6000000000004104
-0.8333333333333331 2.9 0.6000000000004104
-0.9999999999999998 2.9 0.6000000000004104
-1.166666666666667 2.9 0.6000000000004104
-1.333333333333333 2.9 0.6000000000004104
-1.5 2.9 0.6000000000004104
-1.666666666666667 2.9 0.6000000000004104
-1.833333333333333 2.9 0.6000000000004104
-0.1666666666666665 2.899999999999999 0.7000000000000999
-0.3333333333333331 2.899999999999999 0.7000000000000999
-0.4999999999999998 2.899999999999999 0.7000000000000999
-0.6666666666666664 2.899999999999999 0.7000000000000999
-0.8333333333333331 2.899999999999999 0.7000000000000999
-0.9999999999999998 2.899999999999999 0.7000000000000999
-1.166666666666667 2.899999999999999 0.7000000000000999
-1.333333333333333 2.899999999999999 0.7000000000000999
-1.5 2.899999999999999 0.7000000000000999
-1.666666666666667 2.899999999999999 0.7000000000000999
-1.833333333333333 2.899999999999999 0.7000000000000999
-0.1666666666666665 2.9 0.7999999999997891
-0.3333333333333331 2.9 0.7999999999997891
-0.4999999999999998 2.9 0.7999999999997891
-0.6666666666666664 2.9 0.7999999999997891
-0.8333333333333331 2.9 0.7999999999997891
-0.9999999999999998 2.9 0.7999999999997891
-1.166666666666667 2.9 0.7999999999997891
-1.333333333333333 2.9 0.7999999999997891
-1.5 2.9 0.7999999999997891
-1.666666666666667 2.9 0.7999999999997891
-1.833333333333333 2.9 0.7999999999997891
-0.1666666666666665 2.899999999999999 0.8999999999996446
-0.3333333333333331 2.899999999999999 0.8999999999996446
-0.4999999999999998 2.899999999999999 0.8999999999996446
-0.6666666666666664 2.899999999999999 0.8999999999996446
-0.8333333333333331 2.899999999999999 0.8999999999996446
-0.9999999999999998 2.899999999999999 0.8999999999996446
-1.166666666666667 2.899999999999999 0.8999999999996446
-1.333333333333333 2.899999999999999 0.8999999999996446
-1.5 2.899999999999999 0.8999999999996446
-1.666666666666667 2.899999999999999 0.8999999999996446
-1.833333333333333 2.899999999999999 0.8999999999996446
-0.1666666666666665 3 0.1000000000001152
-0.3333333333333331 3 0.1000000000001152
-0.4999999999999998 3 0.1000000000001152
-0.6666666666666664 3 0.1000000000001152
-0.8333333333333331 3 0.1000000000001152
-0.9999999999999998 3 0.1000000000001152
-1.166666666666667 3 0.1000000000001152
-1.333333333333333 3 0.1000000000001152
-1.5 3 0.1000000000001152
-1.666666666666667 3 0.1000000000001152
-1.833333333333333 3 0.1000000000001152
-0.1666666666666665 3 0.2000000000001947
-0.3333333333333331 3 0.2000000000001947
-0.4999999999999998 3 0.2000000000001947
-0.6666666666666664 3 0.2000000000001947
-0.8333333333333331 3 0.2000000000001947
-0.9999999999999998 3 0.2000000000001947
-1.166666666666667 3 0.2000000000001947
-1.333333333333333 3 0.2000000000001947
-1.5 3 0.2000000000001947
-1.666666666666667 3 0.2000000000001947
-1.833333333333333 3 0.2000000000001947
-0.1666666666666665 3 0.3000000000002568
-0.3333333333333331 3 0.3000000000002568
-0.4999999999999998 3 0.3000000000002568
-0.6666666666666664 3 0.3000000000002568
-0.8333333333333331 3 0.3000000000002568
-0.9999999999999998 3 0.3000000000002568
-1.166666666666667 3 0.3000000000002568
-1.333333333333333 3 0.3000000000002568
-1.5 3 0.3000000000002568
-1.666666666666667 3 0.3000000000002568
-1.833333333333333 3 0.3000000000002568
-0.1666666666666665 3 0.4000000000003192
-0.3333333333333331 3 0.4000000000003192
-0.4999999999999998 3 0.4000000000003192
-0.6666666666666664 3 0.4000000000003192
-0.8333333333333331 3 0.4000000000003192
-0.9999999999999998 3 0.4000000000003192
-1.166666666666667 3 0.4000000000003192
-1.333333333333333 3 0.4000000000003192
-1.5 3 0.4000000000003192
-1.666666666666667 3 0.4000000000003192
-1.833333333333333 3 0.4000000000003192
-0.1666666666666665 3 0.5000000000003757
-0.3333333333333331 3 0.5000000000003757
-0.4999999999999998 3 0.5000000000003757
-0.6666666666666664 3 0.5000000000003757
-0.8333333333333331 3 0.5000000000003757
-0.9999999999999998 3 0.5000000000003757
-1.166666666666667 3 0.5000000000003757
-1.333333333333333 3 0.5000000000003757
-1.5 3 0.5000000000003757
-1.666666666666667 3 0.5000000000003757
-1.833333333333333 3 0.5000000000003757
-0.1666666666666665 3 0.6000000000001662
-0.3333333333333331 3 0.6000000000001662
-0.4999999999999998 3 0.6000000000001662
-0.6666666666666664 3 0.6000000000001662
-0.8333333333333331 3 0.6000000000001662
-0.9999999999999998 3 0.6000000000001662
-1.166666666666667 3 0.6000000000001662
-1.333333333333333 3 0.6000000000001662
-1.5 3 0.6000000000001662
-1.666666666666667 3 0.6000000000001662
-1.833333333333333 3 0.6000000000001662
-0.1666666666666665 3 0.6999999999999513
-0.3333333333333331 3 0.6999999999999513
-0.4999999999999998 3 0.6999999999999513
-0.6666666666666664 3 0.6999999999999513
-0.8333333333333331 3 0.6999999999999513
-0.9999999999999998 3 0.6999999999999513
-1.166666666666667 3 0.6999999999999513
-1.333333333333333 3 0.6999999999999513
-1.5 3 0.6999999999999513
-1.666666666666667 3 0.6999999999999513
-1.833333333333333 3 0.6999999999999513
-0.1666666666666665 3 0.7999999999997363
-0.3333333333333331 3 0.7999999999997363
-0.4999999999999998 3 0.7999999999997363
-0.6666666666666664 3 0.7999999999997363
-0.8333333333333331 3 0.7999999999997363
-0.9999999999999998 3 0.7999999999997363
-1.166666666666667 3 0.7999999999997363
-1.333333333333333 3 0.7999999999997363
-1.5 3 0.7999999999997363
-1.666666666666667 3 0.7999999999997363
-1.833333333333333 3 0.7999999999997363
-0.1666666666666665 3 0.89999999999966
-0.3333333333333331 3 0.89999999999966
-0.4999999999999998 3 0.89999999999966
-0.6666666666666664 3 0.89999999999966
-0.8333333333333331 3 0.89999999999966
-0.9999999999999998 3 0.89999999999966
-1.166666666666667 3 0.89999999999966
-1.333333333333333 3 0.89999999999966
-1.5 3 0.89999999999966
-1.666666666666667 3 0.89999999999966
-1.833333333333333 3 0.89999999999966
-0.1666666666666665 3.1 0.100000000000055
-0.3333333333333331 3.1 0.100000000000055
-0.4999999999999998 3.1 0.100000000000055
-0.6666666666666664 3.1 0.100000000000055
-0.8333333333333331 3.1 0.100000000000055
-0.9999999999999998 3.1 0.100000000000055
-1.166666666666667 3.1 0.100000000000055
-1.333333333333333 3.1 0.100000000000055
-1.5 3.1 0.100000000000055
-1.666666666666667 3.1 0.100000000000055
-1.833333333333333 3.1 0.100000000000055
-0.1666666666666665 3.1 0.2000000000000671
-0.3333333333333331 3.1 0.2000000000000671
-0.4999999999999998 3.1 0.2000000000000671
-0.6666666666666664 3.1 0.2000000000000671
-0.8333333333333331 3.1 0.2000000000000671
-0.9999999999999998 3.1 0.2000000000000671
-1.166666666666667 3.1 0.2000000000000671
-1.333333333333333 3.1 0.2000000000000671
-1.5 3.1 0.2000000000000671
-1.666666666666667 3.1 0.2000000000000671
-1.833333333333333 3.1 0.2000000000000671
-0.1666666666666665 3.1 0.3000000000000586
-0.3333333333333331 3.1 0.3000000000000586
-0.4999999999999998 3.1 0.3000000000000586
-0.6666666666666664 3.1 0.3000000000000586
-0.8333333333333331 3.1 0.3000000000000586
-0.9999999999999998 3.1 0.3000000000000586
-1.166666666666667 3.1 0.3000000000000586
-1.333333333333333 3.1 0.3000000000000586
-1.5 3.1 0.3000000000000586
-1.666666666666667 3.1 0.3000000000000586
-1.833333333333333 3.1 0.3000000000000586
-0.1666666666666665 3.1 0.4000000000000498
-0.3333333333333331 3.1 0.4000000000000498
-0.4999999999999998 3.1 0.4000000000000498
-0.6666666666666664 3.1 0.4000000000000498
-0.8333333333333331 3.1 0.4000000000000498
-0.9999999999999998 3.1 0.4000000000000498
-1.166666666666667 3.1 0.4000000000000498
-1.333333333333333 3.1 0.4000000000000498
-1.5 3.1 0.4000000000000498
-1.666666666666667 3.1 0.4000000000000498
-1.833333333333333 3.1 0.4000000000000498
-0.1666666666666665 3.100000000000001 0.5000000000000391
-0.3333333333333331 3.100000000000001 0.5000000000000391
-0.4999999999999998 3.100000000000001 0.5000000000000391
-0.6666666666666664 3.100000000000001 0.5000000000000391
-0.8333333333333331 3.100000000000001 0.5000000000000391
-0.9999999999999998 3.100000000000001 0.5000000000000391
-1.166666666666667 3.100000000000001 0.5000000000000391
-1.333333333333333 3.100000000000001 0.5000000000000391
-1.5 3.100000000000001 0.5000000000000391
-1.666666666666667 3.100000000000001 0.5000000000000391
-1.833333333333333 3.100000000000001 0.5000000000000391
-0.1666666666666665 3.100000000000001 0.5999999999999219
-0.3333333333333331 3.100000000000001 0.5999999999999219
-0.4999999999999998 3.100000000000001 0.5999999999999219
-0.6666666666666664 3.100000000000001 0.5999999999999219
-0.8333333333333331 3.100000000000001 0.5999999999999219
-0.9999999999999998 3.100000000000001 0.5999999999999219
-1.166666666666667 3.100000000000001 0.5999999999999219
-1.333333333333333 3.100000000000001 0.5999999999999219
-1.5 3.100000000000001 0.5999999999999219
-1.666666666666667 3.100000000000001 0.5999999999999219
-1.833333333333333 3.100000000000001 0.5999999999999219
-0.1666666666666665 3.100000000000001 0.6999999999998028
-0.3333333333333331 3.100000000000001 0.6999999999998028
-0.4999999999999998 3.100000000000001 0.6999999999998028
-0.6666666666666664 3.100000000000001 0.6999999999998028
-0.8333333333333331 3.100000000000001 0.6999999999998028
-0.9999999999999998 3.100000000000001 0.6999999999998028
-1.166666666666667 3.100000000000001 0.6999999999998028
-1.333333333333333 3.100000000000001 0.6999999999998028
-1.5 3.100000000000001 0.6999999999998028
-1.666666666666667 3.100000000000001 0.6999999999998028
-1.833333333333333 3.100000000000001 0.6999999999998028
-0.1666666666666665 3.100000000000001 0.7999999999996834
-0.3333333333333331 3.100000000000001 0.7999999999996834
-0.4999999999999998 3.100000000000001 0.7999999999996834
-0.6666666666666664 3.100000000000001 0.7999999999996834
-0.8333333333333331 3.100000000000001 0.7999999999996834
-0.9999999999999998 3.100000000000001 0.7999999999996834
-1.166666666666667 3.100000000000001 0.7999999999996834
-1.333333333333333 3.100000000000001 0.7999999999996834
-1.5 3.100000000000001 0.7999999999996834
-1.666666666666667 3.100000000000001 0.7999999999996834
-1.833333333333333 3.100000000000001 0.7999999999996834
-0.1666666666666665 3.100000000000001 0.8999999999996751
-0.3333333333333331 3.100000000000001 0.8999999999996751
-0.4999999999999998 3.100000000000001 0.8999999999996751
-0.6666666666666664 3.100000000000001 0.8999999999996751
-0.8333333333333331 3.100000000000001 0.8999999999996751
-0.9999999999999998 3.100000000000001 0.8999999999996751
-1.166666666666667 3.100000000000001 0.8999999999996751
-1.333333333333333 3.100000000000001 0.8999999999996751
-1.5 3.100000000000001 0.8999999999996751
-1.666666666666667 3.100000000000001 0.8999999999996751
-1.833333333333333 3.100000000000001 0.8999999999996751
-0.1666666666666665 3.200000000000001 0.09999999999999476
-0.3333333333333331 3.200000000000001 0.09999999999999476
-0.4999999999999998 3.200000000000001 0.09999999999999476
-0.6666666666666664 3.200000000000001 0.09999999999999476
-0.8333333333333331 3.200000000000001 0.09999999999999476
-0.9999999999999998 3.200000000000001 0.09999999999999476
-1.166666666666667 3.200000000000001 0.09999999999999476
-1.333333333333333 3.200000000000001 0.09999999999999476
-1.5 3.200000000000001 0.09999999999999476
-1.666666666666667 3.200000000000001 0.09999999999999476
-1.833333333333333 3.200000000000001 0.09999999999999476
-0.1666666666666665 3.2 0.1999999999999396
-0.3333333333333331 3.2 0.1999999999999396
-0.4999999999999998 3.2 0.1999999999999396
-0.6666666666666664 3.2 0.1999999999999396
-0.8333333333333331 3.2 0.1999999999999396
-0.9999999999999998 3.2 0.1999999999999396
-1.166666666666667 3.2 0.1999999999999396
-1.333333333333333 3.2 0.1999999999999396
-1.5 3.2 0.1999999999999396
-1.666666666666667 3.2 0.1999999999999396
-1.833333333333333 3.2 0.1999999999999396
-0.1666666666666665 3.2 0.2999999999998602
-0.3333333333333331 3.2 0.2999999999998602
-0.4999999999999998 3.2 0.2999999999998602
-0.6666666666666664 3.2 0.2999999999998602
-0.8333333333333331 3.2 0.2999999999998602
-0.9999999999999998 3.2 0.2999999999998602
-1.166666666666667 3.2 0.2999999999998602
-1.333333333333333 3.2 0.2999999999998602
-1.5 3.2 0.2999999999998602
-1.666666666666667 3.2 0.2999999999998602
-1.833333333333333 3.2 0.2999999999998602
-0.1666666666666665 3.2 0.3999999999997807
-0.3333333333333331 3.2 0.3999999999997807
-0.4999999999999998 3.2 0.3999999999997807
-0.6666666666666664 3.2 0.3999999999997807
-0.8333333333333331 3.2 0.3999999999997807
-0.9999999999999998 3.2 0.3999999999997807
-1.166666666666667 3.2 0.3999999999997807
-1.333333333333333 3.2 0.3999999999997807
-1.5 3.2 0.3999999999997807
-1.666666666666667 3.2 0.3999999999997807
-1.833333333333333 3.2 0.3999999999997807
-0.1666666666666665 3.2 0.4999999999997022
-0.3333333333333331 3.2 0.4999999999997022
-0.4999999999999998 3.2 0.4999999999997022
-0.6666666666666664 3.2 0.4999999999997022
-0.8333333333333331 3.2 0.4999999999997022
-0.9999999999999998 3.2 0.4999999999997022
-1.166666666666667 3.2 0.4999999999997022
-1.333333333333333 3.2 0.4999999999997022
-1.5 3.2 0.4999999999997022
-1.666666666666667 3.2 0.4999999999997022
-1.833333333333333 3.2 0.4999999999997022
-0.1666666666666665 3.2 0.5999999999996777
-0.3333333333333331 3.2 0.5999999999996777
-0.4999999999999998 3.2 0.5999999999996777
-0.6666666666666664 3.2 0.5999999999996777
-0.8333333333333331 3.2 0.5999999999996777
-0.9999999999999998 3.2 0.5999999999996777
-1.166666666666667 3.2 0.5999999999996777
-1.333333333333333 3.2 0.5999999999996777
-1.5 3.2 0.5999999999996777
-1.666666666666667 3.2 0.5999999999996777
-1.833333333333333 3.2 0.5999999999996777
-0.1666666666666665 3.2 0.6999999999996542
-0.3333333333333331 3.2 0.6999999999996542
-0.4999999999999998 3.2 0.6999999999996542
-0.6666666666666664 3.2 0.6999999999996542
-0.8333333333333331 3.2 0.6999999999996542
-0.9999999999999998 3.2 0.6999999999996542
-1.166666666666667 3.2 0.6999999999996542
-1.333333333333333 3.2 0.6999999999996542
-1.5 3.2 0.6999999999996542
-1.666666666666667 3.2 0.6999999999996542
-1.833333333333333 3.2 0.6999999999996542
-0.1666666666666665 3.2 0.7999999999996308
-0.3333333333333331 3.2 0.7999999999996308
-0.4999999999999998 3.2 0.7999999999996308
-0.6666666666666664 3.2 0.7999999999996308
-0.8333333333333331 3.2 0.7999999999996308
-0.9999999999999998 3.2 0.7999999999996308
-1.166666666666667 3.2 0.7999999999996308
-1.333333333333333 3.2 0.7999999999996308
-1.5 3.2 0.7999999999996308
-1.666666666666667 3.2 0.7999999999996308
-1.833333333333333 3.2 0.7999999999996308
-0.1666666666666665 3.2 0.8999999999996904
-0.3333333333333331 3.2 0.8999999999996904
-0.4999999999999998 3.2 0.8999999999996904
-0.6666666666666664 3.2 0.8999999999996904
-0.8333333333333331 3.2 0.8999999999996904
-0.9999999999999998 3.2 0.8999999999996904
-1.166666666666667 3.2 0.8999999999996904
-1.333333333333333 3.2 0.8999999999996904
-1.5 3.2 0.8999999999996904
-1.666666666666667 3.2 0.8999999999996904
-1.833333333333333 3.2 0.8999999999996904
-0.1666666666666665 3.3 0.09999999999993453
-0.3333333333333331 3.3 0.09999999999993453
-0.4999999999999998 3.3 0.09999999999993453
-0.6666666666666664 3.3 0.09999999999993453
-0.8333333333333331 3.3 0.09999999999993453
-0.9999999999999998 3.3 0.09999999999993453
-1.166666666666667 3.3 0.09999999999993453
-1.333333333333333 3.3 0.09999999999993453
-1.5 3.3 0.09999999999993453
-1.666666666666667 3.3 0.09999999999993453
-1.833333333333333 3.3 0.09999999999993453
-0.1666666666666665 3.3 0.199999999999812
-0.3333333333333331 3.3 0.199999999999812
-0.4999999999999998 3.3 0.199999999999812
-0.6666666666666664 3.3 0.199999999999812
-0.8333333333333331 3.3 0.199999999999812
-0.9999999999999998 3.3 0.199999999999812
-1.166666666666667 3.3 0.199999999999812
-1.333333333333333 3.3 0.199999999999812
-1.5 3.3 0.199999999999812
-1.666666666666667 3.3 0.199999999999812
-1.833333333333333 3.3 0.199999999999812
-0.1666666666666665 3.3 0.2999999999996618
-0.3333333333333331 3.3 0.2999999999996618
-0.4999999999999998 3.3 0.2999999999996618
-0.6666666666666664 3.3 0.2999999999996618
-0.8333333333333331 3.3 0.2999999999996618
-0.9999999999999998 3.3 0.2999999999996618
-1.166666666666667 3.3 0.2999999999996618
-1.333333333333333 3.3 0.2999999999996618
-1.5 3.3 0.2999999999996618
-1.666666666666667 3.3 0.2999999999996618
-1.833333333333333 3.3 0.2999999999996618
-0.1666666666666665 3.299999999999999 0.3999999999995115
-0.3333333333333331 3.299999999999999 0.3999999999995115
-0.4999999999999998 3.299999999999999 0.3999999999995115
-0.6666666666666664 3.299999999999999 0.3999999999995115
-0.8333333333333331 3.299999999999999 0.3999999999995115
-0.9999999999999998 3.299999999999999 0.3999999999995115
-1.166666666666667 3.299999999999999 0.3999999999995115
-1.333333333333333 3.299999999999999 0.3999999999995115
-1.5 3.299999999999999 0.3999999999995115
-1.666666666666667 3.299999999999999 0.3999999999995115
-1.833333333333333 3.299999999999999 0.3999999999995115
-0.1666666666666665 3.3 0.4999999999993656
-0.3333333333333331 3.3 0.4999999999993656
-0.4999999999999998 3.3 0.4999999999993656
-0.6666666666666664 3.3 0.4999999999993656
-0.8333333333333331 3.3 0.4999999999993656
-0.9999999999999998 3.3 0.4999999999993656
-1.166666666666667 3.3 0.4999999999993656
-1.333333333333333 3.3 0.4999999999993656
-1.5 3.3 0.4999999999993656
-1.666666666666667 3.3 0.4999999999993656
-1.833333333333333 3.3 0.4999999999993656
-0.1666666666666665 3.3 0.5999999999994334
-0.3333333333333331 3.3 0.5999999999994334
-0.4999999999999998 3.3 0.5999999999994334
-0.6666666666666664 3.3 0.5999999999994334
-0.8333333333333331 3.3 0.5999999999994334
-0.9999999999999998 3.3 0.5999999999994334
-1.166666666666667 3.3 0.5999999999994334
-1.333333333333333 3.3 0.5999999999994334
-1.5 3.3 0.5999999999994334
-1.666666666666667 3.3 0.5999999999994334
-1.833333333333333 3.3 0.5999999999994334
-0.1666666666666665 3.299999999999999 0.6999999999995059
-0.3333333333333331 3.299999999999999 0.6999999999995059
-0.4999999999999998 3.299999999999999 0.6999999999995059
-0.6666666666666664 3.299999999999999 0.6999999999995059
-0.8333333333333331 3.299999999999999 0.6999999999995059
-0.9999999999999998 3.299999999999999 0.6999999999995059
-1.166666666666667 3.299999999999999 0.6999999999995059
-1.333333333333333 3.299999999999999 0.6999999999995059
-1.5 3.299999999999999 0.6999999999995059
-1.666666666666667 3.299999999999999 0.6999999999995059
-1.833333333333333 3.299999999999999 0.6999999999995059
-0.1666666666666665 3.3 0.7999999999995779
-0.3333333333333331 3.3 0.7999999999995779
-0.4999999999999998 3.3 0.7999999999995779
-0.6666666666666664 3.3 0.7999999999995779
-0.8333333333333331 3.3 0.7999999999995779
-0.9999999999999998 3.3 0.7999999999995779
-1.166666666666667 3.3 0.7999999999995779
-1.333333333333333 3.3 0.7999999999995779
-1.5 3.3 0.7999999999995779
-1.666666666666667 3.3 0.7999999999995779
-1.833333333333333 3.3 0.7999999999995779
-0.1666666666666665 3.299999999999999 0.8999999999997057
-0.3333333333333331 3.299999999999999 0.8999999999997057
-0.4999999999999998 3.299999999999999 0.8999999999997057
-0.6666666666666664 3.299999999999999 0.8999999999997057
-0.8333333333333331 3.299999999999999 0.8999999999997057
-0.9999999999999998 3.299999999999999 0.8999999999997057
-1.166666666666667 3.299999999999999 0.8999999999997057
-1.333333333333333 3.299999999999999 0.8999999999997057
-1.5 3.299999999999999 0.8999999999997057
-1.666666666666667 3.299999999999999 0.8999999999997057
-1.833333333333333 3.299999999999999 0.8999999999997057
-0.1666666666666664 3.399999999999999 0.09999999999987433
-0.3333333333333331 3.399999999999999 0.09999999999987433
-0.4999999999999998 3.399999999999999 0.09999999999987433
-0.6666666666666664 3.399999999999999 0.09999999999987433
-0.8333333333333331 3.399999999999999 0.09999999999987433
-0.9999999999999998 3.399999999999999 0.09999999999987433
-1.166666666666667 3.399999999999999 0.09999999999987433
-1.333333333333333 3.399999999999999 0.09999999999987433
-1.5 3.399999999999999 0.09999999999987433
-1.666666666666667 3.399999999999999 0.09999999999987433
-1.833333333333333 3.399999999999999 0.09999999999987433
-0.1666666666666664 3.4 0.1999999999996844
-0.3333333333333331 3.4 0.1999999999996844
-0.4999999999999998 3.4 0.1999999999996844
-0.6666666666666664 3.4 0.1999999999996844
-0.8333333333333331 3.4 0.1999999999996844
-0.9999999999999998 3.4 0.1999999999996844
-1.166666666666667 3.4 0.1999999999996844
-1.333333333333333 3.4 0.1999999999996844
-1.5 3.4 0.1999999999996844
-1.666666666666667 3.4 0.1999999999996844
-1.833333333333333 3.4 0.1999999999996844
-0.1666666666666664 3.4 0.2999999999994634
-0.3333333333333331 3.4 0.2999999999994634
-0.4999999999999998 3.4 0.2999999999994634
-0.6666666666666664 3.4 0.2999999999994634
-0.8333333333333331 3.4 0.2999999999994634
-0.9999999999999998 3.4 0.2999999999994634
-1.166666666666667 3.4 0.2999999999994634
-1.333333333333333 3.4 0.2999999999994634
-1.5 3.4 0.2999999999994634
-1.666666666666667 3.4 0.2999999999994634
-1.833333333333333 3.4 0.2999999999994634
-0.1666666666666664 3.4 0.3999999999992422
-0.3333333333333331 3.4 0.3999999999992422
-0.4999999999999998 3.4 0.3999999999992422
-0.6666666666666664 3.4 0.3999999999992422
-0.8333333333333331 3.4 0.3999999999992422
-0.9999999999999998 3.4 0.3999999999992422
-1.166666666666667 3.4 0.3999999999992422
-1.333333333333333 3.4 0.3999999999992422
-1.5 3.4 0.3999999999992422
-1.666666666666667 3.4 0.3999999999992422
-1.833333333333333 3.4 0.3999999999992422
-0.1666666666666664 3.4 0.4999999999990288
-0.3333333333333331 3.4 0.4999999999990288
-0.4999999999999998 3.4 0.4999999999990288
-0.6666666666666664 3.4 0.4999999999990288
-0.8333333333333331 3.4 0.4999999999990288
-0.9999999999999998 3.4 0.4999999999990288
-1.166666666666667 3.4 0.4999999999990288
-1.333333333333333 3.4 0.4999999999990288
-1.5 3.4 0.4999999999990288
-1.666666666666667 3.4 0.4999999999990288
-1.833333333333333 3.4 0.4999999999990288
-0.1666666666666664 3.4 0.5999999999991892
-0.3333333333333331 3.4 0.5999999999991892
-0.4999999999999998 3.4 0.5999999999991892
-0.6666666666666664 3.4 0.5999999999991892
-0.8333333333333331 3.4 0.5999999999991892
-0.9999999999999998 3.4 0.5999999999991892
-1.166666666666667 3.4 0.5999999999991892
-1.333333333333333 3.4 0.5999999999991892
-1.5 3.4 0.5999999999991892
-1.666666666666667 3.4 0.5999999999991892
-1.833333333333333 3.4 0.5999999999991892
-0.1666666666666664 3.399999999999999 0.6999999999993574
-0.3333333333333331 3.399999999999999 0.6999999999993574
-0.4999999999999998 3.399999999999999 0.6999999999993574
-0.6666666666666664 3.399999999999999 0.6999999999993574
-0.8333333333333331 3.399999999999999 0.6999999999993574
-0.9999999999999998 3.399999999999999 0.6999999999993574
-1.166666666666667 3.399999999999999 0.6999999999993574
-1.333333333333333 3.399999999999999 0.6999999999993574
-1.5 3.399999999999999 0.6999999999993574
-1.666666666666667 3.399999999999999 0.6999999999993574
-1.833333333333333 3.399999999999999 0.6999999999993574
-0.1666666666666664 3.399999999999999 0.7999999999995253
-0.3333333333333331 3.399999999999999 0.7999999999995253
-0.4999999999999998 3.399999999999999 0.7999999999995253
-0.6666666666666664 3.399999999999999 0.7999999999995253
-0.8333333333333331 3.399999999999999 0.7999999999995253
-0.9999999999999998 3.399999999999999 0.7999999999995253
-1.166666666666667 3.399999999999999 0.7999999999995253
-1.333333333333333 3.399999999999999 0.7999999999995253
-1.5 3.399999999999999 0.7999999999995253
-1.666666666666667 3.399999999999999 0.7999999999995253
-1.833333333333333 3.399999999999999 0.7999999999995253
-0.1666666666666664 3.399999999999999 0.899999999999721
-0.3333333333333331 3.399999999999999 0.899999999999721
-0.4999999999999998 3.399999999999999 0.899999999999721
-0.6666666666666664 3.399999999999999 0.899999999999721
-0.8333333333333331 3.399999999999999 0.899999999999721
-0.9999999999999998 3.399999999999999 0.899999999999721
-1.166666666666667 3.399999999999999 0.899999999999721
-1.333333333333333 3.399999999999999 0.899999999999721
-1.5 3.399999999999999 0.899999999999721
-1.666666666666667 3.399999999999999 0.899999999999721
-1.833333333333333 3.399999999999999 0.899999999999721
$EndNodes
$Elements
17 8600 1 8600
2 1 3 100
1 1 17 389 52 
2 52 389 390 51 
3 51 390 391 50 
4 50 391 392 49 
5 49 392 393 48 
6 48 393 394 47 
7 47 394 395 46 
8 46 395 396 45 
9 45 396 397 44 
10 44 397 43 4 
11 17 18 398 389 
12 389 398 399 390 
13 390 399 400 391 
14 391 400 401 392 
15 392 401 402 393 
16 393 402 403 394 
17 394 403 404 395 
18 395 404 405 396 
19 396 405 406 397 
20 397 406 42 43 
21 18 19 407 398 
22 398 407 408 399 
23 399 408 409 400 
24 400 409 410 401 
25 401 410 411 402 
26 402 411 412 403 
27 403 412 413 404 
28 404 413 414 405 
29 405 414 415 406 
30 406 415 41 42 
31 19 20 416 407 
32 407 416 417 408 
33 408 417 418 409 
34 409 418 419 410 
35 410 419 420 411 
36 411 420 421 412 
37 412 421 422 413 
38 413 422 423 414 
39 414 423 424 415 
40 415 424 40 41 
41 20 21 425 416 
42 416 425 426 417 
43 417 426 427 418 
44 418 427 428 419 
45 419 428 429 420 
46 420 429 430 421 
47 421 430 431 422 
48 422 431 432 423 
49 423 432 433 424 
50 424 433 39 40 
51 21 22 434 425 
52 425 434 435 426 
53 426 435 436 427 
54 427 436 437 428 
55 428 437 438 429 
56 429 438 439 430 
57 430 439 440 431 
58 431 440 441 432 
59 432 441 442 433 
60 433 442 38 39 
61 22 23 443 434 
62 434 443 444 435 
63 435 444 445 436 
64 436 445 446 437 
65 437 446 447 438 
66 438 447 448 439 
67 439 448 449 440 
68 440 449 450 441 
69 441 450 451 442 
70 442 451 37 38 
71 23 24 452 443 
72 443 452 453 444 
73 444 453 454 445 
74 445 454 455 446 
75 446 455 456 447 
76 447 456 457 448 
77 448 457 458 449 
78 449 458 459 450 
79 450 459 460 451 
80 451 460 36 37 
81 24 25 461 452 
82 452 461 462 453 
83 453 462 463 454 
84 454 463 464 455 
85 455 464 465 456 
86 456 465 466 457 
87 457 466 467 458 
88 458 467 468 459 
89 459 468 469 460 
90 460 469 35 36 
91 25 2 26 461 
92 461 26 27 462 
93 462 27 28 463 
94 463 28 29 464 
95 464 29 30 465 
96 465 30 31 466 
97 466 31 32 467 
98 467 32 33 468 
99 468 33 34 469 
100 469 34 3 35 
2 13 3 120
101 1 17 470 89 
102 89 470 471 90 
103 90 471 472 91 
104 91 472 473 92 
105 92 473 474 93 
106 93 474 475 94 
107 94 475 476 95 
108 95 476 477 96 
109 96 477 478 97 
110 97 478 479 98 
111 98 479 480 99 
112 99 480 53 5 
113 17 18 481 470 
114 470 481 482 471 
115 471 482 483 472 
116 472 483 484 473 
117 473 484 485 474 
118 474 485 486 475 
119 475 486 487 476 
120 476 487 488 477 
121 477 488 489 478 
122 478 489 490 479 
123 479 490 491 480 
124 480 491 54 53 
125 18 19 492 481 
126 481 492 493 482 
127 482 493 494 483 
128 483 494 495 484 
129 484 495 496 485 
130 485 496 497 486 
131 486 497 498 487 
132 487 498 499 488 
133 488 499 500 489 
134 489 500 501 490 
135 490 501 502 491 
136 491 502 55 54 
137 19 20 503 492 
138 492 503 504 493 
139 493 504 505 494 
140 494 505 506 495 
141 495 506 507 496 
142 496 507 508 497 
143 497 508 509 498 
144 498 509 510 499 
145 499 510 511 500 
146 500 511 512 501 
147 501 512 513 502 
148 502 513 56 55 
149 20 21 514 503 
150 503 514 515 504 
151 504 515 516 505 
152 505 516 517 506 
153 506 517 518 507 
154 507 518 519 508 
155 508 519 520 509 
156 509 520 521 510 
157 510 521 522 511 
158 511 522 523 512 
159 512 523 524 513 
160 513 524 57 56 
161 21 22 525 514 
162 514 525 526 515 
163 515 526 527 516 
164 516 527 528 517 
165 517 528 529 518 
166 518 529 530 519 
167 519 530 531 520 
168 520 531 532 521 
169 521 532 533 522 
170 522 533 534 523 
171 523 534 535 524 
172 524 535 58 57 
173 22 23 536 525 
174 525 536 537 526 
175 526 537 538 527 
176 527 538 539 528 
177 528 539 540 529 
178 529 540 541 530 
179 530 541 542 531 
180 531 542 543 532 
181 532 543 544 533 
182 533 544 545 534 
183 534 545 546 535 
184 535 546 59 58 
185 23 24 547 536 
186 536 547 548 537 
187 537 548 549 538 
188 538 549 550 539 
189 539 550 551 540 
190 540 551 552 541 
191 541 552 553 542 
192 542 553 554 543 
193 543 554 555 544 
194 544 555 556 545 
195 545 556 557 546 
196 546 557 60 59 
197 24 25 558 547 
198 547 558 559 548 
199 548 559 560 549 
200 549 560 561 550 
201 550 561 562 551 
202 551 562 563 552 
203 552 563 564 553 
204 553 564 565 554 
205 554 565 566 555 
206 555 566 567 556 
207 556 567 568 557 
208 557 568 61 60 
209 25 2 100 558 
210 558 100 101 559 
211 559 101 102 560 
212 560 102 103 561 
213 561 103 104 562 
214 562 104 105 563 
215 563 105 106 564 
216 564 106 107 565 
217 565 107 108 566 
218 566 108 109 567 
219 567 109 110 568 
220 568 110 6 61 
2 17 3 120
221 2 26 569 100 
222 100 569 570 101 
223 101 570 571 102 
224 102 571 572 103 
225 103 572 573 104 
226 104 573 574 105 
227 105 574 575 106 
228 106 575 576 107 
229 107 576 577 108 
230 108 577 578 109 
231 109 578 579 110 
232 110 579 62 6 
233 26 27 580 569 
234 569 580 581 570 
235 570 581 582 571 
236 571 582 583 572 
237 572 583 584 573 
238 573 584 585 574 
239 574 585 586 575 
240 575 586 587 576 
241 576 587 588 577 
242 577 588 589 578 
243 578 589 590 579 
244 579 590 63 62 
245 27 28 591 580 
246 580 591 592 581 
247 581 592 593 582 
248 582 593 594 583 
249 583 594 595 584 
250 584 595 596 585 
251 585 596 597 586 
252 586 597 598 587 
253 587 598 599 588 
254 588 599 600 589 
255 589 600 601 590 
256 590 601 64 63 
257 28 29 602 591 
258 591 602 603 592 
259 592 603 604 593 
260 593 604 605 594 
261 594 605 606 595 
262 595 606 607 596 
263 596 607 608 597 
264 597 608 609 598 
265 598 609 610 599 
266 599 610 611 600 
267 600 611 612 601 
268 601 612 65 64 
269 29 30 613 602 
270 602 613 614 603 
271 603 614 615 604 
272 604 615 616 605 
273 605 616 617 606 
274 606 617 618 607 
275 607 618 619 608 
276 608 619 620 609 
277 609 620 621 610 
278 610 621 622 611 
279 611 622 623 612 
280 612 623 66 65 
281 30 31 624 613 
282 613 624 625 614 
283 614 625 626 615 
284 615 626 627 616 
285 616 627 628 617 
286 617 628 629 618 
287 618 629 630 619 
288 619 630 631 620 
289 620 631 632 621 
290 621 632 633 622 
291 622 633 634 623 
292 623 634 67 66 
293 31 32 635 624 
294 624 635 636 625 
295 625 636 637 626 
296 626 637 638 627 
297 627 638 639 628 
298 628 639 640 629 
299 629 640 641 630 
300 630 641 642 631 
301 631 642 643 632 
302 632 643 644 633 
303 633 644 645 634 
304 634 645 68 67 
305 32 33 646 635 
306 635 646 647 636 
307 636 647 648 637 
308 637 648 649 638 
309 638 649 650 639 
310 639 650 651 640 
311 640 651 652 641 
312 641 652 653 642 
313 642 653 654 643 
314 643 654 655 644 
315 644 655 656 645 
316 645 656 69 68 
317 33 34 657 646 
318 646 657 658 647 
319 647 658 659 648 
320 648 659 660 649 
321 649 660 661 650 
322 650 661 662 651 
323 651 662 663 652 
324 652 663 664 653 
325 653 664 665 654 
326 654 665 666 655 
327 655 666 667 656 
328 656 667 70 69 
329 34 3 111 657 
330 657 111 112 658 
331 658 112 113 659 
332 659 113 114 660 
333 660 114 115 661 
334 661 115 116 662 
335 662 116 117 663 
336 663 117 118 664 
337 664 118 119 665 
338 665 119 120 666 
339 666 120 121 667 
340 667 121 7 70 
2 21 3 120
341 3 35 668 111 
342 111 668 669 112 
343 112 669 670 113 
344 113 670 671 114 
345 114 671 672 115 
346 115 672 673 116 
347 116 673 674 117 
348 117 674 675 118 
349 118 675 676 119 
350 119 676 677 120 
351 120 677 678 121 
352 121 678 71 7 
353 35 36 679 668 
354 668 679 680 669 
355 669 680 681 670 
356 670 681 682 671 
357 671 682 683 672 
358 672 683 684 673 
359 673 684 685 674 
360 674 685 686 675 
361 675 686 687 676 
362 676 687 688 677 
363 677 688 689 678 
364 678 689 72 71 
365 36 37 690 679 
366 679 690 691 680 
367 680 691 692 681 
368 681 692 693 682 
369 682 693 694 683 
370 683 694 695 684 
371 684 695 696 685 
372 685 696 697 686 
373 686 697 698 687 
374 687 698 699 688 
375 688 699 700 689 
376 689 700 73 72 
377 37 38 701 690 
378 690 701 702 691 
379 691 702 703 692 
380 692 703 704 693 
381 693 704 705 694 
382 694 705 706 695 
383 695 706 707 696 
384 696 707 708 697 
385 697 708 709 698 
386 698 709 710 699 
387 699 710 711 700 
388 700 711 74 73 
389 38 39 712 701 
390 701 712 713 702 
391 702 713 714 703 
392 703 714 715 704 
393 704 715 716 705 
394 705 716 717 706 
395 706 717 718 707 
396 707 718 719 708 
397 708 719 720 709 
398 709 720 721 710 
399 710 721 722 711 
400 711 722 75 74 
401 39 40 723 712 
402 712 723 724 713 
403 713 724 725 714 
404 714 725 726 715 
405 715 726 727 716 
406 716 727 728 717 
407 717 728 729 718 
408 718 729 730 719 
409 719 730 731 720 
410 720 731 732 721 
411 721 732 733 722 
412 722 733 76 75 
413 40 41 734 723 
414 723 734 735 724 
415 724 735 736 725 
416 725 736 737 726 
417 726 737 738 727 
418 727 738 739 728 
419 728 739 740 729 
420 729 740 741 730 
421 730 741 742 731 
422 731 742 743 732 
423 732 743 744 733 
424 733 744 77 76 
425 41 42 745 734 
426 734 745 746 735 
427 735 746 747 736 
428 736 747 748 737 
429 737 748 749 738 
430 738 749 750 739 
431 739 750 751 740 
432 740 751 752 741 
433 741 752 753 742 
434 742 753 754 743 
435 743 754 755 744 
436 744 755 78 77 
437 42 43 756 745 
438 745 756 757 746 
439 746 757 758 747 
440 747 758 759 748 
441 748 759 760 749 
442 749 760 761 750 
443 750 761 762 751 
444 751 762 763 752 
445 752 763 764 753 
446 753 764 765 754 
447 754 765 766 755 
448 755 766 79 78 
449 43 4 122 756 
450 756 122 123 757 
451 757 123 124 758 
452 758 124 125 759 
453 759 125 126 760 
454 760 126 127 761 
455 761 127 128 762 
456 762 128 129 763 
457 763 129 130 764 
458 764 130 131 765 
459 765 131 132 766 
460 766 132 8 79 
2 25 3 120
461 4 44 767 122 
462 122 767 768 123 
463 123 768 769 124 
464 124 769 770 125 
465 125 770 771 126 
466 126 771 772 127 
467 127 772 773 128 
468 128 773 774 129 
469 129 774 775 130 
470 130 775 776 131 
471 131 776 777 132 
472 132 777 80 8 
473 44 45 778 767 
474 767 778 779 768 
475 768 779 780 769 
476 769 780 781 770 
477 770 781 782 771 
478 771 782 783 772 
479 772 783 784 773 
480 773 784 785 774 
481 774 785 786 775 
482 775 786 787 776 
483 776 787 788 777 
484 777 788 81 80 
485 45 46 789 778 
486 778 789 790 779 
487 779 790 791 780 
488 780 791 792 781 
489 781 792 793 782 
490 782 793 794 783 
491 783 794 795 784 
492 784 795 796 785 
493 785 796 797 786 
494 786 797 798 787 
495 787 798 799 788 
496 788 799 82 81 
497 46 47 800 789 
498 789 800 801 790 
499 790 801 802 791 
500 791 802 803 792 
501 792 803 804 793 
502 793 804 805 794 
503 794 805 806 795 
504 795 806 807 796 
505 796 807 808 797 
506 797 808 809 798 
507 798 809 810 799 
508 799 810 83 82 
509 47 48 811 800 
510 800 811 812 801 
511 801 812 813 802 
512 802 813 814 803 
513 803 814 815 804 
514 804 815 816 805 
515 805 816 817 806 
516 806 817 818 807 
517 807 818 819 808 
518 808 819 820 809 
519 809 820 821 810 
520 810 821 84 83 
521 48 49 822 811 
522 811 822 823 812 
523 812 823 824 813 
524 813 824 825 814 
525 814 825 826 815 
526 815 826 827 816 
527 816 827 828 817 
528 817 828 829 818 
529 818 829 830 819 
530 819 830 831 820 
531 820 831 832 821 
532 821 832 85 84 
533 49 50 833 822 
534 822 833 834 823 
535 823 834 835 824 
536 824 835 836 825 
537 825 836 837 826 
538 826 837 838 827 
539 827 838 839 828 
540 828 839 840 829 
541 829 840 841 830 
542 830 841 842 831 
543 831 842 843 832 
544 832 843 86 85 
545 50 51 844 833 
546 833 844 845 834 
547 834 845 846 835 
548 835 846 847 836 
549 836 847 848 837 
550 837 848 849 838 
551 838 849 850 839 
552 839 850 851 840 
553 840 851 852 841 
554 841 852 853 842 
555 842 853 854 843 
556 843 854 87 86 
557 51 52 855 844 
558 844 855 856 845 
559 845 856 857 846 
560 846 857 858 847 
561 847 858 859 848 
562 848 859 860 849 
563 849 860 861 850 
564 850 861 862 851 
565 851 862 863 852 
566 852 863 864 853 
567 853 864 865 854 
568 854 865 88 87 
569 52 1 89 855 
570 855 89 90 856 
571 856 90 91 857 
572 857 91 92 858 
573 858 92 93 859 
574 859 93 94 860 
575 860 94 95 861 
576 861 95 96 862 
577 862 96 97 863 
578 863 97 98 864 
579 864 98 99 865 
580 865 99 5 88 
2 35 3 360
581 5 53 947 169 
582 169 947 948 170 
583 170 948 949 171 
584 171 949 950 172 
585 172 950 951 173 
586 173 951 952 174 
587 174 952 953 175 
588 175 953 954 176 
589 176 954 955 177 
590 177 955 956 178 
591 178 956 957 179 
592 179 957 958 180 
593 180 958 959 181 
594 181 959 960 182 
595 182 960 961 183 
596 183 961 962 184 
597 184 962 963 185 
598 185 963 964 186 
599 186 964 965 187 
600 187 965 966 188 
601 188 966 967 189 
602 189 967 968 190 
603 190 968 969 191 
604 191 969 970 192 
605 192 970 971 193 
606 193 971 972 194 
607 194 972 973 195 
608 195 973 974 196 
609 196 974 975 197 
610 197 975 976 198 
611 198 976 977 199 
612 199 977 978 200 
613 200 978 979 201 
614 201 979 980 202 
615 202 980 981 203 
616 203 981 133 9 
617 53 54 982 947 
618 947 982 983 948 
619 948 983 984 949 
620 949 984 985 950 
621 950 985 986 951 
622 951 986 987 952 
623 952 987 988 953 
624 953 988 989 954 
625 954 989 990 955 
626 955 990 991 956 
627 956 991 992 957 
628 957 992 993 958 
629 958 993 994 959 
630 959 994 995 960 
631 960 995 996 961 
632 961 996 997 962 
633 962 997 998 963 
634 963 998 999 964 
635 964 999 1000 965 
636 965 1000 1001 966 
637 966 1001 1002 967 
638 967 1002 1003 968 
639 968 1003 1004 969 
640 969 1004 1005 970 
641 970 1005 1006 971 
642 971 1006 1007 972 
643 972 1007 1008 973 
644 973 1008 1009 974 
645 974 1009 1010 975 
646 975 1010 1011 976 
647 976 1011 1012 977 
648 977 1012 1013 978 
649 978 1013 1014 979 
650 979 1014 1015 980 
651 980 1015 1016 981 
652 981 1016 134 133 
653 54 55 1017 982 
654 982 1017 1018 983 
655 983 1018 1019 984 
656 984 1019 1020 985 
657 985 1020 1021 986 
658 986 1021 1022 987 
659 987 1022 1023 988 
660 988 1023 1024 989 
661 989 1024 1025 990 
662 990 1025 1026 991 
663 991 1026 1027 992 
664 992 1027 1028 993 
665 993 1028 1029 994 
666 994 1029 1030 995 
667 995 1030 1031 996 
668 996 1031 1032 997 
669 997 1032 1033 998 
670 998 1033 1034 999 
671 999 1034 1035 1000 
672 1000 1035 1036 1001 
673 1001 1036 1037 1002 
674 1002 1037 1038 1003 
675 1003 1038 1039 1004 
676 1004 1039 1040 1005 
677 1005 1040 1041 1006 
678 1006 1041 1042 1007 
679 1007 1042 1043 1008 
680 1008 1043 1044 1009 
681 1009 1044 1045 1010 
682 1010 1045 1046 1011 
683 1011 1046 1047 1012 
684 1012 1047 1048 1013 
685 1013 1048 1049 1014 
686 1014 1049 1050 1015 
687 1015 1050 1051 1016 
688 1016 1051 135 134 
689 55 56 1052 1017 
690 1017 1052 1053 1018 
691 1018 1053 1054 1019 
692 1019 1054 1055 1020 
693 1020 1055 1056 1021 
694 1021 1056 1057 1022 
695 1022 1057 1058 1023 
696 1023 1058 1059 1024 
697 1024 1059 1060 1025 
698 1025 1060 1061 1026 
699 1026 1061 1062 1027 
700 1027 1062 1063 1028 
701 1028 1063 1064 1029 
702 1029 1064 1065 1030 
703 1030 1065 1066 1031 
704 1031 1066 1067 1032 
705 1032 1067 1068 1033 
706 1033 1068 1069 1034 
707 1034 1069 1070 1035 
708 1035 1070 1071 1036 
709 1036 1071 1072 1037 
710 1037 1072 1073 1038 
711 1038 1073 1074 1039 
712 1039 1074 1075 1040 
713 1040 1075 1076 1041 
714 1041 1076 1077 1042 
715 1042 1077 1078 1043 
716 1043 1078 1079 1044 
717 1044 1079 1080 1045 
718 1045 1080 1081 1046 
719 1046 1081 1082 1047 
720 1047 1082 1083 1048 
721 1048 1083 1084 1049 
722 1049 1084 1085 1050 
723 1050 1085 1086 1051 
724 1051 1086 136 135 
725 56 57 1087 1052 
726 1052 1087 1088 1053 
727 1053 1088 1089 1054 
728 1054 1089 1090 1055 
729 1055 1090 1091 1056 
730 1056 1091 1092 1057 
731 1057 1092 1093 1058 
732 1058 1093 1094 1059 
733 1059 1094 1095 1060 
734 1060 1095 1096 1061 
735 1061 1096 1097 1062 
736 1062 1097 1098 1063 
737 1063 1098 1099 1064 
738 1064 1099 1100 1065 
739 1065 1100 1101 1066 
740 1066 1101 1102 1067 
741 1067 1102 1103 1068 
742 1068 1103 1104 1069 
743 1069 1104 1105 1070 
744 1070 1105 1106 1071 
745 1071 1106 1107 1072 
746 1072 1107 1108 1073 
747 1073 1108 1109 1074 
748 1074 1109 1110 1075 
749 1075 1110 1111 1076 
750 1076 1111 1112 1077 
751 1077 1112 1113 1078 
752 1078 1113 1114 1079 
753 1079 1114 1115 1080 
754 1080 1115 1116 1081 
755 1081 1116 1117 1082 
756 1082 1117 1118 1083 
757 1083 1118 1119 1084 
758 1084 1119 1120 1085 
759 1085 1120 1121 1086 
760 1086 1121 137 136 
761 57 58 1122 1087 
762 1087 1122 1123 1088 
763 1088 1123 1124 1089 
764 1089 1124 1125 1090 
765 1090 1125 1126 1091 
766 1091 1126 1127 1092 
767 1092 1127 1128 1093 
768 1093 1128 1129 1094 
769 1094 1129 1130 1095 
770 1095 1130 1131 1096 
771 1096 1131 1132 1097 
772 1097 1132 1133 1098 
773 1098 1133 1134 1099 
774 1099 1134 1135 1100 
775 1100 1135 1136 1101 
776 1101 1136 1137 1102 
777 1102 1137 1138 1103 
778 1103 1138 1139 1104 
779 1104 1139 1140 1105 
780 1105 1140 1141 1106 
781 1106 1141 1142 1107 
782 1107 1142 1143 1108 
783 1108 1143 1144 1109 
784 1109 1144 1145 1110 
785 1110 1145 1146 1111 
786 1111 1146 1147 1112 
787 1112 1147 1148 1113 
788 1113 1148 1149 1114 
789 1114 1149 1150 1115 
790 1115 1150 1151 1116 
791 1116 1151 1152 1117 
792 1117 1152 1153 1118 
793 1118 1153 1154 1119 
794 1119 1154 1155 1120 
795 1120 1155 1156 1121 
796 1121 1156 138 137 
797 58 59 1157 1122 
798 1122 1157 1158 1123 
799 1123 1158 1159 1124 
800 1124 1159 1160 1125 
801 1125 1160 1161 1126 
802 1126 1161 1162 1127 
803 1127 1162 1163 1128 
804 1128 1163 1164 1129 
805 1129 1164 1165 1130 
806 1130 1165 1166 1131 
807 1131 1166 1167 1132 
808 1132 1167 1168 1133 
809 1133 1168 1169 1134 
810 1134 1169 1170 1135 
811 1135 1170 1171 1136 
812 1136 1171 1172 1137 
813 1137 1172 1173 1138 
814 1138 1173 1174 1139 
815 1139 1174 1175 1140 
816 1140 1175 1176 1141 
817 1141 1176 1177 1142 
818 1142 1177 1178 1143 
819 1143 1178 1179 1144 
820 1144 1179 1180 1145 
821 1145 1180 1181 1146 
822 1146 1181 1182 1147 
823 1147 1182 1183 1148 
824 1148 1183 1184 1149 
825 1149 1184 1185 1150 
826 1150 1185 1186 1151 
827 1151 1186 1187 1152 
828 1152 1187 1188 1153 
829 1153 1188 1189 1154 
830 1154 1189 1190 1155 
831 1155 1190 1191 1156 
832 1156 1191 139 138 
833 59 60 1192 1157 
834 1157 1192 1193 1158 
835 1158 1193 1194 1159 
836 1159 1194 1195 1160 
837 1160 1195 1196 1161 
838 1161 1196 1197 1162 
839 1162 1197 1198 1163 
840 1163 1198 1199 1164 
841 1164 1199 1200 1165 
842 1165 1200 1201 1166 
843 1166 1201 1202 1167 
844 1167 1202 1203 1168 
845 1168 1203 1204 1169 
846 1169 1204 1205 1170 
847 1170 1205 1206 1171 
848 1171 1206 1207 1172 
849 1172 1207 1208 1173 
850 1173 1208 1209 1174 
851 1174 1209 1210 1175 
852 1175 1210 1211 1176 
853 1176 1211 1212 1177 
854 1177 1212 1213 1178 
855 1178 1213 1214 1179 
856 1179 1214 1215 1180 
857 1180 1215 1216 1181 
858 1181 1216 1217 1182 
859 1182 1217 1218 1183 
860 1183 1218 1219 1184 
861 1184 1219 1220 1185 
862 1185 1220 1221 1186 
863 1186 1221 1222 1187 
864 1187 1222 1223 1188 
865 1188 1223 1224 1189 
866 1189 1224 1225 1190 
867 1190 1225 1226 1191 
868 1191 1226 140 139 
869 60 61 1227 1192 
870 1192 1227 1228 1193 
871 1193 1228 1229 1194 
872 1194 1229 1230 1195 
873 1195 1230 1231 1196 
874 1196 1231 1232 1197 
875 1197 1232 1233 1198 
876 1198 1233 1234 1199 
877 1199 1234 1235 1200 
878 1200 1235 1236 1201 
879 1201 1236 1237 1202 
880 1202 1237 1238 1203 
881 1203 1238 1239 1204 
882 1204 1239 1240 1205 
883 1205 1240 1241 1206 
884 1206 1241 1242 1207 
885 1207 1242 1243 1208 
886 1208 1243 1244 1209 
887 1209 1244 1245 1210 
888 1210 1245 1246 1211 
889 1211 1246 1247 1212 
890 1212 1247 1248 1213 
891 1213 1248 1249 1214 
892 1214 1249 1250 1215 
893 1215 1250 1251 1216 
894 1216 1251 1252 1217 
895 1217 1252 1253 1218 
896 1218 1253 1254 1219 
897 1219 1254 1255 1220 
898 1220 1255 1256 1221 
899 1221 1256 1257 1222 
900 1222 1257 1258 1223 
901 1223 1258 1259 1224 
902 1224 1259 1260 1225 
903 1225 1260 1261 1226 
904 1226 1261 141 140 
905 61 6 204 1227 
906 1227 204 205 1228 
907 1228 205 206 1229 
908 1229 206 207 1230 
909 1230 207 208 1231 
910 1231 208 209 1232 
911 1232 209 210 1233 
912 1233 210 211 1234 
913 1234 211 212 1235 
914 1235 212 213 1236 
915 1236 213 214 1237 
916 1237 214 215 1238 
917 1238 215 216 1239 
918 1239 216 217 1240 
919 1240 217 218 1241 
920 1241 218 219 1242 
921 1242 219 220 1243 
922 1243 220 221 1244 
923 1244 221 222 1245 
924 1245 222 223 1246 
925 1246 223 224 1247 
926 1247 224 225 1248 
927 1248 225 226 1249 
928 1249 226 227 1250 
929 1250 227 228 1251 
930 1251 228 229 1252 
931 1252 229 230 1253 
932 1253 230 231 1254 
933 1254 231 232 1255 
934 1255 232 233 1256 
935 1256 233 234 1257 
936 1257 234 235 1258 
937 1258 235 236 1259 
938 1259 236 237 1260 
939 1260 237 238 1261 
940 1261 238 10 141 
2 39 3 360
941 6 62 1262 204 
942 204 1262 1263 205 
943 205 1263 1264 206 
944 206 1264 1265 207 
945 207 1265 1266 208 
946 208 1266 1267 209 
947 209 1267 1268 210 
948 210 1268 1269 211 
949 211 1269 1270 212 
950 212 1270 1271 213 
951 213 1271 1272 214 
952 214 1272 1273 215 
953 215 1273 1274 216 
954 216 1274 1275 217 
955 217 1275 1276 218 
956 218 1276 1277 219 
957 219 1277 1278 220 
958 220 1278 1279 221 
959 221 1279 1280 222 
960 222 1280 1281 223 
961 223 1281 1282 224 
962 224 1282 1283 225 
963 225 1283 1284 226 
964 226 1284 1285 227 
965 227 1285 1286 228 
966 228 1286 1287 229 
967 229 1287 1288 230 
968 230 1288 1289 231 
969 231 1289 1290 232 
970 232 1290 1291 233 
971 233 1291 1292 234 
972 234 1292 1293 235 
973 235 1293 1294 236 
974 236 1294 1295 237 
975 237 1295 1296 238 
976 238 1296 142 10 
977 62 63 1297 1262 
978 1262 1297 1298 1263 
979 1263 1298 1299 1264 
980 1264 1299 1300 1265 
981 1265 1300 1301 1266 
982 1266 1301 1302 1267 
983 1267 1302 1303 1268 
984 1268 1303 1304 1269 
985 1269 1304 1305 1270 
986 1270 1305 1306 1271 
987 1271 1306 1307 1272 
988 1272 1307 1308 1273 
989 1273 1308 1309 1274 
990 1274 1309 1310 1275 
991 1275 1310 1311 1276 
992 1276 1311 1312 1277 
993 1277 1312 1313 1278 
994 1278 1313 1314 1279 
995 1279 1314 1315 1280 
996 1280 1315 1316 1281 
997 1281 1316 1317 1282 
998 1282 1317 1318 1283 
999 1283 1318 1319 1284 
1000 1284 1319 1320 1285 
1001 1285 1320 1321 1286 
1002 1286 1321 1322 1287 
1003 1287 1322 1323 1288 
1004 1288 1323 1324 1289 
1005 1289 1324 1325 1290 
1006 1290 1325 1326 1291 
1007 1291 1326 1327 1292 
1008 1292 1327 1328 1293 
1009 1293 1328 1329 1294 
1010 1294 1329 1330 1295 
1011 1295 1330 1331 1296 
1012 1296 1331 143 142 
1013 63 64 1332 1297 
1014 1297 1332 1333 1298 
1015 1298 1333 1334 1299 
1016 1299 1334 1335 1300 
1017 1300 1335 1336 1301 
1018 1301 1336 1337 1302 
1019 1302 1337 1338 1303 
1020 1303 1338 1339 1304 
1021 1304 1339 1340 1305 
1022 1305 1340 1341 1306 
1023 1306 1341 1342 1307 
1024 1307 1342 1343 1308 
1025 1308 1343 1344 1309 
1026 1309 1344 1345 1310 
1027 1310 1345 1346 1311 
1028 1311 1346 1347 1312 
1029 1312 1347 1348 1313 
1030 1313 1348 1349 1314 
1031 1314 1349 1350 1315 
1032 1315 1350 1351 1316 
1033 1316 1351 1352 1317 
1034 1317 1352 1353 1318 
1035 1318 1353 1354 1319 
1036 1319 1354 1355 1320 
1037 1320 1355 1356 1321 
1038 1321 1356 1357 1322 
1039 1322 1357 1358 1323 
1040 1323 1358 1359 1324 
1041 1324 1359 1360 1325 
1042 1325 1360 1361 1326 
1043 1326 1361 1362 1327 
1044 1327 1362 1363 1328 
1045 1328 1363 1364 1329 
1046 1329 1364 1365 1330 
1047 1330 1365 1366 1331 
1048 1331 1366 144 143 
1049 64 65 1367 1332 
1050 1332 1367 1368 1333 
1051 1333 1368 1369 1334 
1052 1334 1369 1370 1335 
1053 1335 1370 1371 1336 
1054 1336 1371 1372 1337 
1055 1337 1372 1373 1338 
1056 1338 1373 1374 1339 
1057 1339 1374 1375 1340 
1058 1340 1375 1376 1341 
1059 1341 1376 1377 1342 
1060 1342 1377 1378 1343 
1061 1343 1378 1379 1344 
1062 1344 1379 1380 1345 
1063 1345 1380 1381 1346 
1064 1346 1381 1382 1347 
1065 1347 1382 1383 1348 
1066 1348 1383 1384 1349 
1067 1349 1384 1385 1350 
1068 1350 1385 1386 1351 
1069 1351 1386 1387 1352 
1070 1352 1387 1388 1353 
1071 1353 1388 1389 1354 
1072 1354 1389 1390 1355 
1073 1355 1390 1391 1356 
1074 1356 1391 1392 1357 
1075 1357 1392 1393 1358 
1076 1358 1393 1394 1359 
1077 1359 1394 1395 1360 
1078 1360 1395 1396 1361 
1079 1361 1396 1397 1362 
1080 1362 1397 1398 1363 
1081 1363 1398 1399 1364 
1082 1364 1399 1400 1365 
1083 1365 1400 1401 1366 
1084 1366 1401 145 144 
1085 65 66 1402 1367 
1086 1367 1402 1403 1368 
1087 1368 1403 1404 1369 
1088 1369 1404 1405 1370 
1089 1370 1405 1406 1371 
1090 1371 1406 1407 1372 
1091 1372 1407 1408 1373 
1092 1373 1408 1409 1374 
1093 1374 1409 1410 1375 
1094 1375 1410 1411 1376 
1095 1376 1411 1412 1377 
1096 1377 1412 1413 1378 
1097 1378 1413 1414 1379 
1098 1379 1414 1415 1380 
1099 1380 1415 1416 1381 
1100 1381 1416 1417 1382 
1101 1382 1417 1418 1383 
1102 1383 1418 1419 1384 
1103 1384 1419 1420 1385 
1104 1385 1420 1421 1386 
1105 1386 1421 1422 1387 
1106 1387 1422 1423 1388 
1107 1388 1423 1424 1389 
1108 1389 1424 1425 1390 
1109 1390 1425 1426 1391 
1110 1391 1426 1427 1392 
1111 1392 1427 1428 1393 
1112 1393 1428 1429 1394 
1113 1394 1429 1430 1395 
1114 1395 1430 1431 1396 
1115 1396 1431 1432 1397 
1116 1397 1432 1433 1398 
1117 1398 1433 1434 1399 
1118 1399 1434 1435 1400 
1119 1400 1435 1436 1401 
1120 1401 1436 146 145 
1121 66 67 1437 1402 
1122 1402 1437 1438 1403 
1123 1403 1438 1439 1404 
1124 1404 1439 1440 1405 
1125 1405 1440 1441 1406 
1126 1406 1441 1442 1407 
1127 1407 1442 1443 1408 
1128 1408 1443 1444 1409 
1129 1409 1444 1445 1410 
1130 1410 1445 1446 1411 
1131 1411 1446 1447 1412 
1132 1412 1447 1448 1413 
1133 1413 1448 1449 1414 
1134 1414 1449 1450 1415 
1135 1415 1450 1451 1416 
1136 1416 1451 1452 1417 
1137 1417 1452 1453 1418 
1138 1418 1453 1454 1419 
1139 1419 1454 1455 1420 
1140 1420 1455 1456 1421 
1141 1421 1456 1457 1422 
1142 1422 1457 1458 1423 
1143 1423 1458 1459 1424 
1144 1424 1459 1460 1425 
1145 1425 1460 1461 1426 
1146 1426 1461 1462 1427 
1147 1427 1462 1463 1428 
1148 1428 1463 1464 1429 
1149 1429 1464 1465 1430 
1150 1430 1465 1466 1431 
1151 1431 1466 1467 1432 
1152 1432 1467 1468 1433 
1153 1433 1468 1469 1434 
1154 1434 1469 1470 1435 
1155 1435 1470 1471 1436 
1156 1436 1471 147 146 
1157 67 68 1472 1437 
1158 1437 1472 1473 1438 
1159 1438 1473 1474 1439 
1160 1439 1474 1475 1440 
1161 1440 1475 1476 1441 
1162 1441 1476 1477 1442 
1163 1442 1477 1478 1443 
1164 1443 1478 1479 1444 
1165 1444 1479 1480 1445 
1166 1445 1480 1481 1446 
1167 1446 1481 1482 1447 
1168 1447 1482 1483 1448 
1169 1448 1483 1484 1449 
1170 1449 1484 1485 1450 
1171 1450 1485 1486 1451 
1172 1451 1486 1487 1452 
1173 1452 1487 1488 1453 
1174 1453 1488 1489 1454 
1175 1454 1489 1490 1455 
1176 1455 1490 1491 1456 
1177 1456 1491 1492 1457 
1178 1457 1492 1493 1458 
1179 1458 1493 1494 1459 
1180 1459 1494 1495 1460 
1181 1460 1495 1496 1461 
1182 1461 1496 1497 1462 
1183 1462 1497 1498 1463 
1184 1463 1498 1499 1464 
1185 1464 1499 1500 1465 
1186 1465 1500 1501 1466 
1187 1466 1501 1502 1467 
1188 1467 1502 1503 1468 
1189 1468 1503 1504 1469 
1190 1469 1504 1505 1470 
1191 1470 1505 1506 1471 
1192 1471 1506 148 147 
1193 68 69 1507 1472 
1194 1472 1507 1508 1473 
1195 1473 1508 1509 1474 
1196 1474 1509 1510 1475 
1197 1475 1510 1511 1476 
1198 1476 1511 1512 1477 
1199 1477 1512 1513 1478 
1200 1478 1513 1514 1479 
1201 1479 1514 1515 1480 
1202 1480 1515 1516 1481 
1203 1481 1516 1517 1482 
1204 1482 1517 1518 1483 
1205 1483 1518 1519 1484 
1206 1484 1519 1520 1485 
1207 1485 1520 1521 1486 
1208 1486 1521 1522 1487 
1209 1487 1522 1523 1488 
1210 1488 1523 1524 1489 
1211 1489 1524 1525 1490 
1212 1490 1525 1526 1491 
1213 1491 1526 1527 1492 
1214 1492 1527 1528 1493 
1215 1493 1528 1529 1494 
1216 1494 1529 1530 1495 
1217 1495 1530 1531 1496 
1218 1496 1531 1532 1497 
1219 1497 1532 1533 1498 
1220 1498 1533 1534 1499 
1221 1499 1534 1535 1500 
1222 1500 1535 1536 1501 
1223 1501 1536 1537 1502 
1224 1502 1537 1538 1503 
1225 1503 1538 1539 1504 
1226 1504 1539 1540 1505 
1227 1505 1540 1541 1506 
1228 1506 1541 149 148 
1229 69 70 1542 1507 
1230 1507 1542 1543 1508 
1231 1508 1543 1544 1509 
1232 1509 1544 1545 1510 
1233 1510 1545 1546 1511 
1234 1511 1546 1547 1512 
1235 1512 1547 1548 1513 
1236 1513 1548 1549 1514 
1237 1514 1549 1550 1515 
1238 1515 1550 1551 1516 
1239 1516 1551 1552 1517 
1240 1517 1552 1553 1518 
1241 1518 1553 1554 1519 
1242 1519 1554 1555 1520 
1243 1520 1555 1556 1521 
1244 1521 1556 1557 1522 
1245 1522 1557 1558 1523 
1246 1523 1558 1559 1524 
1247 1524 1559 1560 1525 
1248 1525 1560 1561 1526 
1249 1526 1561 1562 1527 
1250 1527 1562 1563 1528 
1251 1528 1563 1564 1529 
1252 1529 1564 1565 1530 
1253 1530 1565 1566 1531 
1254 1531 1566 1567 1532 
1255 1532 1567 1568 1533 
1256 1533 1568 1569 1534 
1257 1534 1569 1570 1535 
1258 1535 1570 1571 1536 
1259 1536 1571 1572 1537 
1260 1537 1572 1573 1538 
1261 1538 1573 1574 1539 
1262 1539 1574 1575 1540 
1263 1540 1575 1576 1541 
1264 1541 1576 150 149 
1265 70 7 239 1542 
1266 1542 239 240 1543 
1267 1543 240 241 1544 
1268 1544 241 242 1545 
1269 1545 242 243 1546 
1270 1546 243 244 1547 
1271 1547 244 245 1548 
1272 1548 245 246 1549 
1273 1549 246 247 1550 
1274 1550 247 248 1551 
1275 1551 248 249 1552 
1276 1552 249 250 1553 
1277 1553 250 251 1554 
1278 1554 251 252 1555 
1279 1555 252 253 1556 
1280 1556 253 254 1557 
1281 1557 254 255 1558 
1282 1558 255 256 1559 
1283 1559 256 257 1560 
1284 1560 257 258 1561 
1285 1561 258 259 1562 
1286 1562 259 260 1563 
1287 1563 260 261 1564 
1288 1564 261 262 1565 
1289 1565 262 263 1566 
1290 1566 263 264 1567 
1291 1567 264 265 1568 
1292 1568 265 266 1569 
1293 1569 266 267 1570 
1294 1570 267 268 1571 
1295 1571 268 269 1572 
1296 1572 269 270 1573 
1297 1573 270 271 1574 
1298 1574 271 272 1575 
1299 1575 272 273 1576 
1300 1576 273 11 150 
2 43 3 360
1301 7 71 1577 239 
1302 239 1577 1578 240 
1303 240 1578 1579 241 
1304 241 1579 1580 242 
1305 242 1580 1581 243 
1306 243 1581 1582 244 
1307 244 1582 1583 245 
1308 245 1583 1584 246 
1309 246 1584 1585 247 
1310 247 1585 1586 248 
1311 248 1586 1587 249 
1312 249 1587 1588 250 
1313 250 1588 1589 251 
1314 251 1589 1590 252 
1315 252 1590 1591 253 
1316 253 1591 1592 254 
1317 254 1592 1593 255 
1318 255 1593 1594 256 
1319 256 1594 1595 257 
1320 257 1595 1596 258 
1321 258 1596 1597 259 
1322 259 1597 1598 260 
1323 260 1598 1599 261 
1324 261 1599 1600 262 
1325 262 1600 1601 263 
1326 263 1601 1602 264 
1327 264 1602 1603 265 
1328 265 1603 1604 266 
1329 266 1604 1605 267 
1330 267 1605 1606 268 
1331 268 1606 1607 269 
1332 269 1607 1608 270 
1333 270 1608 1609 271 
1334 271 1609 1610 272 
1335 272 1610 1611 273 
1336 273 1611 151 11 
1337 71 72 1612 1577 
1338 1577 1612 1613 1578 
1339 1578 1613 1614 1579 
1340 1579 1614 1615 1580 
1341 1580 1615 1616 1581 
1342 1581 1616 1617 1582 
1343 1582 1617 1618 1583 
1344 1583 1618 1619 1584 
1345 1584 1619 1620 1585 
1346 1585 1620 1621 1586 
1347 1586 1621 1622 1587 
1348 1587 1622 1623 1588 
1349 1588 1623 1624 1589 
1350 1589 1624 1625 1590 
1351 1590 1625 1626 1591 
1352 1591 1626 1627 1592 
1353 1592 1627 1628 1593 
1354 1593 1628 1629 1594 
1355 1594 1629 1630 1595 
1356 1595 1630 1631 1596 
1357 1596 1631 1632 1597 
1358 1597 1632 1633 1598 
1359 1598 1633 1634 1599 
1360 1599 1634 1635 1600 
1361 1600 1635 1636 1601 
1362 1601 1636 1637 1602 
1363 1602 1637 1638 1603 
1364 1603 1638 1639 1604 
1365 1604 1639 1640 1605 
1366 1605 1640 1641 1606 
1367 1606 1641 1642 1607 
1368 1607 1642 1643 1608 
1369 1608 1643 1644 1609 
1370 1609 1644 1645 1610 
1371 1610 1645 1646 1611 
1372 1611 1646 152 151 
1373 72 73 1647 1612 
1374 1612 1647 1648 1613 
1375 1613 1648 1649 1614 
1376 1614 1649 1650 1615 
1377 1615 1650 1651 1616 
1378 1616 1651 1652 1617 
1379 1617 1652 1653 1618 
1380 1618 1653 1654 1619 
1381 1619 1654 1655 1620 
1382 1620 1655 1656 1621 
1383 1621 1656 1657 1622 
1384 1622 1657 1658 1623 
1385 1623 1658 1659 1624 
1386 1624 1659 1660 1625 
1387 1625 1660 1661 1626 
1388 1626 1661 1662 1627 
1389 1627 1662 1663 1628 
1390 1628 1663 1664 1629 
1391 1629 1664 1665 1630 
1392 1630 1665 1666 1631 
1393 1631 1666 1667 1632 
1394 1632 1667 1668 1633 
1395 1633 1668 1669 1634 
1396 1634 1669 1670 1635 
1397 1635 1670 1671 1636 
1398 1636 1671 1672 1637 
1399 1637 1672 1673 1638 
1400 1638 1673 1674 1639 
1401 1639 1674 1675 1640 
1402 1640 1675 1676 1641 
1403 1641 1676 1677 1642 
1404 1642 1677 1678 1643 
1405 1643 1678 1679 1644 
1406 1644 1679 1680 1645 
1407 1645 1680 1681 1646 
1408 1646 1681 153 152 
1409 73 74 1682 1647 
1410 1647 1682 1683 1648 
1411 1648 1683 1684 1649 
1412 1649 1684 1685 1650 
1413 1650 1685 1686 1651 
1414 1651 1686 1687 1652 
1415 1652 1687 1688 1653 
1416 1653 1688 1689 1654 
1417 1654 1689 1690 1655 
1418 1655 1690 1691 1656 
1419 1656 1691 1692 1657 
1420 1657 1692 1693 1658 
1421 1658 1693 1694 1659 
1422 1659 1694 1695 1660 
1423 1660 1695 1696 1661 
1424 1661 1696 1697 1662 
1425 1662 1697 1698 1663 
1426 1663 1698 1699 1664 
1427 1664 1699 1700 1665 
1428 1665 1700 1701 1666 
1429 1666 1701 1702 1667 
1430 1667 1702 1703 1668 
1431 1668 1703 1704 1669 
1432 1669 1704 1705 1670 
1433 1670 1705 1706 1671 
1434 1671 1706 1707 1672 
1435 1672 1707 1708 1673 
1436 1673 1708 1709 1674 
1437 1674 1709 1710 1675 
1438 1675 1710 1711 1676 
1439 1676 1711 1712 1677 
1440 1677 1712 1713 1678 
1441 1678 1713 1714 1679 
1442 1679 1714 1715 1680 
1443 1680 1715 1716 1681 
1444 1681 1716 154 153 
1445 74 75 1717 1682 
1446 1682 1717 1718 1683 
1447 1683 1718 1719 1684 
1448 1684 1719 1720 1685 
1449 1685 1720 1721 1686 
1450 1686 1721 1722 1687 
1451 1687 1722 1723 1688 
1452 1688 1723 1724 1689 
1453 1689 1724 1725 1690 
1454 1690 1725 1726 1691 
1455 1691 1726 1727 1692 
1456 1692 1727 1728 1693 
1457 1693 1728 1729 1694 
1458 1694 1729 1730 1695 
1459 1695 1730 1731 1696 
1460 1696 1731 1732 1697 
1461 1697 1732 1733 1698 
1462 1698 1733 1734 1699 
1463 1699 1734 1735 1700 
1464 1700 1735 1736 1701 
1465 1701 1736 1737 1702 
1466 1702 1737 1738 1703 
1467 1703 1738 1739 1704 
1468 1704 1739 1740 1705 
1469 1705 1740 1741 1706 
1470 1706 1741 1742 1707 
1471 1707 1742 1743 1708 
1472 1708 1743 1744 1709 
1473 1709 1744 1745 1710 
1474 1710 1745 1746 1711 
1475 1711 1746 1747 1712 
1476 1712 1747 1748 1713 
1477 1713 1748 1749 1714 
1478 1714 1749 1750 1715 
1479 1715 1750 1751 1716 
1480 1716 1751 155 154 
1481 75 76 1752 1717 
1482 1717 1752 1753 1718 
1483 1718 1753 1754 1719 
1484 1719 1754 1755 1720 
1485 1720 1755 1756 1721 
1486 1721 1756 1757 1722 
1487 1722 1757 1758 1723 
1488 1723 1758 1759 1724 
1489 1724 1759 1760 1725 
1490 1725 1760 1761 1726 
1491 1726 1761 1762 1727 
1492 1727 1762 1763 1728 
1493 1728 1763 1764 1729 
1494 1729 1764 1765 1730 
1495 1730 1765 1766 1731 
1496 1731 1766 1767 1732 
1497 1732 1767 1768 1733 
1498 1733 1768 1769 1734 
1499 1734 1769 1770 1735 
1500 1735 1770 1771 1736 
1501 1736 1771 1772 1737 
1502 1737 1772 1773 1738 
1503 1738 1773 1774 1739 
1504 1739 1774 1775 1740 
1505 1740 1775 1776 1741 
1506 1741 1776 1777 1742 
1507 1742 1777 1778 1743 
1508 1743 1778 1779 1744 
1509 1744 1779 1780 1745 
1510 1745 1780 1781 1746 
1511 1746 1781 1782 1747 
1512 1747 1782 1783 1748 
1513 1748 1783 1784 1749 
1514 1749 1784 1785 1750 
1515 1750 1785 1786 1751 
1516 1751 1786 156 155 
1517 76 77 1787 1752 
1518 1752 1787 1788 1753 
1519 1753 1788 1789 1754 
1520 1754 1789 1790 1755 
1521 1755 1790 1791 1756 
1522 1756 1791 1792 1757 
1523 1757 1792 1793 1758 
1524 1758 1793 1794 1759 
1525 1759 1794 1795 1760 
1526 1760 1795 1796 1761 
1527 1761 1796 1797 1762 
1528 1762 1797 1798 1763 
1529 1763 1798 1799 1764 
1530 1764 1799 1800 1765 
1531 1765 1800 1801 1766 
1532 1766 1801 1802 1767 
1533 1767 1802 1803 1768 
1534 1768 1803 1804 1769 
1535 1769 1804 1805 1770 
1536 1770 1805 1806 1771 
1537 1771 1806 1807 1772 
1538 1772 1807 1808 1773 
1539 1773 1808 1809 1774 
1540 1774 1809 1810 1775 
1541 1775 1810 1811 1776 
1542 1776 1811 1812 1777 
1543 1777 1812 1813 1778 
1544 1778 1813 1814 1779 
1545 1779 1814 1815 1780 
1546 1780 1815 1816 1781 
1547 1781 1816 1817 1782 
1548 1782 1817 1818 1783 
1549 1783 1818 1819 1784 
1550 1784 1819 1820 1785 
1551 1785 1820 1821 1786 
1552 1786 1821 157 156 
1553 77 78 1822 1787 
1554 1787 1822 1823 1788 
1555 1788 1823 1824 1789 
1556 1789 1824 1825 1790 
1557 1790 1825 1826 1791 
1558 1791 1826 1827 1792 
1559 1792 1827 1828 1793 
1560 1793 1828 1829 1794 
1561 1794 1829 1830 1795 
1562 1795 1830 1831 1796 
1563 1796 1831 1832 1797 
1564 1797 1832 1833 1798 
1565 1798 1833 1834 1799 
1566 1799 1834 1835 1800 
1567 1800 1835 1836 1801 
1568 1801 1836 1837 1802 
1569 1802 1837 1838 1803 
1570 1803 1838 1839 1804 
1571 1804 1839 1840 1805 
1572 1805 1840 1841 1806 
1573 1806 1841 1842 1807 
1574 1807 1842 1843 1808 
1575 1808 1843 1844 1809 
1576 1809 1844 1845 1810 
1577 1810 1845 1846 1811 
1578 1811 1846 1847 1812 
1579 1812 1847 1848 1813 
1580 1813 1848 1849 1814 
1581 1814 1849 1850 1815 
1582 1815 1850 1851 1816 
1583 1816 1851 1852 1817 
1584 1817 1852 1853 1818 
1585 1818 1853 1854 1819 
1586 1819 1854 1855 1820 
1587 1820 1855 1856 1821 
1588 1821 1856 158 157 
1589 78 79 1857 1822 
1590 1822 1857 1858 1823 
1591 1823 1858 1859 1824 
1592 1824 1859 1860 1825 
1593 1825 1860 1861 1826 
1594 1826 1861 1862 1827 
1595 1827 1862 1863 1828 
1596 1828 1863 1864 1829 
1597 1829 1864 1865 1830 
1598 1830 1865 1866 1831 
1599 1831 1866 1867 1832 
1600 1832 1867 1868 1833 
1601 1833 1868 1869 1834 
1602 1834 1869 1870 1835 
1603 1835 1870 1871 1836 
1604 1836 1871 1872 1837 
1605 1837 1872 1873 1838 
1606 1838 1873 1874 1839 
1607 1839 1874 1875 1840 
1608 1840 1875 1876 1841 
1609 1841 1876 1877 1842 
1610 1842 1877 1878 1843 
1611 1843 1878 1879 1844 
1612 1844 1879 1880 1845 
1613 1845 1880 1881 1846 
1614 1846 1881 1882 1847 
1615 1847 1882 1883 1848 
1616 1848 1883 1884 1849 
1617 1849 1884 1885 1850 
1618 1850 1885 1886 1851 
1619 1851 1886 1887 1852 
1620 1852 1887 1888 1853 
1621 1853 1888 1889 1854 
1622 1854 1889 1890 1855 
1623 1855 1890 1891 1856 
1624 1856 1891 159 158 
1625 79 8 274 1857 
1626 1857 274 275 1858 
1627 1858 275 276 1859 
1628 1859 276 277 1860 
1629 1860 277 278 1861 
1630 1861 278 279 1862 
1631 1862 279 280 1863 
1632 1863 280 281 1864 
1633 1864 281 282 1865 
1634 1865 282 283 1866 
1635 1866 283 284 1867 
1636 1867 284 285 1868 
1637 1868 285 286 1869 
1638 1869 286 287 1870 
1639 1870 287 288 1871 
1640 1871 288 289 1872 
1641 1872 289 290 1873 
1642 1873 290 291 1874 
1643 1874 291 292 1875 
1644 1875 292 293 1876 
1645 1876 293 294 1877 
1646 1877 294 295 1878 
1647 1878 295 296 1879 
1648 1879 296 297 1880 
1649 1880 297 298 1881 
1650 1881 298 299 1882 
1651 1882 299 300 1883 
1652 1883 300 301 1884 
1653 1884 301 302 1885 
1654 1885 302 303 1886 
1655 1886 303 304 1887 
1656 1887 304 305 1888 
1657 1888 305 306 1889 
1658 1889 306 307 1890 
1659 1890 307 308 1891 
1660 1891 308 12 159 
2 47 3 360
1661 8 80 1892 274 
1662 274 1892 1893 275 
1663 275 1893 1894 276 
1664 276 1894 1895 277 
1665 277 1895 1896 278 
1666 278 1896 1897 279 
1667 279 1897 1898 280 
1668 280 1898 1899 281 
1669 281 1899 1900 282 
1670 282 1900 1901 283 
1671 283 1901 1902 284 
1672 284 1902 1903 285 
1673 285 1903 1904 286 
1674 286 1904 1905 287 
1675 287 1905 1906 288 
1676 288 1906 1907 289 
1677 289 1907 1908 290 
1678 290 1908 1909 291 
1679 291 1909 1910 292 
1680 292 1910 1911 293 
1681 293 1911 1912 294 
1682 294 1912 1913 295 
1683 295 1913 1914 296 
1684 296 1914 1915 297 
1685 297 1915 1916 298 
1686 298 1916 1917 299 
1687 299 1917 1918 300 
1688 300 1918 1919 301 
1689 301 1919 1920 302 
1690 302 1920 1921 303 
1691 303 1921 1922 304 
1692 304 1922 1923 305 
1693 305 1923 1924 306 
1694 306 1924 1925 307 
1695 307 1925 1926 308 
1696 308 1926 160 12 
1697 80 81 1927 1892 
1698 1892 1927 1928 1893 
1699 1893 1928 1929 1894 
1700 1894 1929 1930 1895 
1701 1895 1930 1931 1896 
1702 1896 1931 1932 1897 
1703 1897 1932 1933 1898 
1704 1898 1933 1934 1899 
1705 1899 1934 1935 1900 
1706 1900 1935 1936 1901 
1707 1901 1936 1937 1902 
1708 1902 1937 1938 1903 
1709 1903 1938 1939 1904 
1710 1904 1939 1940 1905 
1711 1905 1940 1941 1906 
1712 1906 1941 1942 1907 
1713 1907 1942 1943 1908 
1714 1908 1943 1944 1909 
1715 1909 1944 1945 1910 
1716 1910 1945 1946 1911 
1717 1911 1946 1947 1912 
1718 1912 1947 1948 1913 
1719 1913 1948 1949 1914 
1720 1914 1949 1950 1915 
1721 1915 1950 1951 1916 
1722 1916 1951 1952 1917 
1723 1917 1952 1953 1918 
1724 1918 1953 1954 1919 
1725 1919 1954 1955 1920 
1726 1920 1955 1956 1921 
1727 1921 1956 1957 1922 
1728 1922 1957 1958 1923 
1729 1923 1958 1959 1924 
1730 1924 1959 1960 1925 
1731 1925 1960 1961 1926 
1732 1926 1961 161 160 
1733 81 82 1962 1927 
1734 1927 1962 1963 1928 
1735 1928 1963 1964 1929 
1736 1929 1964 1965 1930 
1737 1930 1965 1966 1931 
1738 1931 1966 1967 1932 
1739 1932 1967 1968 1933 
1740 1933 1968 1969 1934 
1741 1934 1969 1970 1935 
1742 1935 1970 1971 1936 
1743 1936 1971 1972 1937 
1744 1937 1972 1973 1938 
1745 1938 1973 1974 1939 
1746 1939 1974 1975 1940 
1747 1940 1975 1976 1941 
1748 1941 1976 1977 1942 
1749 1942 1977 1978 1943 
1750 1943 1978 1979 1944 
1751 1944 1979 1980 1945 
1752 1945 1980 1981 1946 
1753 1946 1981 1982 1947 
1754 1947 1982 1983 1948 
1755 1948 1983 1984 1949 
1756 1949 1984 1985 1950 
1757 1950 1985 1986 1951 
1758 1951 1986 1987 1952 
1759 1952 1987 1988 1953 
1760 1953 1988 1989 1954 
1761 1954 1989 1990 1955 
1762 1955 1990 1991 1956 
1763 1956 1991 1992 1957 
1764 1957 1992 1993 1958 
1765 1958 1993 1994 1959 
1766 1959 1994 1995 1960 
1767 1960 1995 1996 1961 
1768 1961 1996 162 161 
1769 82 83 1997 1962 
1770 1962 1997 1998 1963 
1771 1963 1998 1999 1964 
1772 1964 1999 2000 1965 
1773 1965 2000 2001 1966 
1774 1966 2001 2002 1967 
1775 1967 2002 2003 1968 
1776 1968 2003 2004 1969 
1777 1969 2004 2005 1970 
1778 1970 2005 2006 1971 
1779 1971 2006 2007 1972 
1780 1972 2007 2008 1973 
1781 1973 2008 2009 1974 
1782 1974 2009 2010 1975 
1783 1975 2010 2011 1976 
1784 1976 2011 2012 1977 
1785 1977 2012 2013 1978 
1786 1978 2013 2014 1979 
1787 1979 2014 2015 1980 
1788 1980 2015 2016 1981 
1789 1981 2016 2017 1982 
1790 1982 2017 2018 1983 
1791 1983 2018 2019 1984 
1792 1984 2019 2020 1985 
1793 1985 2020 2021 1986 
1794 1986 2021 2022 1987 
1795 1987 2022 2023 1988 
1796 1988 2023 2024 1989 
1797 1989 2024 2025 1990 
1798 1990 2025 2026 1991 
1799 1991 2026 2027 1992 
1800 1992 2027 2028 1993 
1801 1993 2028 2029 1994 
1802 1994 2029 2030 1995 
1803 1995 2030 2031 1996 
1804 1996 2031 163 162 
1805 83 84 2032 1997 
1806 1997 2032 2033 1998 
1807 1998 2033 2034 1999 
1808 1999 2034 2035 2000 
1809 2000 2035 2036 2001 
1810 2001 2036 2037 2002 
1811 2002 2037 2038 2003 
1812 2003 2038 2039 2004 
1813 2004 2039 2040 2005 
1814 2005 2040 2041 2006 
1815 2006 2041 2042 2007 
1816 2007 2042 2043 2008 
1817 2008 2043 2044 2009 
1818 2009 2044 2045 2010 
1819 2010 2045 2046 2011 
1820 2011 2046 2047 2012 
1821 2012 2047 2048 2013 
1822 2013 2048 2049 2014 
1823 2014 2049 2050 2015 
1824 2015 2050 2051 2016 
1825 2016 2051 2052 2017 
1826 2017 2052 2053 2018 
1827 2018 2053 2054 2019 
1828 2019 2054 2055 2020 
1829 2020 2055 2056 2021 
1830 2021 2056 2057 2022 
1831 2022 2057 2058 2023 
1832 2023 2058 2059 2024 
1833 2024 2059 2060 2025 
1834 2025 2060 2061 2026 
1835 2026 2061 2062 2027 
1836 2027 2062 2063 2028 
1837 2028 2063 2064 2029 
1838 2029 2064 2065 2030 
1839 2030 2065 2066 2031 
1840 2031 2066 164 163 
1841 84 85 2067 2032 
1842 2032 2067 2068 2033 
1843 2033 2068 2069 2034 
1844 2034 2069 2070 2035 
1845 2035 2070 2071 2036 
1846 2036 2071 2072 2037 
1847 2037 2072 2073 2038 
1848 2038 2073 2074 2039 
1849 2039 2074 2075 2040 
1850 2040 2075 2076 2041 
1851 2041 2076 2077 2042 
1852 2042 2077 2078 2043 
1853 2043 2078 2079 2044 
1854 2044 2079 2080 2045 
1855 2045 2080 2081 2046 
1856 2046 2081 2082 2047 
1857 2047 2082 2083 2048 
1858 2048 2083 2084 2049 
1859 2049 2084 2085 2050 
1860 2050 2085 2086 2051 
1861 2051 2086 2087 2052 
1862 2052 2087 2088 2053 
1863 2053 2088 2089 2054 
1864 2054 2089 2090 2055 
1865 2055 2090 2091 2056 
1866 2056 2091 2092 2057 
1867 2057 2092 2093 2058 
1868 2058 2093 2094 2059 
1869 2059 2094 2095 2060 
1870 2060 2095 2096 2061 
1871 2061 2096 2097 2062 
1872 2062 2097 2098 2063 
1873 2063 2098 2099 2064 
1874 2064 2099 2100 2065 
1875 2065 2100 2101 2066 
1876 2066 2101 165 164 
1877 85 86 2102 2067 
1878 2067 2102 2103 2068 
1879 2068 2103 2104 2069 
1880 2069 2104 2105 2070 
1881 2070 2105 2106 2071 
1882 2071 2106 2107 2072 
1883 2072 2107 2108 2073 
1884 2073 2108 2109 2074 
1885 2074 2109 2110 2075 
1886 2075 2110 2111 2076 
1887 2076 2111 2112 2077 
1888 2077 2112 2113 2078 
1889 2078 2113 2114 2079 
1890 2079 2114 2115 2080 
1891 2080 2115 2116 2081 
1892 2081 2116 2117 2082 
1893 2082 2117 2118 2083 
1894 2083 2118 2119 2084 
1895 2084 2119 2120 2085 
1896 2085 2120 2121 2086 
1897 2086 2121 2122 2087 
1898 2087 2122 2123 2088 
1899 2088 2123 2124 2089 
1900 2089 2124 2125 2090 
1901 2090 2125 2126 2091 
1902 2091 2126 2127 2092 
1903 2092 2127 2128 2093 
1904 2093 2128 2129 2094 
1905 2094 2129 2130 2095 
1906 2095 2130 2131 2096 
1907 2096 2131 2132 2097 
1908 2097 2132 2133 2098 
1909 2098 2133 2134 2099 
1910 2099 2134 2135 2100 
1911 2100 2135 2136 2101 
1912 2101 2136 166 165 
1913 86 87 2137 2102 
1914 2102 2137 2138 2103 
1915 2103 2138 2139 2104 
1916 2104 2139 2140 2105 
1917 2105 2140 2141 2106 
1918 2106 2141 2142 2107 
1919 2107 2142 2143 2108 
1920 2108 2143 2144 2109 
1921 2109 2144 2145 2110 
1922 2110 2145 2146 2111 
1923 2111 2146 2147 2112 
1924 2112 2147 2148 2113 
1925 2113 2148 2149 2114 
1926 2114 2149 2150 2115 
1927 2115 2150 2151 2116 
1928 2116 2151 2152 2117 
1929 2117 2152 2153 2118 
1930 2118 2153 2154 2119 
1931 2119 2154 2155 2120 
1932 2120 2155 2156 2121 
1933 2121 2156 2157 2122 
1934 2122 2157 2158 2123 
1935 2123 2158 2159 2124 
1936 2124 2159 2160 2125 
1937 2125 2160 2161 2126 
1938 2126 2161 2162 2127 
1939 2127 2162 2163 2128 
1940 2128 2163 2164 2129 
1941 2129 2164 2165 2130 
1942 2130 2165 2166 2131 
1943 2131 2166 2167 2132 
1944 2132 2167 2168 2133 
1945 2133 2168 2169 2134 
1946 2134 2169 2170 2135 
1947 2135 2170 2171 2136 
1948 2136 2171 167 166 
1949 87 88 2172 2137 
1950 2137 2172 2173 2138 
1951 2138 2173 2174 2139 
1952 2139 2174 2175 2140 
1953 2140 2175 2176 2141 
1954 2141 2176 2177 2142 
1955 2142 2177 2178 2143 
1956 2143 2178 2179 2144 
1957 2144 2179 2180 2145 
1958 2145 2180 2181 2146 
1959 2146 2181 2182 2147 
1960 2147 2182 2183 2148 
1961 2148 2183 2184 2149 
1962 2149 2184 2185 2150 
1963 2150 2185 2186 2151 
1964 2151 2186 2187 2152 
1965 2152 2187 2188 2153 
1966 2153 2188 2189 2154 
1967 2154 2189 2190 2155 
1968 2155 2190 2191 2156 
1969 2156 2191 2192 2157 
1970 2157 2192 2193 2158 
1971 2158 2193 2194 2159 
1972 2159 2194 2195 2160 
1973 2160 2195 2196 2161 
1974 2161 2196 2197 2162 
1975 2162 2197 2198 2163 
1976 2163 2198 2199 2164 
1977 2164 2199 2200 2165 
1978 2165 2200 2201 2166 
1979 2166 2201 2202 2167 
1980 2167 2202 2203 2168 
1981 2168 2203 2204 2169 
1982 2169 2204 2205 2170 
1983 2170 2205 2206 2171 
1984 2171 2206 168 167 
1985 88 5 169 2172 
1986 2172 169 170 2173 
1987 2173 170 171 2174 
1988 2174 171 172 2175 
1989 2175 172 173 2176 
1990 2176 173 174 2177 
1991 2177 174 175 2178 
1992 2178 175 176 2179 
1993 2179 176 177 2180 
1994 2180 177 178 2181 
1995 2181 178 179 2182 
1996 2182 179 180 2183 
1997 2183 180 181 2184 
1998 2184 181 182 2185 
1999 2185 182 183 2186 
2000 2186 183 184 2187 
2001 2187 184 185 2188 
2002 2188 185 186 2189 
2003 2189 186 187 2190 
2004 2190 187 188 2191 
2005 2191 188 189 2192 
2006 2192 189 190 2193 
2007 2193 190 191 2194 
2008 2194 191 192 2195 
2009 2195 192 193 2196 
2010 2196 193 194 2197 
2011 2197 194 195 2198 
2012 2198 195 196 2199 
2013 2199 196 197 2200 
2014 2200 197 198 2201 
2015 2201 198 199 2202 
2016 2202 199 200 2203 
2017 2203 200 201 2204 
2018 2204 201 202 2205 
2019 2205 202 203 2206 
2020 2206 203 9 168 
2 57 3 120
2021 9 133 2288 345 
2022 345 2288 2289 346 
2023 346 2289 2290 347 
2024 347 2290 2291 348 
2025 348 2291 2292 349 
2026 349 2292 2293 350 
2027 350 2293 2294 351 
2028 351 2294 2295 352 
2029 352 2295 2296 353 
2030 353 2296 2297 354 
2031 354 2297 2298 355 
2032 355 2298 309 13 
2033 133 134 2299 2288 
2034 2288 2299 2300 2289 
2035 2289 2300 2301 2290 
2036 2290 2301 2302 2291 
2037 2291 2302 2303 2292 
2038 2292 2303 2304 2293 
2039 2293 2304 2305 2294 
2040 2294 2305 2306 2295 
2041 2295 2306 2307 2296 
2042 2296 2307 2308 2297 
2043 2297 2308 2309 2298 
2044 2298 2309 310 309 
2045 134 135 2310 2299 
2046 2299 2310 2311 2300 
2047 2300 2311 2312 2301 
2048 2301 2312 2313 2302 
2049 2302 2313 2314 2303 
2050 2303 2314 2315 2304 
2051 2304 2315 2316 2305 
2052 2305 2316 2317 2306 
2053 2306 2317 2318 2307 
2054 2307 2318 2319 2308 
2055 2308 2319 2320 2309 
2056 2309 2320 311 310 
2057 135 136 2321 2310 
2058 2310 2321 2322 2311 
2059 2311 2322 2323 2312 
2060 2312 2323 2324 2313 
2061 2313 2324 2325 2314 
2062 2314 2325 2326 2315 
2063 2315 2326 2327 2316 
2064 2316 2327 2328 2317 
2065 2317 2328 2329 2318 
2066 2318 2329 2330 2319 
2067 2319 2330 2331 2320 
2068 2320 2331 312 311 
2069 136 137 2332 2321 
2070 2321 2332 2333 2322 
2071 2322 2333 2334 2323 
2072 2323 2334 2335 2324 
2073 2324 2335 2336 2325 
2074 2325 2336 2337 2326 
2075 2326 2337 2338 2327 
2076 2327 2338 2339 2328 
2077 2328 2339 2340 2329 
2078 2329 2340 2341 2330 
2079 2330 2341 2342 2331 
2080 2331 2342 313 312 
2081 137 138 2343 2332 
2082 2332 2343 2344 2333 
2083 2333 2344 2345 2334 
2084 2334 2345 2346 2335 
2085 2335 2346 2347 2336 
2086 2336 2347 2348 2337 
2087 2337 2348 2349 2338 
2088 2338 2349 2350 2339 
2089 2339 2350 2351 2340 
2090 2340 2351 2352 2341 
2091 2341 2352 2353 2342 
2092 2342 2353 314 313 
2093 138 139 2354 2343 
2094 2343 2354 2355 2344 
2095 2344 2355 2356 2345 
2096 2345 2356 2357 2346 
2097 2346 2357 2358 2347 
2098 2347 2358 2359 2348 
2099 2348 2359 2360 2349 
2100 2349 2360 2361 2350 
2101 2350 2361 2362 2351 
2102 2351 2362 2363 2352 
2103 2352 2363 2364 2353 
2104 2353 2364 315 314 
2105 139 140 2365 2354 
2106 2354 2365 2366 2355 
2107 2355 2366 2367 2356 
2108 2356 2367 2368 2357 
2109 2357 2368 2369 2358 
2110 2358 2369 2370 2359 
2111 2359 2370 2371 2360 
2112 2360 2371 2372 2361 
2113 2361 2372 2373 2362 
2114 2362 2373 2374 2363 
2115 2363 2374 2375 2364 
2116 2364 2375 316 315 
2117 140 141 2376 2365 
2118 2365 2376 2377 2366 
2119 2366 2377 2378 2367 
2120 2367 2378 2379 2368 
2121 2368 2379 2380 2369 
2122 2369 2380 2381 2370 
2123 2370 2381 2382 2371 
2124 2371 2382 2383 2372 
2125 2372 2383 2384 2373 
2126 2373 2384 2385 2374 
2127 2374 2385 2386 2375 
2128 2375 2386 317 316 
2129 141 10 356 2376 
2130 2376 356 357 2377 
2131 2377 357 358 2378 
2132 2378 358 359 2379 
2133 2379 359 360 2380 
2134 2380 360 361 2381 
2135 2381 361 362 2382 
2136 2382 362 363 2383 
2137 2383 363 364 2384 
2138 2384 364 365 2385 
2139 2385 365 366 2386 
2140 2386 366 14 317 
2 61 3 120
2141 10 142 2387 356 
2142 356 2387 2388 357 
2143 357 2388 2389 358 
2144 358 2389 2390 359 
2145 359 2390 2391 360 
2146 360 2391 2392 361 
2147 361 2392 2393 362 
2148 362 2393 2394 363 
2149 363 2394 2395 364 
2150 364 2395 2396 365 
2151 365 2396 2397 366 
2152 366 2397 318 14 
2153 142 143 2398 2387 
2154 2387 2398 2399 2388 
2155 2388 2399 2400 2389 
2156 2389 2400 2401 2390 
2157 2390 2401 2402 2391 
2158 2391 2402 2403 2392 
2159 2392 2403 2404 2393 
2160 2393 2404 2405 2394 
2161 2394 2405 2406 2395 
2162 2395 2406 2407 2396 
2163 2396 2407 2408 2397 
2164 2397 2408 319 318 
2165 143 144 2409 2398 
2166 2398 2409 2410 2399 
2167 2399 2410 2411 2400 
2168 2400 2411 2412 2401 
2169 2401 2412 2413 2402 
2170 2402 2413 2414 2403 
2171 2403 2414 2415 2404 
2172 2404 2415 2416 2405 
2173 2405 2416 2417 2406 
2174 2406 2417 2418 2407 
2175 2407 2418 2419 2408 
2176 2408 2419 320 319 
2177 144 145 2420 2409 
2178 2409 2420 2421 2410 
2179 2410 2421 2422 2411 
2180 2411 2422 2423 2412 
2181 2412 2423 2424 2413 
2182 2413 2424 2425 2414 
2183 2414 2425 2426 2415 
2184 2415 2426 2427 2416 
2185 2416 2427 2428 2417 
2186 2417 2428 2429 2418 
2187 2418 2429 2430 2419 
2188 2419 2430 321 320 
2189 145 146 2431 2420 
2190 2420 2431 2432 2421 
2191 2421 2432 2433 2422 
2192 2422 2433 2434 2423 
2193 2423 2434 2435 2424 
2194 2424 2435 2436 2425 
2195 2425 2436 2437 2426 
2196 2426 2437 2438 2427 
2197 2427 2438 2439 2428 
2198 2428 2439 2440 2429 
2199 2429 2440 2441 2430 
2200 2430 2441 322 321 
2201 146 147 2442 2431 
2202 2431 2442 2443 2432 
2203 2432 2443 2444 2433 
2204 2433 2444 2445 2434 
2205 2434 2445 2446 2435 
2206 2435 2446 2447 2436 
2207 2436 2447 2448 2437 
2208 2437 2448 2449 2438 
2209 2438 2449 2450 2439 
2210 2439 2450 2451 2440 
2211 2440 2451 2452 2441 
2212 2441 2452 323 322 
2213 147 148 2453 2442 
2214 2442 2453 2454 2443 
2215 2443 2454 2455 2444 
2216 2444 2455 2456 2445 
2217 2445 2456 2457 2446 
2218 2446 2457 2458 2447 
2219 2447 2458 2459 2448 
2220 2448 2459 2460 2449 
2221 2449 2460 2461 2450 
2222 2450 2461 2462 2451 
2223 2451 2462 2463 2452 
2224 2452 2463 324 323 
2225 148 149 2464 2453 
2226 2453 2464 2465 2454 
2227 2454 2465 2466 2455 
2228 2455 2466 2467 2456 
2229 2456 2467 2468 2457 
2230 2457 2468 2469 2458 
2231 2458 2469 2470 2459 
2232 2459 2470 2471 2460 
2233 2460 2471 2472 2461 
2234 2461 2472 2473 2462 
2235 2462 2473 2474 2463 
2236 2463 2474 325 324 
2237 149 150 2475 2464 
2238 2464 2475 2476 2465 
2239 2465 2476 2477 2466 
2240 2466 2477 2478 2467 
2241 2467 2478 2479 2468 
2242 2468 2479 2480 2469 
2243 2469 2480 2481 2470 
2244 2470 2481 2482 2471 
2245 2471 2482 2483 2472 
2246 2472 2483 2484 2473 
2247 2473 2484 2485 2474 
2248 2474 2485 326 325 
2249 150 11 367 2475 
2250 2475 367 368 2476 
2251 2476 368 369 2477 
2252 2477 369 370 2478 
2253 2478 370 371 2479 
2254 2479 371 372 2480 
2255 2480 372 373 2481 
2256 2481 373 374 2482 
2257 2482 374 375 2483 
2258 2483 375 376 2484 
2259 2484 376 377 2485 
2260 2485 377 15 326 
2 65 3 120
2261 11 151 2486 367 
2262 367 2486 2487 368 
2263 368 2487 2488 369 
2264 369 2488 2489 370 
2265 370 2489 2490 371 
2266 371 2490 2491 372 
2267 372 2491 2492 373 
2268 373 2492 2493 374 
2269 374 2493 2494 375 
2270 375 2494 2495 376 
2271 376 2495 2496 377 
2272 377 2496 327 15 
2273 151 152 2497 2486 
2274 2486 2497 2498 2487 
2275 2487 2498 2499 2488 
2276 2488 2499 2500 2489 
2277 2489 2500 2501 2490 
2278 2490 2501 2502 2491 
2279 2491 2502 2503 2492 
2280 2492 2503 2504 2493 
2281 2493 2504 2505 2494 
2282 2494 2505 2506 2495 
2283 2495 2506 2507 2496 
2284 2496 2507 328 327 
2285 152 153 2508 2497 
2286 2497 2508 2509 2498 
2287 2498 2509 2510 2499 
2288 2499 2510 2511 2500 
2289 2500 2511 2512 2501 
2290 2501 2512 2513 2502 
2291 2502 2513 2514 2503 
2292 2503 2514 2515 2504 
2293 2504 2515 2516 2505 
2294 2505 2516 2517 2506 
2295 2506 2517 2518 2507 
2296 2507 2518 329 328 
2297 153 154 2519 2508 
2298 2508 2519 2520 2509 
2299 2509 2520 2521 2510 
2300 2510 2521 2522 2511 
2301 2511 2522 2523 2512 
2302 2512 2523 2524 2513 
2303 2513 2524 2525 2514 
2304 2514 2525 2526 2515 
2305 2515 2526 2527 2516 
2306 2516 2527 2528 2517 
2307 2517 2528 2529 2518 
2308 2518 2529 330 329 
2309 154 155 2530 2519 
2310 2519 2530 2531 2520 
2311 2520 2531 2532 2521 
2312 2521 2532 2533 2522 
2313 2522 2533 2534 2523 
2314 2523 2534 2535 2524 
2315 2524 2535 2536 2525 
2316 2525 2536 2537 2526 
2317 2526 2537 2538 2527 
2318 2527 2538 2539 2528 
2319 2528 2539 2540 2529 
2320 2529 2540 331 330 
2321 155 156 2541 2530 
2322 2530 2541 2542 2531 
2323 2531 2542 2543 2532 
2324 2532 2543 2544 2533 
2325 2533 2544 2545 2534 
2326 2534 2545 2546 2535 
2327 2535 2546 2547 2536 
2328 2536 2547 2548 2537 
2329 2537 2548 2549 2538 
2330 2538 2549 2550 2539 
2331 2539 2550 2551 2540 
2332 2540 2551 332 331 
2333 156 157 2552 2541 
2334 2541 2552 2553 2542 
2335 2542 2553 2554 2543 
2336 2543 2554 2555 2544 
2337 2544 2555 2556 2545 
2338 2545 2556 2557 2546 
2339 2546 2557 2558 2547 
2340 2547 2558 2559 2548 
2341 2548 2559 2560 2549 
2342 2549 2560 2561 2550 
2343 2550 2561 2562 2551 
2344 2551 2562 333 332 
2345 157 158 2563 2552 
2346 2552 2563 2564 2553 
2347 2553 2564 2565 2554 
2348 2554 2565 2566 2555 
2349 2555 2566 2567 2556 
2350 2556 2567 2568 2557 
2351 2557 2568 2569 2558 
2352 2558 2569 2570 2559 
2353 2559 2570 2571 2560 
2354 2560 2571 2572 2561 
2355 2561 2572 2573 2562 
2356 2562 2573 334 333 
2357 158 159 2574 2563 
2358 2563 2574 2575 2564 
2359 2564 2575 2576 2565 
2360 2565 2576 2577 2566 
2361 2566 2577 2578 2567 
2362 2567 2578 2579 2568 
2363 2568 2579 2580 2569 
2364 2569 2580 2581 2570 
2365 2570 2581 2582 2571 
2366 2571 2582 2583 2572 
2367 2572 2583 2584 2573 
2368 2573 2584 335 334 
2369 159 12 378 2574 
2370 2574 378 379 2575 
2371 2575 379 380 2576 
2372 2576 380 381 2577 
2373 2577 381 382 2578 
2374 2578 382 383 2579 
2375 2579 383 384 2580 
2376 2580 384 385 2581 
2377 2581 385 386 2582 
2378 2582 386 387 2583 
2379 2583 387 388 2584 
2380 2584 388 16 335 
2 69 3 120
2381 12 160 2585 378 
2382 378 2585 2586 379 
2383 379 2586 2587 380 
2384 380 2587 2588 381 
2385 381 2588 2589 382 
2386 382 2589 2590 383 
2387 383 2590 2591 384 
2388 384 2591 2592 385 
2389 385 2592 2593 386 
2390 386 2593 2594 387 
2391 387 2594 2595 388 
2392 388 2595 336 16 
2393 160 161 2596 2585 
2394 2585 2596 2597 2586 
2395 2586 2597 2598 2587 
2396 2587 2598 2599 2588 
2397 2588 2599 2600 2589 
2398 2589 2600 2601 2590 
2399 2590 2601 2602 2591 
2400 2591 2602 2603 2592 
2401 2592 2603 2604 2593 
2402 2593 2604 2605 2594 
2403 2594 2605 2606 2595 
2404 2595 2606 337 336 
2405 161 162 2607 2596 
2406 2596 2607 2608 2597 
2407 2597 2608 2609 2598 
2408 2598 2609 2610 2599 
2409 2599 2610 2611 2600 
2410 2600 2611 2612 2601 
2411 2601 2612 2613 2602 
2412 2602 2613 2614 2603 
2413 2603 2614 2615 2604 
2414 2604 2615 2616 2605 
2415 2605 2616 2617 2606 
2416 2606 2617 338 337 
2417 162 163 2618 2607 
2418 2607 2618 2619 2608 
2419 2608 2619 2620 2609 
2420 2609 2620 2621 2610 
2421 2610 2621 2622 2611 
2422 2611 2622 2623 2612 
2423 2612 2623 2624 2613 
2424 2613 2624 2625 2614 
2425 2614 2625 2626 2615 
2426 2615 2626 2627 2616 
2427 2616 2627 2628 2617 
2428 2617 2628 339 338 
2429 163 164 2629 2618 
2430 2618 2629 2630 2619 
2431 2619 2630 2631 2620 
2432 2620 2631 2632 2621 
2433 2621 2632 2633 2622 
2434 2622 2633 2634 2623 
2435 2623 2634 2635 2624 
2436 2624 2635 2636 2625 
2437 2625 2636 2637 2626 
2438 2626 2637 2638 2627 
2439 2627 2638 2639 2628 
2440 2628 2639 340 339 
2441 164 165 2640 2629 
2442 2629 2640 2641 2630 
2443 2630 2641 2642 2631 
2444 2631 2642 2643 2632 
2445 2632 2643 2644 2633 
2446 2633 2644 2645 2634 
2447 2634 2645 2646 2635 
2448 2635 2646 2647 2636 
2449 2636 2647 2648 2637 
2450 2637 2648 2649 2638 
2451 2638 2649 2650 2639 
2452 2639 2650 341 340 
2453 165 166 2651 2640 
2454 2640 2651 2652 2641 
2455 2641 2652 2653 2642 
2456 2642 2653 2654 2643 
2457 2643 2654 2655 2644 
2458 2644 2655 2656 2645 
2459 2645 2656 2657 2646 
2460 2646 2657 2658 2647 
2461 2647 2658 2659 2648 
2462 2648 2659 2660 2649 
2463 2649 2660 2661 2650 
2464 2650 2661 342 341 
2465 166 167 2662 2651 
2466 2651 2662 2663 2652 
2467 2652 2663 2664 2653 
2468 2653 2664 2665 2654 
2469 2654 2665 2666 2655 
2470 2655 2666 2667 2656 
2471 2656 2667 2668 2657 
2472 2657 2668 2669 2658 
2473 2658 2669 2670 2659 
2474 2659 2670 2671 2660 
2475 2660 2671 2672 2661 
2476 2661 2672 343 342 
2477 167 168 2673 2662 
2478 2662 2673 2674 2663 
2479 2663 2674 2675 2664 
2480 2664 2675 2676 2665 
2481 2665 2676 2677 2666 
2482 2666 2677 2678 2667 
2483 2667 2678 2679 2668 
2484 2668 2679 2680 2669 
2485 2669 2680 2681 2670 
2486 2670 2681 2682 2671 
2487 2671 2682 2683 2672 
2488 2672 2683 344 343 
2489 168 9 345 2673 
2490 2673 345 346 2674 
2491 2674 346 347 2675 
2492 2675 347 348 2676 
2493 2676 348 349 2677 
2494 2677 349 350 2678 
2495 2678 350 351 2679 
2496 2679 351 352 2680 
2497 2680 352 353 2681 
2498 2681 353 354 2682 
2499 2682 354 355 2683 
2500 2683 355 13 344 
2 70 3 100
2501 13 309 2684 344 
2502 344 2684 2685 343 
2503 343 2685 2686 342 
2504 342 2686 2687 341 
2505 341 2687 2688 340 
2506 340 2688 2689 339 
2507 339 2689 2690 338 
2508 338 2690 2691 337 
2509 337 2691 2692 336 
2510 336 2692 335 16 
2511 309 310 2693 2684 
2512 2684 2693 2694 2685 
2513 2685 2694 2695 2686 
2514 2686 2695 2696 2687 
2515 2687 2696 2697 2688 
2516 2688 2697 2698 2689 
2517 2689 2698 2699 2690 
2518 2690 2699 2700 2691 
2519 2691 2700 2701 2692 
2520 2692 2701 334 335 
2521 310 311 2702 2693 
2522 2693 2702 2703 2694 
2523 2694 2703 2704 2695 
2524 2695 2704 2705 2696 
2525 2696 2705 2706 2697 
2526 2697 2706 2707 2698 
2527 2698 2707 2708 2699 
2528 2699 2708 2709 2700 
2529 2700 2709 2710 2701 
2530 2701 2710 333 334 
2531 311 312 2711 2702 
2532 2702 2711 2712 2703 
2533 2703 2712 2713 2704 
2534 2704 2713 2714 2705 
2535 2705 2714 2715 2706 
2536 2706 2715 2716 2707 
2537 2707 2716 2717 2708 
2538 2708 2717 2718 2709 
2539 2709 2718 2719 2710 
2540 2710 2719 332 333 
2541 312 313 2720 2711 
2542 2711 2720 2721 2712 
2543 2712 2721 2722 2713 
2544 2713 2722 2723 2714 
2545 2714 2723 2724 2715 
2546 2715 2724 2725 2716 
2547 2716 2725 2726 2717 
2548 2717 2726 2727 2718 
2549 2718 2727 2728 2719 
2550 2719 2728 331 332 
2551 313 314 2729 2720 
2552 2720 2729 2730 2721 
2553 2721 2730 2731 2722 
2554 2722 2731 2732 2723 
2555 2723 2732 2733 2724 
2556 2724 2733 2734 2725 
2557 2725 2734 2735 2726 
2558 2726 2735 2736 2727 
2559 2727 2736 2737 2728 
2560 2728 2737 330 331 
2561 314 315 2738 2729 
2562 2729 2738 2739 2730 
2563 2730 2739 2740 2731 
2564 2731 2740 2741 2732 
2565 2732 2741 2742 2733 
2566 2733 2742 2743 2734 
2567 2734 2743 2744 2735 
2568 2735 2744 2745 2736 
2569 2736 2745 2746 2737 
2570 2737 2746 329 330 
2571 315 316 2747 2738 
2572 2738 2747 2748 2739 
2573 2739 2748 2749 2740 
2574 2740 2749 2750 2741 
2575 2741 2750 2751 2742 
2576 2742 2751 2752 2743 
2577 2743 2752 2753 2744 
2578 2744 2753 2754 2745 
2579 2745 2754 2755 2746 
2580 2746 2755 328 329 
2581 316 317 2756 2747 
2582 2747 2756 2757 2748 
2583 2748 2757 2758 2749 
2584 2749 2758 2759 2750 
2585 2750 2759 2760 2751 
2586 2751 2760 2761 2752 
2587 2752 2761 2762 2753 
2588 2753 2762 2763 2754 
2589 2754 2763 2764 2755 
2590 2755 2764 327 328 
2591 317 14 318 2756 
2592 2756 318 319 2757 
2593 2757 319 320 2758 
2594 2758 320 321 2759 
2595 2759 321 322 2760 
2596 2760 322 323 2761 
2597 2761 323 324 2762 
2598 2762 324 325 2763 
2599 2763 325 326 2764 
2600 2764 326 15 327 
3 1 5 1200
2601 389 17 1 52 2765 470 89 855 
2602 2765 470 89 855 2766 471 90 856 
2603 2766 471 90 856 2767 472 91 857 
2604 2767 472 91 857 2768 473 92 858 
2605 2768 473 92 858 2769 474 93 859 
2606 2769 474 93 859 2770 475 94 860 
2607 2770 475 94 860 2771 476 95 861 
2608 2771 476 95 861 2772 477 96 862 
2609 2772 477 96 862 2773 478 97 863 
2610 2773 478 97 863 2774 479 98 864 
2611 2774 479 98 864 2775 480 99 865 
2612 2775 480 99 865 866 53 5 88 
2613 390 389 52 51 2776 2765 855 844 
2614 2776 2765 855 844 2777 2766 856 845 
2615 2777 2766 856 845 2778 2767 857 846 
2616 2778 2767 857 846 2779 2768 858 847 
2617 2779 2768 858 847 2780 2769 859 848 
2618 2780 2769 859 848 2781 2770 860 849 
2619 2781 2770 860 849 2782 2771 861 850 
2620 2782 2771 861 850 2783 2772 862 851 
2621 2783 2772 862 851 2784 2773 863 852 
2622 2784 2773 863 852 2785 2774 864 853 
2623 2785 2774 864 853 2786 2775 865 854 
2624 2786 2775 865 854 867 866 88 87 
2625 391 390 51 50 2787 2776 844 833 
2626 2787 2776 844 833 2788 2777 845 834 
2627 2788 2777 845 834 2789 2778 846 835 
2628 2789 2778 846 835 2790 2779 847 836 
2629 2790 2779 847 836 2791 2780 848 837 
2630 2791 2780 848 837 2792 2781 849 838 
2631 2792 2781 849 838 2793 2782 850 839 
2632 2793 2782 850 839 2794 2783 851 840 
2633 2794 2783 851 840 2795 2784 852 841 
2634 2795 2784 852 841 2796 2785 853 842 
2635 2796 2785 853 842 2797 2786 854 843 
2636 2797 2786 854 843 868 867 87 86 
2637 392 391 50 49 2798 2787 833 822 
2638 2798 2787 833 822 2799 2788 834 823 
2639 2799 2788 834 823 2800 2789 835 824 
2640 2800 2789 835 824 2801 2790 836 825 
2641 2801 2790 836 825 2802 2791 837 826 
2642 2802 2791 837 826 2803 2792 838 827 
2643 2803 2792 838 827 2804 2793 839 828 
2644 2804 2793 839 828 2805 2794 840 829 
2645 2805 2794 840 829 2806 2795 841 830 
2646 2806 2795 841 830 2807 2796 842 831 
2647 2807 2796 842 831 2808 2797 843 832 
2648 2808 2797 843 832 869 868 86 85 
2649 393 392 49 48 2809 2798 822 811 
2650 2809 2798 822 811 2810 2799 823 812 
2651 2810 2799 823 812 2811 2800 824 813 
2652 2811 2800 824 813 2812 2801 825 814 
2653 2812 2801 825 814 2813 2802 826 815 
2654 2813 2802 826 815 2814 2803 827 816 
2655 2814 2803 827 816 2815 2804 828 817 
2656 2815 2804 828 817 2816 2805 829 818 
2657 2816 2805 829 818 2817 2806 830 819 
2658 2817 2806 830 819 2818 2807 831 820 
2659 2818 2807 831 820 2819 2808 832 821 
2660 2819 2808 832 821 870 869 85 84 
2661 394 393 48 47 2820 2809 811 800 
2662 2820 2809 811 800 2821 2810 812 801 
2663 2821 2810 812 801 2822 2811 813 802 
2664 2822 2811 813 802 2823 2812 814 803 
2665 2823 2812 814 803 2824 2813 815 804 
2666 2824 2813 815 804 2825 2814 816 805 
2667 2825 2814 816 805 2826 2815 817 806 
2668 2826 2815 817 806 2827 2816 818 807 
2669 2827 2816 818 807 2828 2817 819 808 
2670 2828 2817 819 808 2829 2818 820 809 
2671 2829 2818 820 809 2830 2819 821 810 
2672 2830 2819 821 810 871 870 84 83 
2673 395 394 47 46 2831 2820 800 789 
2674 2831 2820 800 789 2832 2821 801 790 
2675 2832 2821 801 790 2833 2822 802 791 
2676 2833 2822 802 791 2834 2823 803 792 
2677 2834 2823 803 792 2835 2824 804 793 
2678 2835 2824 804 793 2836 2825 805 794 
2679 2836 2825 805 794 2837 2826 806 795 
2680 2837 2826 806 795 2838 2827 807 796 
2681 2838 2827 807 796 2839 2828 808 797 
2682 2839 2828 808 797 2840 2829 809 798 
2683 2840 2829 809 798 2841 2830 810 799 
2684 2841 2830 810 799 872 871 83 82 
2685 396 395 46 45 2842 2831 789 778 
2686 2842 2831 789 778 2843 2832 790 779 
2687 2843 2832 790 779 2844 2833 791 780 
2688 2844 2833 791 780 2845 2834 792 781 
2689 2845 2834 792 781 2846 2835 793 782 
2690 2846 2835 793 782 2847 2836 794 783 
2691 2847 2836 794 783 2848 2837 795 784 
2692 2848 2837 795 784 2849 2838 796 785 
2693 2849 2838 796 785 2850 2839 797 786 
2694 2850 2839 797 786 2851 2840 798 787 
2695 2851 2840 798 787 2852 2841 799 788 
2696 2852 2841 799 788 873 872 82 81 
2697 397 396 45 44 2853 2842 778 767 
2698 2853 2842 778 767 2854 2843 779 768 
2699 2854 2843 779 768 2855 2844 780 769 
2700 2855 2844 780 769 2856 2845 781 770 
2701 2856 2845 781 770 2857 2846 782 771 
2702 2857 2846 782 771 2858 2847 783 772 
2703 2858 2847 783 772 2859 2848 784 773 
2704 2859 2848 784 773 2860 2849 785 774 
2705 2860 2849 785 774 2861 2850 786 775 
2706 2861 2850 786 775 2862 2851 787 776 
2707 2862 2851 787 776 2863 2852 788 777 
2708 2863 2852 788 777 874 873 81 80 
2709 43 397 44 4 756 2853 767 122 
2710 756 2853 767 122 757 2854 768 123 
2711 757 2854 768 123 758 2855 769 124 
2712 758 2855 769 124 759 2856 770 125 
2713 759 2856 770 125 760 2857 771 126 
2714 760 2857 771 126 761 2858 772 127 
2715 761 2858 772 127 762 2859 773 128 
2716 762 2859 773 128 763 2860 774 129 
2717 763 2860 774 129 764 2861 775 130 
2718 764 2861 775 130 765 2862 776 131 
2719 765 2862 776 131 766 2863 777 132 
2720 766 2863 777 132 79 874 80 8 
2721 398 18 17 389 2864 481 470 2765 
2722 2864 481 470 2765 2865 482 471 2766 
2723 2865 482 471 2766 2866 483 472 2767 
2724 2866 483 472 2767 2867 484 473 2768 
2725 2867 484 473 2768 2868 485 474 2769 
2726 2868 485 474 2769 2869 486 475 2770 
2727 2869 486 475 2770 2870 487 476 2771 
2728 2870 487 476 2771 2871 488 477 2772 
2729 2871 488 477 2772 2872 489 478 2773 
2730 2872 489 478 2773 2873 490 479 2774 
2731 2873 490 479 2774 2874 491 480 2775 
2732 2874 491 480 2775 875 54 53 866 
2733 399 398 389 390 2875 2864 2765 2776 
2734 2875 2864 2765 2776 2876 2865 2766 2777 
2735 2876 2865 2766 2777 2877 2866 2767 2778 
2736 2877 2866 2767 2778 2878 2867 2768 2779 
2737 2878 2867 2768 2779 2879 2868 2769 2780 
2738 2879 2868 2769 2780 2880 2869 2770 2781 
2739 2880 2869 2770 2781 2881 2870 2771 2782 
2740 2881 2870 2771 2782 2882 2871 2772 2783 
2741 2882 2871 2772 2783 2883 2872 2773 2784 
2742 2883 2872 2773 2784 2884 2873 2774 2785 
2743 2884 2873 2774 2785 2885 2874 2775 2786 
2744 2885 2874 2775 2786 876 875 866 867 
2745 400 399 390 391 2886 2875 2776 2787 
2746 2886 2875 2776 2787 2887 2876 2777 2788 
2747 2887 2876 2777 2788 2888 2877 2778 2789 
2748 2888 2877 2778 2789 2889 2878 2779 2790 
2749 2889 2878 2779 2790 2890 2879 2780 2791 
2750 2890 2879 2780 2791 2891 2880 2781 2792 
2751 2891 2880 2781 2792 2892 2881 2782 2793 
2752 2892 2881 2782 2793 2893 2882 2783 2794 
2753 2893 2882 2783 2794 2894 2883 2784 2795 
2754 2894 2883 2784 2795 2895 2884 2785 2796 
2755 2895 2884 2785 2796 2896 2885 2786 2797 
2756 2896 2885 2786 2797 877 876 867 868 
2757 401 400 391 392 2897 2886 2787 2798 
2758 2897 2886 2787 2798 2898 2887 2788 2799 
2759 2898 2887 2788 2799 2899 2888 2789 2800 
2760 2899 2888 2789 2800 2900 2889 2790 2801 
2761 2900 2889 2790 2801 2901 2890 2791 2802 
2762 2901 2890 2791 2802 2902 2891 2792 2803 
2763 2902 2891 2792 2803 2903 2892 2793 2804 
2764 2903 2892 2793 2804 2904 2893 2794 2805 
2765 2904 2893 2794 2805 2905 2894 2795 2806 
2766 2905 2894 2795 2806 2906 2895 2796 2807 
2767 2906 2895 2796 2807 2907 2896 2797 2808 
2768 2907 2896 2797 2808 878 877 868 869 
2769 402 401 392 393 2908 2897 2798 2809 
2770 2908 2897 2798 2809 2909 2898 2799 2810 
2771 2909 2898 2799 2810 2910 2899 2800 2811 
2772 2910 2899 2800 2811 2911 2900 2801 2812 
2773 2911 2900 2801 2812 2912 2901 2802 2813 
2774 2912 2901 2802 2813 2913 2902 2803 2814 
2775 2913 2902 2803 2814 2914 2903 2804 2815 
2776 2914 2903 2804 2815 2915 2904 2805 2816 
2777 2915 2904 2805 2816 2916 2905 2806 2817 
2778 2916 2905 2806 2817 2917 2906 2807 2818 
2779 2917 2906 2807 2818 2918 2907 2808 2819 
2780 2918 2907 2808 2819 879 878 869 870 
2781 403 402 393 394 2919 2908 2809 2820 
2782 2919 2908 2809 2820 2920 2909 2810 2821 
2783 2920 2909 2810 2821 2921 2910 2811 2822 
2784 2921 2910 2811 2822 2922 2911 2812 2823 
2785 2922 2911 2812 2823 2923 2912 2813 2824 
2786 2923 2912 2813 2824 2924 2913 2814 2825 
2787 2924 2913 2814 2825 2925 2914 2815 2826 
2788 2925 2914 2815 2826 2926 2915 2816 2827 
2789 2926 2915 2816 2827 2927 2916 2817 2828 
2790 2927 2916 2817 2828 2928 2917 2818 2829 
2791 2928 2917 2818 2829 2929 2918 2819 2830 
2792 2929 2918 2819 2830 880 879 870 871 
2793 404 403 394 395 2930 2919 2820 2831 
2794 2930 2919 2820 2831 2931 2920 2821 2832 
2795 2931 2920 2821 2832 2932 2921 2822 2833 
2796 2932 2921 2822 2833 2933 2922 2823 2834 
2797 2933 2922 2823 2834 2934 2923 2824 2835 
2798 2934 2923 2824 2835 2935 2924 2825 2836 
2799 2935 2924 2825 2836 2936 2925 2826 2837 
2800 2936 2925 2826 2837 2937 2926 2827 2838 
2801 2937 2926 2827 2838 2938 2927 2828 2839 
2802 2938 2927 2828 2839 2939 2928 2829 2840 
2803 2939 2928 2829 2840 2940 2929 2830 2841 
2804 2940 2929 2830 2841 881 880 871 872 
2805 405 404 395 396 2941 2930 2831 2842 
2806 2941 2930 2831 2842 2942 2931 2832 2843 
2807 2942 2931 2832 2843 2943 2932 2833 2844 
2808 2943 2932 2833 2844 2944 2933 2834 2845 
2809 2944 2933 2834 2845 2945 2934 2835 2846 
2810 2945 2934 2835 2846 2946 2935 2836 2847 
2811 2946 2935 2836 2847 2947 2936 2837 2848 
2812 2947 2936 2837 2848 2948 2937 2838 2849 
2813 2948 2937 2838 2849 2949 2938 2839 2850 
2814 2949 2938 2839 2850 2950 2939 2840 2851 
2815 2950 2939 2840 2851 2951 2940 2841 2852 
2816 2951 2940 2841 2852 882 881 872 873 
2817 406 405 396 397 2952 2941 2842 2853 
2818 2952 2941 2842 2853 2953 2942 2843 2854 
2819 2953 2942 2843 2854 2954 2943 2844 2855 
2820 2954 2943 2844 2855 2955 2944 2845 2856 
2821 2955 2944 2845 2856 2956 2945 2846 2857 
2822 2956 2945 2846 2857 2957 2946 2847 2858 
2823 2957 2946 2847 2858 2958 2947 2848 2859 
2824 2958 2947 2848 2859 2959 2948 2849 2860 
2825 2959 2948 2849 2860 2960 2949 2850 2861 
2826 2960 2949 2850 2861 2961 2950 2851 2862 
2827 2961 2950 2851 2862 2962 2951 2852 2863 
2828 2962 2951 2852 2863 883 882 873 874 
2829 42 406 397 43 745 2952 2853 756 
2830 745 2952 2853 756 746 2953 2854 757 
2831 746 2953 2854 757 747 2954 2855 758 
2832 747 2954 2855 758 748 2955 2856 759 
2833 748 2955 2856 759 749 2956 2857 760 
2834 749 2956 2857 760 750 2957 2858 761 
2835 750 2957 2858 761 751 2958 2859 762 
2836 751 2958 2859 762 752 2959 2860 763 
2837 752 2959 2860 763 753 2960 2861 764 
2838 753 2960 2861 764 754 2961 2862 765 
2839 754 2961 2862 765 755 2962 2863 766 
2840 755 2962 2863 766 78 883 874 79 
2841 407 19 18 398 2963 492 481 2864 
2842 2963 492 481 2864 2964 493 482 2865 
2843 2964 493 482 2865 2965 494 483 2866 
2844 2965 494 483 2866 2966 495 484 2867 
2845 2966 495 484 2867 2967 496 485 2868 
2846 2967 496 485 2868 2968 497 486 2869 
2847 2968 497 486 2869 2969 498 487 2870 
2848 2969 498 487 2870 2970 499 488 2871 
2849 2970 499 488 2871 2971 500 489 2872 
2850 2971 500 489 2872 2972 501 490 2873 
2851 2972 501 490 2873 2973 502 491 2874 
2852 2973 502 491 2874 884 55 54 875 
2853 408 407 398 399 2974 2963 2864 2875 
2854 2974 2963 2864 2875 2975 2964 2865 2876 
2855 2975 2964 2865 2876 2976 2965 2866 2877 
2856 2976 2965 2866 2877 2977 2966 2867 2878 
2857 2977 2966 2867 2878 2978 2967 2868 2879 
2858 2978 2967 2868 2879 2979 2968 2869 2880 
2859 2979 2968 2869 2880 2980 2969 2870 2881 
2860 2980 2969 2870 2881 2981 2970 2871 2882 
2861 2981 2970 2871 2882 2982 2971 2872 2883 
2862 2982 2971 2872 2883 2983 2972 2873 2884 
2863 2983 2972 2873 2884 2984 2973 2874 2885 
2864 2984 2973 2874 2885 885 884 875 876 
2865 409 408 399 400 2985 2974 2875 2886 
2866 2985 2974 2875 2886 2986 2975 2876 2887 
2867 2986 2975 2876 2887 2987 2976 2877 2888 
2868 2987 2976 2877 2888 2988 2977 2878 2889 
2869 2988 2977 2878 2889 2989 2978 2879 2890 
2870 2989 2978 2879 2890 2990 2979 2880 2891 
2871 2990 2979 2880 2891 2991 2980 2881 2892 
2872 2991 2980 2881 2892 2992 2981 2882 2893 
2873 2992 2981 2882 2893 2993 2982 2883 2894 
2874 2993 2982 2883 2894 2994 2983 2884 2895 
2875 2994 2983 2884 2895 2995 2984 2885 2896 
2876 2995 2984 2885 2896 886 885 876 877 
2877 410 409 400 401 2996 2985 2886 2897 
2878 2996 2985 2886 2897 2997 2986 2887 2898 
2879 2997 2986 2887 2898 2998 2987 2888 2899 
2880 2998 2987 2888 2899 2999 2988 2889 2900 
2881 2999 2988 2889 2900 3000 2989 2890 2901 
2882 3000 2989 2890 2901 3001 2990 2891 2902 
2883 3001 2990 2891 2902 3002 2991 2892 2903 
2884 3002 2991 2892 2903 3003 2992 2893 2904 
2885 3003 2992 2893 2904 3004 2993 2894 2905 
2886 3004 2993 2894 2905 3005 2994 2895 2906 
2887 3005 2994 2895 2906 3006 2995 2896 2907 
2888 3006 2995 2896 2907 887 886 877 878 
2889 411 410 401 402 3007 2996 2897 2908 
2890 3007 2996 2897 2908 3008 2997 2898 2909 
2891 3008 2997 2898 2909 3009 2998 2899 2910 
2892 3009 2998 2899 2910 3010 2999 2900 2911 
2893 3010 2999 2900 2911 3011 3000 2901 2912 
2894 3011 3000 2901 2912 3012 3001 2902 2913 
2895 3012 3001 2902 2913 3013 3002 2903 2914 
2896 3013 3002 2903 2914 3014 3003 2904 2915 
2897 3014 3003 2904 2915 3015 3004 2905 2916 
2898 3015 3004 2905 2916 3016 3005 2906 2917 
2899 3016 3005 2906 2917 3017 3006 2907 2918 
2900 3017 3006 2907 2918 888 887 878 879 
2901 412 411 402 403 3018 3007 2908 2919 
2902 3018 3007 2908 2919 3019 3008 2909 2920 
2903 3019 3008 2909 2920 3020 3009 2910 2921 
2904 3020 3009 2910 2921 3021 3010 2911 2922 
2905 3021 3010 2911 2922 3022 3011 2912 2923 
2906 3022 3011 2912 2923 3023 3012 2913 2924 
2907 3023 3012 2913 2924 3024 3013 2914 2925 
2908 3024 3013 2914 2925 3025 3014 2915 2926 
2909 3025 3014 2915 2926 3026 3015 2916 2927 
2910 3026 3015 2916 2927 3027 3016 2917 2928 
2911 3027 3016 2917 2928 3028 3017 2918 2929 
2912 3028 3017 2918 2929 889 888 879 880 
2913 413 412 403 404 3029 3018 2919 2930 
2914 3029 3018 2919 2930 3030 3019 2920 2931 
2915 3030 3019 2920 2931 3031 3020 2921 2932 
2916 3031 3020 2921 2932 3032 3021 2922 2933 
2917 3032 3021 2922 2933 3033 3022 2923 2934 
2918 3033 3022 2923 2934 3034 3023 2924 2935 
2919 3034 3023 2924 2935 3035 3024 2925 2936 
2920 3035 3024 2925 2936 3036 3025 2926 2937 
2921 3036 3025 2926 2937 3037 3026 2927 2938 
2922 3037 3026 2927 2938 3038 3027 2928 2939 
2923 3038 3027 2928 2939 3039 3028 2929 2940 
2924 3039 3028 2929 2940 890 889 880 881 
2925 414 413 404 405 3040 3029 2930 2941 
2926 3040 3029 2930 2941 3041 3030 2931 2942 
2927 3041 3030 2931 2942 3042 3031 2932 2943 
2928 3042 3031 2932 2943 3043 3032 2933 2944 
2929 3043 3032 2933 2944 3044 3033 2934 2945 
2930 3044 3033 2934 2945 3045 3034 2935 2946 
2931 3045 3034 2935 2946 3046 3035 2936 2947 
2932 3046 3035 2936 2947 3047 3036 2937 2948 
2933 3047 3036 2937 2948 3048 3037 2938 2949 
2934 3048 3037 2938 2949 3049 3038 2939 2950 
2935 3049 3038 2939 2950 3050 3039 2940 2951 
2936 3050 3039 2940 2951 891 890 881 882 
2937 415 414 405 406 3051 3040 2941 2952 
2938 3051 3040 2941 2952 3052 3041 2942 2953 
2939 3052 3041 2942 2953 3053 3042 2943 2954 
2940 3053 3042 2943 2954 3054 3043 2944 2955 
2941 3054 3043 2944 2955 3055 3044 2945 2956 
2942 3055 3044 2945 2956 3056 3045 2946 2957 
2943 3056 3045 2946 2957 3057 3046 2947 2958 
2944 3057 3046 2947 2958 3058 3047 2948 2959 
2945 3058 3047 2948 2959 3059 3048 2949 2960 
2946 3059 3048 2949 2960 3060 3049 2950 2961 
2947 3060 3049 2950 2961 3061 3050 2951 2962 
2948 3061 3050 2951 2962 892 891 882 883 
2949 41 415 406 42 734 3051 2952 745 
2950 734 3051 2952 745 735 3052 2953 746 
2951 735 3052 2953 746 736 3053 2954 747 
2952 736 3053 2954 747 737 3054 2955 748 
2953 737 3054 2955 748 738 3055 2956 749 
2954 738 3055 2956 749 739 3056 2957 750 
2955 739 3056 2957 750 740 3057 2958 751 
2956 740 3057 2958 751 741 3058 2959 752 
2957 741 3058 2959 752 742 3059 2960 753 
2958 742 3059 2960 753 743 3060 2961 754 
2959 743 3060 2961 754 744 3061 2962 755 
2960 744 3061 2962 755 77 892 883 78 
2961 416 20 19 407 3062 503 492 2963 
2962 3062 503 492 2963 3063 504 493 2964 
2963 3063 504 493 2964 3064 505 494 2965 
2964 3064 505 494 2965 3065 506 495 2966 
2965 3065 506 495 2966 3066 507 496 2967 
2966 3066 507 496 2967 3067 508 497 2968 
2967 3067 508 497 2968 3068 509 498 2969 
2968 3068 509 498 2969 3069 510 499 2970 
2969 3069 510 499 2970 3070 511 500 2971 
2970 3070 511 500 2971 3071 512 501 2972 
2971 3071 512 501 2972 3072 513 502 2973 
2972 3072 513 502 2973 893 56 55 884 
2973 417 416 407 408 3073 3062 2963 2974 
2974 3073 3062 2963 2974 3074 3063 2964 2975 
2975 3074 3063 2964 2975 3075 3064 2965 2976 
2976 3075 3064 2965 2976 3076 3065 2966 2977 
2977 3076 3065 2966 2977 3077 3066 2967 2978 
2978 3077 3066 2967 2978 3078 3067 2968 2979 
2979 3078 3067 2968 2979 3079 3068 2969 2980 
2980 3079 3068 2969 2980 3080 3069 2970 2981 
2981 3080 3069 2970 2981 3081 3070 2971 2982 
2982 3081 3070 2971 2982 3082 3071 2972 2983 
2983 3082 3071 2972 2983 3083 3072 2973 2984 
2984 3083 3072 2973 2984 894 893 884 885 
2985 418 417 408 409 3084 3073 2974 2985 
2986 3084 3073 2974 2985 3085 3074 2975 2986 
2987 3085 3074 2975 2986 3086 3075 2976 2987 
2988 3086 3075 2976 2987 3087 3076 2977 2988 
2989 3087 3076 2977 2988 3088 3077 2978 2989 
2990 3088 3077 2978 2989 3089 3078 2979 2990 
2991 3089 3078 2979 2990 3090 3079 2980 2991 
2992 3090 3079 2980 2991 3091 3080 2981 2992 
2993 3091 3080 2981 2992 3092 3081 2982 2993 
2994 3092 3081 2982 2993 3093 3082 2983 2994 
2995 3093 3082 2983 2994 3094 3083 2984 2995 
2996 3094 3083 2984 2995 895 894 885 886 
2997 419 418 409 410 3095 3084 2985 2996 
2998 3095 3084 2985 2996 3096 3085 2986 2997 
2999 3096 3085 2986 2997 3097 3086 2987 2998 
3000 3097 3086 2987 2998 3098 3087 2988 2999 
3001 3098 3087 2988 2999 3099 3088 2989 3000 
3002 3099 3088 2989 3000 3100 3089 2990 3001 
3003 3100 3089 2990 3001 3101 3090 2991 3002 
3004 3101 3090 2991 3002 3102 3091 2992 3003 
3005 3102 3091 2992 3003 3103 3092 2993 3004 
3006 3103 3092 2993 3004 3104 3093 2994 3005 
3007 3104 3093 2994 3005 3105 3094 2995 3006 
3008 3105 3094 2995 3006 896 895 886 887 
3009 420 419 410 411 3106 3095 2996 3007 
3010 3106 3095 2996 3007 3107 3096 2997 3008 
3011 3107 3096 2997 3008 3108 3097 2998 3009 
3012 3108 3097 2998 3009 3109 3098 2999 3010 
3013 3109 3098 2999 3010 3110 3099 3000 3011 
3014 3110 3099 3000 3011 3111 3100 3001 3012 
3015 3111 3100 3001 3012 3112 3101 3002 3013 
3016 3112 3101 3002 3013 3113 3102 3003 3014 
3017 3113 3102 3003 3014 3114 3103 3004 3015 
3018 3114 3103 3004 3015 3115 3104 3005 3016 
3019 3115 3104 3005 3016 3116 3105 3006 3017 
3020 3116 3105 3006 3017 897 896 887 888 
3021 421 420 411 412 3117 3106 3007 3018 
3022 3117 3106 3007 3018 3118 3107 3008 3019 
3023 3118 3107 3008 3019 3119 3108 3009 3020 
3024 3119 3108 3009 3020 3120 3109 3010 3021 
3025 3120 3109 3010 3021 3121 3110 3011 3022 
3026 3121 3110 3011 3022 3122 3111 3012 3023 
3027 3122 3111 3012 3023 3123 3112 3013 3024 
3028 3123 3112 3013 3024 3124 3113 3014 3025 
3029 3124 3113 3014 3025 3125 3114 3015 3026 
3030 3125 3114 3015 3026 3126 3115 3016 3027 
3031 3126 3115 3016 3027 3127 3116 3017 3028 
3032 3127 3116 3017 3028 898 897 888 889 
3033 422 421 412 413 3128 3117 3018 3029 
3034 3128 3117 3018 3029 3129 3118 3019 3030 
3035 3129 3118 3019 3030 3130 3119 3020 3031 
3036 3130 3119 3020 3031 3131 3120 3021 3032 
3037 3131 3120 3021 3032 3132 3121 3022 3033 
3038 3132 3121 3022 3033 3133 3122 3023 3034 
3039 3133 3122 3023 3034 3134 3123 3024 3035 
3040 3134 3123 3024 3035 3135 3124 3025 3036 
3041 3135 3124 3025 3036 3136 3125 3026 3037 
3042 3136 3125 3026 3037 3137 3126 3027 3038 
3043 3137 3126 3027 3038 3138 3127 3028 3039 
3044 3138 3127 3028 3039 899 898 889 890 
3045 423 422 413 414 3139 3128 3029 3040 
3046 3139 3128 3029 3040 3140 3129 3030 3041 
3047 3140 3129 3030 3041 3141 3130 3031 3042 
3048 3141 3130 3031 3042 3142 3131 3032 3043 
3049 3142 3131 3032 3043 3143 3132 3033 3044 
3050 3143 3132 3033 3044 3144 3133 3034 3045 
3051 3144 3133 3034 3045 3145 3134 3035 3046 
3052 3145 3134 3035 3046 3146 3135 3036 3047 
3053 3146 3135 3036 3047 3147 3136 3037 3048 
3054 3147 3136 3037 3048 3148 3137 3038 3049 
3055 3148 3137 3038 3049 3149 3138 3039 3050 
3056 3149 3138 3039 3050 900 899 890 891 
3057 424 423 414 415 3150 3139 3040 3051 
3058 3150 3139 3040 3051 3151 3140 3041 3052 
3059 3151 3140 3041 3052 3152 3141 3042 3053 
3060 3152 3141 3042 3053 3153 3142 3043 3054 
3061 3153 3142 3043 3054 3154 3143 3044 3055 
3062 3154 3143 3044 3055 3155 3144 3045 3056 
3063 3155 3144 3045 3056 3156 3145 3046 3057 
3064 3156 3145 3046 3057 3157 3146 3047 3058 
3065 3157 3146 3047 3058 3158 3147 3048 3059 
3066 3158 3147 3048 3059 3159 3148 3049 3060 
3067 3159 3148 3049 3060 3160 3149 3050 3061 
3068 3160 3149 3050 3061 901 900 891 892 
3069 40 424 415 41 723 3150 3051 734 
3070 723 3150 3051 734 724 3151 3052 735 
3071 724 3151 3052 735 725 3152 3053 736 
3072 725 3152 3053 736 726 3153 3054 737 
3073 726 3153 3054 737 727 3154 3055 738 
3074 727 3154 3055 738 728 3155 3056 739 
3075 728 3155 3056 739 729 3156 3057 740 
3076 729 3156 3057 740 730 3157 3058 741 
3077 730 3157 3058 741 731 3158 3059 742 
3078 731 3158 3059 742 732 3159 3060 743 
3079 732 3159 3060 743 733 3160 3061 744 
3080 733 3160 3061 744 76 901 892 77 
3081 425 21 20 416 3161 514 503 3062 
3082 3161 514 503 3062 3162 515 504 3063 
3083 3162 515 504 3063 3163 516 505 3064 
3084 3163 516 505 3064 3164 517 506 3065 
3085 3164 517 506 3065 3165 518 507 3066 
3086 3165 518 507 3066 3166 519 508 3067 
3087 3166 519 508 3067 3167 520 509 3068 
3088 3167 520 509 3068 3168 521 510 3069 
3089 3168 521 510 3069 3169 522 511 3070 
3090 3169 522 511 3070 3170 523 512 3071 
3091 3170 523 512 3071 3171 524 513 3072 
3092 3171 524 513 3072 902 57 56 893 
3093 426 425 416 417 3172 3161 3062 3073 
3094 3172 3161 3062 3073 3173 3162 3063 3074 
3095 3173 3162 3063 3074 3174 3163 3064 3075 
3096 3174 3163 3064 3075 3175 3164 3065 3076 
3097 3175 3164 3065 3076 3176 3165 3066 3077 
3098 3176 3165 3066 3077 3177 3166 3067 3078 
3099 3177 3166 3067 3078 3178 3167 3068 3079 
3100 3178 3167 3068 3079 3179 3168 3069 3080 
3101 3179 3168 3069 3080 3180 3169 3070 3081 
3102 3180 3169 3070 3081 3181 3170 3071 3082 
3103 3181 3170 3071 3082 3182 3171 3072 3083 
3104 3182 3171 3072 3083 903 902 893 894 
3105 427 426 417 418 3183 3172 3073 3084 
3106 3183 3172 3073 3084 3184 3173 3074 3085 
3107 3184 3173 3074 3085 3185 3174 3075 3086 
3108 3185 3174 3075 3086 3186 3175 3076 3087 
3109 3186 3175 3076 3087 3187 3176 3077 3088 
3110 3187 3176 3077 3088 3188 3177 3078 3089 
3111 3188 3177 3078 3089 3189 3178 3079 3090 
3112 3189 3178 3079 3090 3190 3179 3080 3091 
3113 3190 3179 3080 3091 3191 3180 3081 3092 
3114 3191 3180 3081 3092 3192 3181 3082 3093 
3115 3192 3181 3082 3093 3193 3182 3083 3094 
3116 3193 3182 3083 3094 904 903 894 895 
3117 428 427 418 419 3194 3183 3084 3095 
3118 3194 3183 3084 3095 3195 3184 3085 3096 
3119 3195 3184 3085 3096 3196 3185 3086 3097 
3120 3196 3185 3086 3097 3197 3186 3087 3098 
3121 3197 3186 3087 3098 3198 3187 3088 3099 
3122 3198 3187 3088 3099 3199 3188 3089 3100 
3123 3199 3188 3089 3100 3200 3189 3090 3101 
3124 3200 3189 3090 3101 3201 3190 3091 3102 
3125 3201 3190 3091 3102 3202 3191 3092 3103 
3126 3202 3191 3092 3103 3203 3192 3093 3104 
3127 3203 3192 3093 3104 3204 3193 3094 3105 
3128 3204 3193 3094 3105 905 904 895 896 
3129 429 428 419 420 3205 3194 3095 3106 
3130 3205 3194 3095 3106 3206 3195 3096 3107 
3131 3206 3195 3096 3107 3207 3196 3097 3108 
3132 3207 3196 3097 3108 3208 3197 3098 3109 
3133 3208 3197 3098 3109 3209 3198 3099 3110 
3134 3209 3198 3099 3110 3210 3199 3100 3111 
3135 3210 3199 3100 3111 3211 3200 3101 3112 
3136 3211 3200 3101 3112 3212 3201 3102 3113 
3137 3212 3201 3102 3113 3213 3202 3103 3114 
3138 3213 3202 3103 3114 3214 3203 3104 3115 
3139 3214 3203 3104 3115 3215 3204 3105 3116 
3140 3215 3204 3105 3116 906 905 896 897 
3141 430 429 420 421 3216 3205 3106 3117 
3142 3216 3205 3106 3117 3217 3206 3107 3118 
3143 3217 3206 3107 3118 3218 3207 3108 3119 
3144 3218 3207 3108 3119 3219 3208 3109 3120 
3145 3219 3208 3109 3120 3220 3209 3110 3121 
3146 3220 3209 3110 3121 3221 3210 3111 3122 
3147 3221 3210 3111 3122 3222 3211 3112 3123 
3148 3222 3211 3112 3123 3223 3212 3113 3124 
3149 3223 3212 3113 3124 3224 3213 3114 3125 
3150 3224 3213 3114 3125 3225 3214 3115 3126 
3151 3225 3214 3115 3126 3226 3215 3116 3127 
3152 3226 3215 3116 3127 907 906 897 898 
3153 431 430 421 422 3227 3216 3117 3128 
3154 3227 3216 3117 3128 3228 3217 3118 3129 
3155 3228 3217 3118 3129 3229 3218 3119 3130 
3156 3229 3218 3119 3130 3230 3219 3120 3131 
3157 3230 3219 3120 3131 3231 3220 3121 3132 
3158 3231 3220 3121 3132 3232 3221 3122 3133 
3159 3232 3221 3122 3133 3233 3222 3123 3134 
3160 3233 3222 3123 3134 3234 3223 3124 3135 
3161 3234 3223 3124 3135 3235 3224 3125 3136 
3162 3235 3224 3125 3136 3236 3225 3126 3137 
3163 3236 3225 3126 3137 3237 3226 3127 3138 
3164 3237 3226 3127 3138 908 907 898 899 
3165 432 431 422 423 3238 3227 3128 3139 
3166 3238 3227 3128 3139 3239 3228 3129 3140 
3167 3239 3228 3129 3140 3240 3229 3130 3141 
3168 3240 3229 3130 3141 3241 3230 3131 3142 
3169 3241 3230 3131 3142 3242 3231 3132 3143 
3170 3242 3231 3132 3143 3243 3232 3133 3144 
3171 3243 3232 3133 3144 3244 3233 3134 3145 
3172 3244 3233 3134 3145 3245 3234 3135 3146 
3173 3245 3234 3135 3146 3246 3235 3136 3147 
3174 3246 3235 3136 3147 3247 3236 3137 3148 
3175 3247 3236 3137 3148 3248 3237 3138 3149 
3176 3248 3237 3138 3149 909 908 899 900 
3177 433 432 423 424 3249 3238 3139 3150 
3178 3249 3238 3139 3150 3250 3239 3140 3151 
3179 3250 3239 3140 3151 3251 3240 3141 3152 
3180 3251 3240 3141 3152 3252 3241 3142 3153 
3181 3252 3241 3142 3153 3253 3242 3143 3154 
3182 3253 3242 3143 3154 3254 3243 3144 3155 
3183 3254 3243 3144 3155 3255 3244 3145 3156 
3184 3255 3244 3145 3156 3256 3245 3146 3157 
3185 3256 3245 3146 3157 3257 3246 3147 3158 
3186 3257 3246 3147 3158 3258 3247 3148 3159 
3187 3258 3247 3148 3159 3259 3248 3149 3160 
3188 3259 3248 3149 3160 910 909 900 901 
3189 39 433 424 40 712 3249 3150 723 
3190 712 3249 3150 723 713 3250 3151 724 
3191 713 3250 3151 724 714 3251 3152 725 
3192 714 3251 3152 725 715 3252 3153 726 
3193 715 3252 3153 726 716 3253 3154 727 
3194 716 3253 3154 727 717 3254 3155 728 
3195 717 3254 3155 728 718 3255 3156 729 
3196 718 3255 3156 729 719 3256 3157 730 
3197 719 3256 3157 730 720 3257 3158 731 
3198 720 3257 3158 731 721 3258 3159 732 
3199 721 3258 3159 732 722 3259 3160 733 
3200 722 3259 3160 733 75 910 901 76 
3201 434 22 21 425 3260 525 514 3161 
3202 3260 525 514 3161 3261 526 515 3162 
3203 3261 526 515 3162 3262 527 516 3163 
3204 3262 527 516 3163 3263 528 517 3164 
3205 3263 528 517 3164 3264 529 518 3165 
3206 3264 529 518 3165 3265 530 519 3166 
3207 3265 530 519 3166 3266 531 520 3167 
3208 3266 531 520 3167 3267 532 521 3168 
3209 3267 532 521 3168 3268 533 522 3169 
3210 3268 533 522 3169 3269 534 523 3170 
3211 3269 534 523 3170 3270 535 524 3171 
3212 3270 535 524 3171 911 58 57 902 
3213 435 434 425 426 3271 3260 3161 3172 
3214 3271 3260 3161 3172 3272 3261 3162 3173 
3215 3272 3261 3162 3173 3273 3262 3163 3174 
3216 3273 3262 3163 3174 3274 3263 3164 3175 
3217 3274 3263 3164 3175 3275 3264 3165 3176 
3218 3275 3264 3165 3176 3276 3265 3166 3177 
3219 3276 3265 3166 3177 3277 3266 3167 3178 
3220 3277 3266 3167 3178 3278 3267 3168 3179 
3221 3278 3267 3168 3179 3279 3268 3169 3180 
3222 3279 3268 3169 3180 3280 3269 3170 3181 
3223 3280 3269 3170 3181 3281 3270 3171 3182 
3224 3281 3270 3171 3182 912 911 902 903 
3225 436 435 426 427 3282 3271 3172 3183 
3226 3282 3271 3172 3183 3283 3272 3173 3184 
3227 3283 3272 3173 3184 3284 3273 3174 3185 
3228 3284 3273 3174 3185 3285 3274 3175 3186 
3229 3285 3274 3175 3186 3286 3275 3176 3187 
3230 3286 3275 3176 3187 3287 3276 3177 3188 
3231 3287 3276 3177 3188 3288 3277 3178 3189 
3232 3288 3277 3178 3189 3289 3278 3179 3190 
3233 3289 3278 3179 3190 3290 3279 3180 3191 
3234 3290 3279 3180 3191 3291 3280 3181 3192 
3235 3291 3280 3181 3192 3292 3281 3182 3193 
3236 3292 3281 3182 3193 913 912 903 904 
3237 437 436 427 428 3293 3282 3183 3194 
3238 3293 3282 3183 3194 3294 3283 3184 3195 
3239 3294 3283 3184 3195 3295 3284 3185 3196 
3240 3295 3284 3185 3196 3296 3285 3186 3197 
3241 3296 3285 3186 3197 3297 3286 3187 3198 
3242 3297 3286 3187 3198 3298 3287 3188 3199 
3243 3298 3287 3188 3199 3299 3288 3189 3200 
3244 3299 3288 3189 3200 3300 3289 3190 3201 
3245 3300 3289 3190 3201 3301 3290 3191 3202 
3246 3301 3290 3191 3202 3302 3291 3192 3203 
3247 3302 3291 3192 3203 3303 3292 3193 3204 
3248 3303 3292 3193 3204 914 913 904 905 
3249 438 437 428 429 3304 3293 3194 3205 
3250 3304 3293 3194 3205 3305 3294 3195 3206 
3251 3305 3294 3195 3206 3306 3295 3196 3207 
3252 3306 3295 3196 3207 3307 3296 3197 3208 
3253 3307 3296 3197 3208 3308 3297 3198 3209 
3254 3308 3297 3198 3209 3309 3298 3199 3210 
3255 3309 3298 3199 3210 3310 3299 3200 3211 
3256 3310 3299 3200 3211 3311 3300 3201 3212 
3257 3311 3300 3201 3212 3312 3301 3202 3213 
3258 3312 3301 3202 3213 3313 3302 3203 3214 
3259 3313 3302 3203 3214 3314 3303 3204 3215 
3260 3314 3303 3204 3215 915 914 905 906 
3261 439 438 429 430 3315 3304 3205 3216 
3262 3315 3304 3205 3216 3316 3305 3206 3217 
3263 3316 3305 3206 3217 3317 3306 3207 3218 
3264 3317 3306 3207 3218 3318 3307 3208 3219 
3265 3318 3307 3208 3219 3319 3308 3209 3220 
3266 3319 3308 3209 3220 3320 3309 3210 3221 
3267 3320 3309 3210 3221 3321 3310 3211 3222 
3268 3321 3310 3211 3222 3322 3311 3212 3223 
3269 3322 3311 3212 3223 3323 3312 3213 3224 
3270 3323 3312 3213 3224 3324 3313 3214 3225 
3271 3324 3313 3214 3225 3325 3314 3215 3226 
3272 3325 3314 3215 3226 916 915 906 907 
3273 440 439 430 431 3326 3315 3216 3227 
3274 3326 3315 3216 3227 3327 3316 3217 3228 
3275 3327 3316 3217 3228 3328 3317 3218 3229 
3276 3328 3317 3218 3229 3329 3318 3219 3230 
3277 3329 3318 3219 3230 3330 3319 3220 3231 
3278 3330 3319 3220 3231 3331 3320 3221 3232 
3279 3331 3320 3221 3232 3332 3321 3222 3233 
3280 3332 3321 3222 3233 3333 3322 3223 3234 
3281 3333 3322 3223 3234 3334 3323 3224 3235 
3282 3334 3323 3224 3235 3335 3324 3225 3236 
3283 3335 3324 3225 3236 3336 3325 3226 3237 
3284 3336 3325 3226 3237 917 916 907 908 
3285 441 440 431 432 3337 3326 3227 3238 
3286 3337 3326 3227 3238 3338 3327 3228 3239 
3287 3338 3327 3228 3239 3339 3328 3229 3240 
3288 3339 3328 3229 3240 3340 3329 3230 3241 
3289 3340 3329 3230 3241 3341 3330 3231 3242 
3290 3341 3330 3231 3242 3342 3331 3232 3243 
3291 3342 3331 3232 3243 3343 3332 3233 3244 
3292 3343 3332 3233 3244 3344 3333 3234 3245 
3293 3344 3333 3234 3245 3345 3334 3235 3246 
3294 3345 3334 3235 3246 3346 3335 3236 3247 
3295 3346 3335 3236 3247 3347 3336 3237 3248 
3296 3347 3336 3237 3248 918 917 908 909 
3297 442 441 432 433 3348 3337 3238 3249 
3298 3348 3337 3238 3249 3349 3338 3239 3250 
3299 3349 3338 3239 3250 3350 3339 3240 3251 
3300 3350 3339 3240 3251 3351 3340 3241 3252 
3301 3351 3340 3241 3252 3352 3341 3242 3253 
3302 3352 3341 3242 3253 3353 3342 3243 3254 
3303 3353 3342 3243 3254 3354 3343 3244 3255 
3304 3354 3343 3244 3255 3355 3344 3245 3256 
3305 3355 3344 3245 3256 3356 3345 3246 3257 
3306 3356 3345 3246 3257 3357 3346 3247 3258 
3307 3357 3346 3247 3258 3358 3347 3248 3259 
3308 3358 3347 3248 3259 919 918 909 910 
3309 38 442 433 39 701 3348 3249 712 
3310 701 3348 3249 712 702 3349 3250 713 
3311 702 3349 3250 713 703 3350 3251 714 
3312 703 3350 3251 714 704 3351 3252 715 
3313 704 3351 3252 715 705 3352 3253 716 
3314 705 3352 3253 716 706 3353 3254 717 
3315 706 3353 3254 717 707 3354 3255 718 
3316 707 3354 3255 718 708 3355 3256 719 
3317 708 3355 3256 719 709 3356 3257 720 
3318 709 3356 3257 720 710 3357 3258 721 
3319 710 3357 3258 721 711 3358 3259 722 
3320 711 3358 3259 722 74 919 910 75 
3321 443 23 22 434 3359 536 525 3260 
3322 3359 536 525 3260 3360 537 526 3261 
3323 3360 537 526 3261 3361 538 527 3262 
3324 3361 538 527 3262 3362 539 528 3263 
3325 3362 539 528 3263 3363 540 529 3264 
3326 3363 540 529 3264 3364 541 530 3265 
3327 3364 541 530 3265 3365 542 531 3266 
3328 3365 542 531 3266 3366 543 532 3267 
3329 3366 543 532 3267 3367 544 533 3268 
3330 3367 544 533 3268 3368 545 534 3269 
3331 3368 545 534 3269 3369 546 535 3270 
3332 3369 546 535 3270 920 59 58 911 
3333 444 443 434 435 3370 3359 3260 3271 
3334 3370 3359 3260 3271 3371 3360 3261 3272 
3335 3371 3360 3261 3272 3372 3361 3262 3273 
3336 3372 3361 3262 3273 3373 3362 3263 3274 
3337 3373 3362 3263 3274 3374 3363 3264 3275 
3338 3374 3363 3264 3275 3375 3364 3265 3276 
3339 3375 3364 3265 3276 3376 3365 3266 3277 
3340 3376 3365 3266 3277 3377 3366 3267 3278 
3341 3377 3366 3267 3278 3378 3367 3268 3279 
3342 3378 3367 3268 3279 3379 3368 3269 3280 
3343 3379 3368 3269 3280 3380 3369 3270 3281 
3344 3380 3369 3270 3281 921 920 911 912 
3345 445 444 435 436 3381 3370 3271 3282 
3346 3381 3370 3271 3282 3382 3371 3272 3283 
3347 3382 3371 3272 3283 3383 3372 3273 3284 
3348 3383 3372 3273 3284 3384 3373 3274 3285 
3349 3384 3373 3274 3285 3385 3374 3275 3286 
3350 3385 3374 3275 3286 3386 3375 3276 3287 
3351 3386 3375 3276 3287 3387 3376 3277 3288 
3352 3387 3376 3277 3288 3388 3377 3278 3289 
3353 3388 3377 3278 3289 3389 3378 3279 3290 
3354 3389 3378 3279 3290 3390 3379 3280 3291 
3355 3390 3379 3280 3291 3391 3380 3281 3292 
3356 3391 3380 3281 3292 922 921 912 913 
3357 446 445 436 437 3392 3381 3282 3293 
3358 3392 3381 3282 3293 3393 3382 3283 3294 
3359 3393 3382 3283 3294 3394 3383 3284 3295 
3360 3394 3383 3284 3295 3395 3384 3285 3296 
3361 3395 3384 3285 3296 3396 3385 3286 3297 
3362 3396 3385 3286 3297 3397 3386 3287 3298 
3363 3397 3386 3287 3298 3398 3387 3288 3299 
3364 3398 3387 3288 3299 3399 3388 3289 3300 
3365 3399 3388 3289 3300 3400 3389 3290 3301 
3366 3400 3389 3290 3301 3401 3390 3291 3302 
3367 3401 3390 3291 3302 3402 3391 3292 3303 
3368 3402 3391 3292 3303 923 922 913 914 
3369 447 446 437 438 3403 3392 3293 3304 
3370 3403 3392 3293 3304 3404 3393 3294 3305 
3371 3404 3393 3294 3305 3405 3394 3295 3306 
3372 3405 3394 3295 3306 3406 3395 3296 3307 
3373 3406 3395 3296 3307 3407 3396 3297 3308 
3374 3407 3396 3297 3308 3408 3397 3298 3309 
3375 3408 3397 3298 3309 3409 3398 3299 3310 
3376 3409 3398 3299 3310 3410 3399 3300 3311 
3377 3410 3399 3300 3311 3411 3400 3301 3312 
3378 3411 3400 3301 3312 3412 3401 3302 3313 
3379 3412 3401 3302 3313 3413 3402 3303 3314 
3380 3413 3402 3303 3314 924 923 914 915 
3381 448 447 438 439 3414 3403 3304 3315 
3382 3414 3403 3304 3315 3415 3404 3305 3316 
3383 3415 3404 3305 3316 3416 3405 3306 3317 
3384 3416 3405 3306 3317 3417 3406 3307 3318 
3385 3417 3406 3307 3318 3418 3407 3308 3319 
3386 3418 3407 3308 3319 3419 3408 3309 3320 
3387 3419 3408 3309 3320 3420 3409 3310 3321 
3388 3420 3409 3310 3321 3421 3410 3311 3322 
3389 3421 3410 3311 3322 3422 3411 3312 3323 
3390 3422 3411 3312 3323 3423 3412 3313 3324 
3391 3423 3412 3313 3324 3424 3413 3314 3325 
3392 3424 3413 3314 3325 925 924 915 916 
3393 449 448 439 440 3425 3414 3315 3326 
3394 3425 3414 3315 3326 3426 3415 3316 3327 
3395 3426 3415 3316 3327 3427 3416 3317 3328 
3396 3427 3416 3317 3328 3428 3417 3318 3329 
3397 3428 3417 3318 3329 3429 3418 3319 3330 
3398 3429 3418 3319 3330 3430 3419 3320 3331 
3399 3430 3419 3320 3331 3431 3420 3321 3332 
3400 3431 3420 3321 3332 3432 3421 3322 3333 
3401 3432 3421 3322 3333 3433 3422 3323 3334 
3402 3433 3422 3323 3334 3434 3423 3324 3335 
3403 3434 3423 3324 3335 3435 3424 3325 3336 
3404 3435 3424 3325 3336 926 925 916 917 
3405 450 449 440 441 3436 3425 3326 3337 
3406 3436 3425 3326 3337 3437 3426 3327 3338 
3407 3437 3426 3327 3338 3438 3427 3328 3339 
3408 3438 3427 3328 3339 3439 3428 3329 3340 
3409 3439 3428 3329 3340 3440 3429 3330 3341 
3410 3440 3429 3330 3341 3441 3430 3331 3342 
3411 3441 3430 3331 3342 3442 3431 3332 3343 
3412 3442 3431 3332 3343 3443 3432 3333 3344 
3413 3443 3432 3333 3344 3444 3433 3334 3345 
3414 3444 3433 3334 3345 3445 3434 3335 3346 
3415 3445 3434 3335 3346 3446 3435 3336 3347 
3416 3446 3435 3336 3347 927 926 917 918 
3417 451 450 441 442 3447 3436 3337 3348 
3418 3447 3436 3337 3348 3448 3437 3338 3349 
3419 3448 3437 3338 3349 3449 3438 3339 3350 
3420 3449 3438 3339 3350 3450 3439 3340 3351 
3421 3450 3439 3340 3351 3451 3440 3341 3352 
3422 3451 3440 3341 3352 3452 3441 3342 3353 
3423 3452 3441 3342 3353 3453 3442 3343 3354 
3424 3453 3442 3343 3354 3454 3443 3344 3355 
3425 3454 3443 3344 3355 3455 3444 3345 3356 
3426 3455 3444 3345 3356 3456 3445 3346 3357 
3427 3456 3445 3346 3357 3457 3446 3347 3358 
3428 3457 3446 3347 3358 928 927 918 919 
3429 37 451 442 38 690 3447 3348 701 
3430 690 3447 3348 701 691 3448 3349 702 
3431 691 3448 3349 702 692 3449 3350 703 
3432 692 3449 3350 703 693 3450 3351 704 
3433 693 3450 3351 704 694 3451 3352 705 
3434 694 3451 3352 705 695 3452 3353 706 
3435 695 3452 3353 706 696 3453 3354 707 
3436 696 3453 3354 707 697 3454 3355 708 
3437 697 3454 3355 708 698 3455 3356 709 
3438 698 3455 3356 709 699 3456 3357 710 
3439 699 3456 3357 710 700 3457 3358 711 
3440 700 3457 3358 711 73 928 919 74 
3441 452 24 23 443 3458 547 536 3359 
3442 3458 547 536 3359 3459 548 537 3360 
3443 3459 548 537 3360 3460 549 538 3361 
3444 3460 549 538 3361 3461 550 539 3362 
3445 3461 550 539 3362 3462 551 540 3363 
3446 3462 551 540 3363 3463 552 541 3364 
3447 3463 552 541 3364 3464 553 542 3365 
3448 3464 553 542 3365 3465 554 543 3366 
3449 3465 554 543 3366 3466 555 544 3367 
3450 3466 555 544 3367 3467 556 545 3368 
3451 3467 556 545 3368 3468 557 546 3369 
3452 3468 557 546 3369 929 60 59 920 
3453 453 452 443 444 3469 3458 3359 3370 
3454 3469 3458 3359 3370 3470 3459 3360 3371 
3455 3470 3459 3360 3371 3471 3460 3361 3372 
3456 3471 3460 3361 3372 3472 3461 3362 3373 
3457 3472 3461 3362 3373 3473 3462 3363 3374 
3458 3473 3462 3363 3374 3474 3463 3364 3375 
3459 3474 3463 3364 3375 3475 3464 3365 3376 
3460 3475 3464 3365 3376 3476 3465 3366 3377 
3461 3476 3465 3366 3377 3477 3466 3367 3378 
3462 3477 3466 3367 3378 3478 3467 3368 3379 
3463 3478 3467 3368 3379 3479 3468 3369 3380 
3464 3479 3468 3369 3380 930 929 920 921 
3465 454 453 444 445 3480 3469 3370 3381 
3466 3480 3469 3370 3381 3481 3470 3371 3382 
3467 3481 3470 3371 3382 3482 3471 3372 3383 
3468 3482 3471 3372 3383 3483 3472 3373 3384 
3469 3483 3472 3373 3384 3484 3473 3374 3385 
3470 3484 3473 3374 3385 3485 3474 3375 3386 
3471 3485 3474 3375 3386 3486 3475 3376 3387 
3472 3486 3475 3376 3387 3487 3476 3377 3388 
3473 3487 3476 3377 3388 3488 3477 3378 3389 
3474 3488 3477 3378 3389 3489 3478 3379 3390 
3475 3489 3478 3379 3390 3490 3479 3380 3391 
3476 3490 3479 3380 3391 931 930 921 922 
3477 455 454 445 446 3491 3480 3381 3392 
3478 3491 3480 3381 3392 3492 3481 3382 3393 
3479 3492 3481 3382 3393 3493 3482 3383 3394 
3480 3493 3482 3383 3394 3494 3483 3384 3395 
3481 3494 3483 3384 3395 3495 3484 3385 3396 
3482 3495 3484 3385 3396 3496 3485 3386 3397 
3483 3496 3485 3386 3397 3497 3486 3387 3398 
3484 3497 3486 3387 3398 3498 3487 3388 3399 
3485 3498 3487 3388 3399 3499 3488 3389 3400 
3486 3499 3488 3389 3400 3500 3489 3390 3401 
3487 3500 3489 3390 3401 3501 3490 3391 3402 
3488 3501 3490 3391 3402 932 931 922 923 
3489 456 455 446 447 3502 3491 3392 3403 
3490 3502 3491 3392 3403 3503 3492 3393 3404 
3491 3503 3492 3393 3404 3504 3493 3394 3405 
3492 3504 3493 3394 3405 3505 3494 3395 3406 
3493 3505 3494 3395 3406 3506 3495 3396 3407 
3494 3506 3495 3396 3407 3507 3496 3397 3408 
3495 3507 3496 3397 3408 3508 3497 3398 3409 
3496 3508 3497 3398 3409 3509 3498 3399 3410 
3497 3509 3498 3399 3410 3510 3499 3400 3411 
3498 3510 3499 3400 3411 3511 3500 3401 3412 
3499 3511 3500 3401 3412 3512 3501 3402 3413 
3500 3512 3501 3402 3413 933 932 923 924 
3501 457 456 447 448 3513 3502 3403 3414 
3502 3513 3502 3403 3414 3514 3503 3404 3415 
3503 3514 3503 3404 3415 3515 3504 3405 3416 
3504 3515 3504 3405 3416 3516 3505 3406 3417 
3505 3516 3505 3406 3417 3517 3506 3407 3418 
3506 3517 3506 3407 3418 3518 3507 3408 3419 
3507 3518 3507 3408 3419 3519 3508 3409 3420 
3508 3519 3508 3409 3420 3520 3509 3410 3421 
3509 3520 3509 3410 3421 3521 3510 3411 3422 
3510 3521 3510 3411 3422 3522 3511 3412 3423 
3511 3522 3511 3412 3423 3523 3512 3413 3424 
3512 3523 3512 3413 3424 934 933 924 925 
3513 458 457 448 449 3524 3513 3414 3425 
3514 3524 3513 3414 3425 3525 3514 3415 3426 
3515 3525 3514 3415 3426 3526 3515 3416 3427 
3516 3526 3515 3416 3427 3527 3516 3417 3428 
3517 3527 3516 3417 3428 3528 3517 3418 3429 
3518 3528 3517 3418 3429 3529 3518 3419 3430 
3519 3529 3518 3419 3430 3530 3519 3420 3431 
3520 3530 3519 3420 3431 3531 3520 3421 3432 
3521 3531 3520 3421 3432 3532 3521 3422 3433 
3522 3532 3521 3422 3433 3533 3522 3423 3434 
3523 3533 3522 3423 3434 3534 3523 3424 3435 
3524 3534 3523 3424 3435 935 934 925 926 
3525 459 458 449 450 3535 3524 3425 3436 
3526 3535 3524 3425 3436 3536 3525 3426 3437 
3527 3536 3525 3426 3437 3537 3526 3427 3438 
3528 3537 3526 3427 3438 3538 3527 3428 3439 
3529 3538 3527 3428 3439 3539 3528 3429 3440 
3530 3539 3528 3429 3440 3540 3529 3430 3441 
3531 3540 3529 3430 3441 3541 3530 3431 3442 
3532 3541 3530 3431 3442 3542 3531 3432 3443 
3533 3542 3531 3432 3443 3543 3532 3433 3444 
3534 3543 3532 3433 3444 3544 3533 3434 3445 
3535 3544 3533 3434 3445 3545 3534 3435 3446 
3536 3545 3534 3435 3446 936 935 926 927 
3537 460 459 450 451 3546 3535 3436 3447 
3538 3546 3535 3436 3447 3547 3536 3437 3448 
3539 3547 3536 3437 3448 3548 3537 3438 3449 
3540 3548 3537 3438 3449 3549 3538 3439 3450 
3541 3549 3538 3439 3450 3550 3539 3440 3451 
3542 3550 3539 3440 3451 3551 3540 3441 3452 
3543 3551 3540 3441 3452 3552 3541 3442 3453 
3544 3552 3541 3442 3453 3553 3542 3443 3454 
3545 3553 3542 3443 3454 3554 3543 3444 3455 
3546 3554 3543 3444 3455 3555 3544 3445 3456 
3547 3555 3544 3445 3456 3556 3545 3446 3457 
3548 3556 3545 3446 3457 937 936 927 928 
3549 36 460 451 37 679 3546 3447 690 
3550 679 3546 3447 690 680 3547 3448 691 
3551 680 3547 3448 691 681 3548 3449 692 
3552 681 3548 3449 692 682 3549 3450 693 
3553 682 3549 3450 693 683 3550 3451 694 
3554 683 3550 3451 694 684 3551 3452 695 
3555 684 3551 3452 695 685 3552 3453 696 
3556 685 3552 3453 696 686 3553 3454 697 
3557 686 3553 3454 697 687 3554 3455 698 
3558 687 3554 3455 698 688 3555 3456 699 
3559 688 3555 3456 699 689 3556 3457 700 
3560 689 3556 3457 700 72 937 928 73 
3561 461 25 24 452 3557 558 547 3458 
3562 3557 558 547 3458 3558 559 548 3459 
3563 3558 559 548 3459 3559 560 549 3460 
3564 3559 560 549 3460 3560 561 550 3461 
3565 3560 561 550 3461 3561 562 551 3462 
3566 3561 562 551 3462 3562 563 552 3463 
3567 3562 563 552 3463 3563 564 553 3464 
3568 3563 564 553 3464 3564 565 554 3465 
3569 3564 565 554 3465 3565 566 555 3466 
3570 3565 566 555 3466 3566 567 556 3467 
3571 3566 567 556 3467 3567 568 557 3468 
3572 3567 568 557 3468 938 61 60 929 
3573 462 461 452 453 3568 3557 3458 3469 
3574 3568 3557 3458 3469 3569 3558 3459 3470 
3575 3569 3558 3459 3470 3570 3559 3460 3471 
3576 3570 3559 3460 3471 3571 3560 3461 3472 
3577 3571 3560 3461 3472 3572 3561 3462 3473 
3578 3572 3561 3462 3473 3573 3562 3463 3474 
3579 3573 3562 3463 3474 3574 3563 3464 3475 
3580 3574 3563 3464 3475 3575 3564 3465 3476 
3581 3575 3564 3465 3476 3576 3565 3466 3477 
3582 3576 3565 3466 3477 3577 3566 3467 3478 
3583 3577 3566 3467 3478 3578 3567 3468 3479 
3584 3578 3567 3468 3479 939 938 929 930 
3585 463 462 453 454 3579 3568 3469 3480 
3586 3579 3568 3469 3480 3580 3569 3470 3481 
3587 3580 3569 3470 3481 3581 3570 3471 3482 
3588 3581 3570 3471 3482 3582 3571 3472 3483 
3589 3582 3571 3472 3483 3583 3572 3473 3484 
3590 3583 3572 3473 3484 3584 3573 3474 3485 
3591 3584 3573 3474 3485 3585 3574 3475 3486 
3592 3585 3574 3475 3486 3586 3575 3476 3487 
3593 3586 3575 3476 3487 3587 3576 3477 3488 
3594 3587 3576 3477 3488 3588 3577 3478 3489 
3595 3588 3577 3478 3489 3589 3578 3479 3490 
3596 3589 3578 3479 3490 940 939 930 931 
3597 464 463 454 455 3590 3579 3480 3491 
3598 3590 3579 3480 3491 3591 3580 3481 3492 
3599 3591 3580 3481 3492 3592 3581 3482 3493 
3600 3592 3581 3482 3493 3593 3582 3483 3494 
3601 3593 3582 3483 3494 3594 3583 3484 3495 
3602 3594 3583 3484 3495 3595 3584 3485 3496 
3603 3595 3584 3485 3496 3596 3585 3486 3497 
3604 3596 3585 3486 3497 3597 3586 3487 3498 
3605 3597 3586 3487 3498 3598 3587 3488 3499 
3606 3598 3587 3488 3499 3599 3588 3489 3500 
3607 3599 3588 3489 3500 3600 3589 3490 3501 
3608 3600 3589 3490 3501 941 940 931 932 
3609 465 464 455 456 3601 3590 3491 3502 
3610 3601 3590 3491 3502 3602 3591 3492 3503 
3611 3602 3591 3492 3503 3603 3592 3493 3504 
3612 3603 3592 3493 3504 3604 3593 3494 3505 
3613 3604 3593 3494 3505 3605 3594 3495 3506 
3614 3605 3594 3495 3506 3606 3595 3496 3507 
3615 3606 3595 3496 3507 3607 3596 3497 3508 
3616 3607 3596 3497 3508 3608 3597 3498 3509 
3617 3608 3597 3498 3509 3609 3598 3499 3510 
3618 3609 3598 3499 3510 3610 3599 3500 3511 
3619 3610 3599 3500 3511 3611 3600 3501 3512 
3620 3611 3600 3501 3512 942 941 932 933 
3621 466 465 456 457 3612 3601 3502 3513 
3622 3612 3601 3502 3513 3613 3602 3503 3514 
3623 3613 3602 3503 3514 3614 3603 3504 3515 
3624 3614 3603 3504 3515 3615 3604 3505 3516 
3625 3615 3604 3505 3516 3616 3605 3506 3517 
3626 3616 3605 3506 3517 3617 3606 3507 3518 
3627 3617 3606 3507 3518 3618 3607 3508 3519 
3628 3618 3607 3508 3519 3619 3608 3509 3520 
3629 3619 3608 3509 3520 3620 3609 3510 3521 
3630 3620 3609 3510 3521 3621 3610 3511 3522 
3631 3621 3610 3511 3522 3622 3611 3512 3523 
3632 3622 3611 3512 3523 943 942 933 934 
3633 467 466 457 458 3623 3612 3513 3524 
3634 3623 3612 3513 3524 3624 3613 3514 3525 
3635 3624 3613 3514 3525 3625 3614 3515 3526 
3636 3625 3614 3515 3526 3626 3615 3516 3527 
3637 3626 3615 3516 3527 3627 3616 3517 3528 
3638 3627 3616 3517 3528 3628 3617 3518 3529 
3639 3628 3617 3518 3529 3629 3618 3519 3530 
3640 3629 3618 3519 3530 3630 3619 3520 3531 
3641 3630 3619 3520 3531 3631 3620 3521 3532 
3642 3631 3620 3521 3532 3632 3621 3522 3533 
3643 3632 3621 3522 3533 3633 3622 3523 3534 
3644 3633 3622 3523 3534 944 943 934 935 
3645 468 467 458 459 3634 3623 3524 3535 
3646 3634 3623 3524 3535 3635 3624 3525 3536 
3647 3635 3624 3525 3536 3636 3625 3526 3537 
3648 3636 3625 3526 3537 3637 3626 3527 3538 
3649 3637 3626 3527 3538 3638 3627 3528 3539 
3650 3638 3627 3528 3539 3639 3628 3529 3540 
3651 3639 3628 3529 3540 3640 3629 3530 3541 
3652 3640 3629 3530 3541 3641 3630 3531 3542 
3653 3641 3630 3531 3542 3642 3631 3532 3543 
3654 3642 3631 3532 3543 3643 3632 3533 3544 
3655 3643 3632 3533 3544 3644 3633 3534 3545 
3656 3644 3633 3534 3545 945 944 935 936 
3657 469 468 459 460 3645 3634 3535 3546 
3658 3645 3634 3535 3546 3646 3635 3536 3547 
3659 3646 3635 3536 3547 3647 3636 3537 3548 
3660 3647 3636 3537 3548 3648 3637 3538 3549 
3661 3648 3637 3538 3549 3649 3638 3539 3550 
3662 3649 3638 3539 3550 3650 3639 3540 3551 
3663 3650 3639 3540 3551 3651 3640 3541 3552 
3664 3651 3640 3541 3552 3652 3641 3542 3553 
3665 3652 3641 3542 3553 3653 3642 3543 3554 
3666 3653 3642 3543 3554 3654 3643 3544 3555 
3667 3654 3643 3544 3555 3655 3644 3545 3556 
3668 3655 3644 3545 3556 946 945 936 937 
3669 35 469 460 36 668 3645 3546 679 
3670 668 3645 3546 679 669 3646 3547 680 
3671 669 3646 3547 680 670 3647 3548 681 
3672 670 3647 3548 681 671 3648 3549 682 
3673 671 3648 3549 682 672 3649 3550 683 
3674 672 3649 3550 683 673 3650 3551 684 
3675 673 3650 3551 684 674 3651 3552 685 
3676 674 3651 3552 685 675 3652 3553 686 
3677 675 3652 3553 686 676 3653 3554 687 
3678 676 3653 3554 687 677 3654 3555 688 
3679 677 3654 3555 688 678 3655 3556 689 
3680 678 3655 3556 689 71 946 937 72 
3681 26 2 25 461 569 100 558 3557 
3682 569 100 558 3557 570 101 559 3558 
3683 570 101 559 3558 571 102 560 3559 
3684 571 102 560 3559 572 103 561 3560 
3685 572 103 561 3560 573 104 562 3561 
3686 573 104 562 3561 574 105 563 3562 
3687 574 105 563 3562 575 106 564 3563 
3688 575 106 564 3563 576 107 565 3564 
3689 576 107 565 3564 577 108 566 3565 
3690 577 108 566 3565 578 109 567 3566 
3691 578 109 567 3566 579 110 568 3567 
3692 579 110 568 3567 62 6 61 938 
3693 27 26 461 462 580 569 3557 3568 
3694 580 569 3557 3568 581 570 3558 3569 
3695 581 570 3558 3569 582 571 3559 3570 
3696 582 571 3559 3570 583 572 3560 3571 
3697 583 572 3560 3571 584 573 3561 3572 
3698 584 573 3561 3572 585 574 3562 3573 
3699 585 574 3562 3573 586 575 3563 3574 
3700 586 575 3563 3574 587 576 3564 3575 
3701 587 576 3564 3575 588 577 3565 3576 
3702 588 577 3565 3576 589 578 3566 3577 
3703 589 578 3566 3577 590 579 3567 3578 
3704 590 579 3567 3578 63 62 938 939 
3705 28 27 462 463 591 580 3568 3579 
3706 591 580 3568 3579 592 581 3569 3580 
3707 592 581 3569 3580 593 582 3570 3581 
3708 593 582 3570 3581 594 583 3571 3582 
3709 594 583 3571 3582 595 584 3572 3583 
3710 595 584 3572 3583 596 585 3573 3584 
3711 596 585 3573 3584 597 586 3574 3585 
3712 597 586 3574 3585 598 587 3575 3586 
3713 598 587 3575 3586 599 588 3576 3587 
3714 599 588 3576 3587 600 589 3577 3588 
3715 600 589 3577 3588 601 590 3578 3589 
3716 601 590 3578 3589 64 63 939 940 
3717 29 28 463 464 602 591 3579 3590 
3718 602 591 3579 3590 603 592 3580 3591 
3719 603 592 3580 3591 604 593 3581 3592 
3720 604 593 3581 3592 605 594 3582 3593 
3721 605 594 3582 3593 606 595 3583 3594 
3722 606 595 3583 3594 607 596 3584 3595 
3723 607 596 3584 3595 608 597 3585 3596 
3724 608 597 3585 3596 609 598 3586 3597 
3725 609 598 3586 3597 610 599 3587 3598 
3726 610 599 3587 3598 611 600 3588 3599 
3727 611 600 3588 3599 612 601 3589 3600 
3728 612 601 3589 3600 65 64 940 941 
3729 30 29 464 465 613 602 3590 3601 
3730 613 602 3590 3601 614 603 3591 3602 
3731 614 603 3591 3602 615 604 3592 3603 
3732 615 604 3592 3603 616 605 3593 3604 
3733 616 605 3593 3604 617 606 3594 3605 
3734 617 606 3594 3605 618 607 3595 3606 
3735 618 607 3595 3606 619 608 3596 3607 
3736 619 608 3596 3607 620 609 3597 3608 
3737 620 609 3597 3608 621 610 3598 3609 
3738 621 610 3598 3609 622 611 3599 3610 
3739 622 611 3599 3610 623 612 3600 3611 
3740 623 612 3600 3611 66 65 941 942 
3741 31 30 465 466 624 613 3601 3612 
3742 624 613 3601 3612 625 614 3602 3613 
3743 625 614 3602 3613 626 615 3603 3614 
3744 626 615 3603 3614 627 616 3604 3615 
3745 627 616 3604 3615 628 617 3605 3616 
3746 628 617 3605 3616 629 618 3606 3617 
3747 629 618 3606 3617 630 619 3607 3618 
3748 630 619 3607 3618 631 620 3608 3619 
3749 631 620 3608 3619 632 621 3609 3620 
3750 632 621 3609 3620 633 622 3610 3621 
3751 633 622 3610 3621 634 623 3611 3622 
3752 634 623 3611 3622 67 66 942 943 
3753 32 31 466 467 635 624 3612 3623 
3754 635 624 3612 3623 636 625 3613 3624 
3755 636 625 3613 3624 637 626 3614 3625 
3756 637 626 3614 3625 638 627 3615 3626 
3757 638 627 3615 3626 639 628 3616 3627 
3758 639 628 3616 3627 640 629 3617 3628 
3759 640 629 3617 3628 641 630 3618 3629 
3760 641 630 3618 3629 642 631 3619 3630 
3761 642 631 3619 3630 643 632 3620 3631 
3762 643 632 3620 3631 644 633 3621 3632 
3763 644 633 3621 3632 645 634 3622 3633 
3764 645 634 3622 3633 68 67 943 944 
3765 33 32 467 468 646 635 3623 3634 
3766 646 635 3623 3634 647 636 3624 3635 
3767 647 636 3624 3635 648 637 3625 3636 
3768 648 637 3625 3636 649 638 3626 3637 
3769 649 638 3626 3637 650 639 3627 3638 
3770 650 639 3627 3638 651 640 3628 3639 
3771 651 640 3628 3639 652 641 3629 3640 
3772 652 641 3629 3640 653 642 3630 3641 
3773 653 642 3630 3641 654 643 3631 3642 
3774 654 643 3631 3642 655 644 3632 3643 
3775 655 644 3632 3643 656 645 3633 3644 
3776 656 645 3633 3644 69 68 944 945 
3777 34 33 468 469 657 646 3634 3645 
3778 657 646 3634 3645 658 647 3635 3646 
3779 658 647 3635 3646 659 648 3636 3647 
3780 659 648 3636 3647 660 649 3637 3648 
3781 660 649 3637 3648 661 650 3638 3649 
3782 661 650 3638 3649 662 651 3639 3650 
3783 662 651 3639 3650 663 652 3640 3651 
3784 663 652 3640 3651 664 653 3641 3652 
3785 664 653 3641 3652 665 654 3642 3653 
3786 665 654 3642 3653 666 655 3643 3654 
3787 666 655 3643 3654 667 656 3644 3655 
3788 667 656 3644 3655 70 69 945 946 
3789 3 34 469 35 111 657 3645 668 
3790 111 657 3645 668 112 658 3646 669 
3791 112 658 3646 669 113 659 3647 670 
3792 113 659 3647 670 114 660 3648 671 
3793 114 660 3648 671 115 661 3649 672 
3794 115 661 3649 672 116 662 3650 673 
3795 116 662 3650 673 117 663 3651 674 
3796 117 663 3651 674 118 664 3652 675 
3797 118 664 3652 675 119 665 3653 676 
3798 119 665 3653 676 120 666 3654 677 
3799 120 666 3654 677 121 667 3655 678 
3800 121 667 3655 678 7 70 946 71 
3 2 5 3600
3801 866 53 5 88 3656 947 169 2172 
3802 3656 947 169 2172 3657 948 170 2173 
3803 3657 948 170 2173 3658 949 171 2174 
3804 3658 949 171 2174 3659 950 172 2175 
3805 3659 950 172 2175 3660 951 173 2176 
3806 3660 951 173 2176 3661 952 174 2177 
3807 3661 952 174 2177 3662 953 175 2178 
3808 3662 953 175 2178 3663 954 176 2179 
3809 3663 954 176 2179 3664 955 177 2180 
3810 3664 955 177 2180 3665 956 178 2181 
3811 3665 956 178 2181 3666 957 179 2182 
3812 3666 957 179 2182 3667 958 180 2183 
3813 3667 958 180 2183 3668 959 181 2184 
3814 3668 959 181 2184 3669 960 182 2185 
3815 3669 960 182 2185 3670 961 183 2186 
3816 3670 961 183 2186 3671 962 184 2187 
3817 3671 962 184 2187 3672 963 185 2188 
3818 3672 963 185 2188 3673 964 186 2189 
3819 3673 964 186 2189 3674 965 187 2190 
3820 3674 965 187 2190 3675 966 188 2191 
3821 3675 966 188 2191 3676 967 189 2192 
3822 3676 967 189 2192 3677 968 190 2193 
3823 3677 968 190 2193 3678 969 191 2194 
3824 3678 969 191 2194 3679 970 192 2195 
3825 3679 970 192 2195 3680 971 193 2196 
3826 3680 971 193 2196 3681 972 194 2197 
3827 3681 972 194 2197 3682 973 195 2198 
3828 3682 973 195 2198 3683 974 196 2199 
3829 3683 974 196 2199 3684 975 197 2200 
3830 3684 975 197 2200 3685 976 198 2201 
3831 3685 976 198 2201 3686 977 199 2202 
3832 3686 977 199 2202 3687 978 200 2203 
3833 3687 978 200 2203 3688 979 201 2204 
3834 3688 979 201 2204 3689 980 202 2205 
3835 3689 980 202 2205 3690 981 203 2206 
3836 3690 981 203 2206 2207 133 9 168 
3837 867 866 88 87 3691 3656 2172 2137 
3838 3691 3656 2172 2137 3692 3657 2173 2138 
3839 3692 3657 2173 2138 3693 3658 2174 2139 
3840 3693 3658 2174 2139 3694 3659 2175 2140 
3841 3694 3659 2175 2140 3695 3660 2176 2141 
3842 3695 3660 2176 2141 3696 3661 2177 2142 
3843 3696 3661 2177 2142 3697 3662 2178 2143 
3844 3697 3662 2178 2143 3698 3663 2179 2144 
3845 3698 3663 2179 2144 3699 3664 2180 2145 
3846 3699 3664 2180 2145 3700 3665 2181 2146 
3847 3700 3665 2181 2146 3701 3666 2182 2147 
3848 3701 3666 2182 2147 3702 3667 2183 2148 
3849 3702 3667 2183 2148 3703 3668 2184 2149 
3850 3703 3668 2184 2149 3704 3669 2185 2150 
3851 3704 3669 2185 2150 3705 3670 2186 2151 
3852 3705 3670 2186 2151 3706 3671 2187 2152 
3853 3706 3671 2187 2152 3707 3672 2188 2153 
3854 3707 3672 2188 2153 3708 3673 2189 2154 
3855 3708 3673 2189 2154 3709 3674 2190 2155 
3856 3709 3674 2190 2155 3710 3675 2191 2156 
3857 3710 3675 2191 2156 3711 3676 2192 2157 
3858 3711 3676 2192 2157 3712 3677 2193 2158 
3859 3712 3677 2193 2158 3713 3678 2194 2159 
3860 3713 3678 2194 2159 3714 3679 2195 2160 
3861 3714 3679 2195 2160 3715 3680 2196 2161 
3862 3715 3680 2196 2161 3716 3681 2197 2162 
3863 3716 3681 2197 2162 3717 3682 2198 2163 
3864 3717 3682 2198 2163 3718 3683 2199 2164 
3865 3718 3683 2199 2164 3719 3684 2200 2165 
3866 3719 3684 2200 2165 3720 3685 2201 2166 
3867 3720 3685 2201 2166 3721 3686 2202 2167 
3868 3721 3686 2202 2167 3722 3687 2203 2168 
3869 3722 3687 2203 2168 3723 3688 2204 2169 
3870 3723 3688 2204 2169 3724 3689 2205 2170 
3871 3724 3689 2205 2170 3725 3690 2206 2171 
3872 3725 3690 2206 2171 2208 2207 168 167 
3873 868 867 87 86 3726 3691 2137 2102 
3874 3726 3691 2137 2102 3727 3692 2138 2103 
3875 3727 3692 2138 2103 3728 3693 2139 2104 
3876 3728 3693 2139 2104 3729 3694 2140 2105 
3877 3729 3694 2140 2105 3730 3695 2141 2106 
3878 3730 3695 2141 2106 3731 3696 2142 2107 
3879 3731 3696 2142 2107 3732 3697 2143 2108 
3880 3732 3697 2143 2108 3733 3698 2144 2109 
3881 3733 3698 2144 2109 3734 3699 2145 2110 
3882 3734 3699 2145 2110 3735 3700 2146 2111 
3883 3735 3700 2146 2111 3736 3701 2147 2112 
3884 3736 3701 2147 2112 3737 3702 2148 2113 
3885 3737 3702 2148 2113 3738 3703 2149 2114 
3886 3738 3703 2149 2114 3739 3704 2150 2115 
3887 3739 3704 2150 2115 3740 3705 2151 2116 
3888 3740 3705 2151 2116 3741 3706 2152 2117 
3889 3741 3706 2152 2117 3742 3707 2153 2118 
3890 3742 3707 2153 2118 3743 3708 2154 2119 
3891 3743 3708 2154 2119 3744 3709 2155 2120 
3892 3744 3709 2155 2120 3745 3710 2156 2121 
3893 3745 3710 2156 2121 3746 3711 2157 2122 
3894 3746 3711 2157 2122 3747 3712 2158 2123 
3895 3747 3712 2158 2123 3748 3713 2159 2124 
3896 3748 3713 2159 2124 3749 3714 2160 2125 
3897 3749 3714 2160 2125 3750 3715 2161 2126 
3898 3750 3715 2161 2126 3751 3716 2162 2127 
3899 3751 3716 2162 2127 3752 3717 2163 2128 
3900 3752 3717 2163 2128 3753 3718 2164 2129 
3901 3753 3718 2164 2129 3754 3719 2165 2130 
3902 3754 3719 2165 2130 3755 3720 2166 2131 
3903 3755 3720 2166 2131 3756 3721 2167 2132 
3904 3756 3721 2167 2132 3757 3722 2168 2133 
3905 3757 3722 2168 2133 3758 3723 2169 2134 
3906 3758 3723 2169 2134 3759 3724 2170 2135 
3907 3759 3724 2170 2135 3760 3725 2171 2136 
3908 3760 3725 2171 2136 2209 2208 167 166 
3909 869 868 86 85 3761 3726 2102 2067 
3910 3761 3726 2102 2067 3762 3727 2103 2068 
3911 3762 3727 2103 2068 3763 3728 2104 2069 
3912 3763 3728 2104 2069 3764 3729 2105 2070 
3913 3764 3729 2105 2070 3765 3730 2106 2071 
3914 3765 3730 2106 2071 3766 3731 2107 2072 
3915 3766 3731 2107 2072 3767 3732 2108 2073 
3916 3767 3732 2108 2073 3768 3733 2109 2074 
3917 3768 3733 2109 2074 3769 3734 2110 2075 
3918 3769 3734 2110 2075 3770 3735 2111 2076 
3919 3770 3735 2111 2076 3771 3736 2112 2077 
3920 3771 3736 2112 2077 3772 3737 2113 2078 
3921 3772 3737 2113 2078 3773 3738 2114 2079 
3922 3773 3738 2114 2079 3774 3739 2115 2080 
3923 3774 3739 2115 2080 3775 3740 2116 2081 
3924 3775 3740 2116 2081 3776 3741 2117 2082 
3925 3776 3741 2117 2082 3777 3742 2118 2083 
3926 3777 3742 2118 2083 3778 3743 2119 2084 
3927 3778 3743 2119 2084 3779 3744 2120 2085 
3928 3779 3744 2120 2085 3780 3745 2121 2086 
3929 3780 3745 2121 2086 3781 3746 2122 2087 
3930 3781 3746 2122 2087 3782 3747 2123 2088 
3931 3782 3747 2123 2088 3783 3748 2124 2089 
3932 3783 3748 2124 2089 3784 3749 2125 2090 
3933 3784 3749 2125 2090 3785 3750 2126 2091 
3934 3785 3750 2126 2091 3786 3751 2127 2092 
3935 3786 3751 2127 2092 3787 3752 2128 2093 
3936 3787 3752 2128 2093 3788 3753 2129 2094 
3937 3788 3753 2129 2094 3789 3754 2130 2095 
3938 3789 3754 2130 2095 3790 3755 2131 2096 
3939 3790 3755 2131 2096 3791 3756 2132 2097 
3940 3791 3756 2132 2097 3792 3757 2133 2098 
3941 3792 3757 2133 2098 3793 3758 2134 2099 
3942 3793 3758 2134 2099 3794 3759 2135 2100 
3943 3794 3759 2135 2100 3795 3760 2136 2101 
3944 3795 3760 2136 2101 2210 2209 166 165 
3945 870 869 85 84 3796 3761 2067 2032 
3946 3796 3761 2067 2032 3797 3762 2068 2033 
3947 3797 3762 2068 2033 3798 3763 2069 2034 
3948 3798 3763 2069 2034 3799 3764 2070 2035 
3949 3799 3764 2070 2035 3800 3765 2071 2036 
3950 3800 3765 2071 2036 3801 3766 2072 2037 
3951 3801 3766 2072 2037 3802 3767 2073 2038 
3952 3802 3767 2073 2038 3803 3768 2074 2039 
3953 3803 3768 2074 2039 3804 3769 2075 2040 
3954 3804 3769 2075 2040 3805 3770 2076 2041 
3955 3805 3770 2076 2041 3806 3771 2077 2042 
3956 3806 3771 2077 2042 3807 3772 2078 2043 
3957 3807 3772 2078 2043 3808 3773 2079 2044 
3958 3808 3773 2079 2044 3809 3774 2080 2045 
3959 3809 3774 2080 2045 3810 3775 2081 2046 
3960 3810 3775 2081 2046 3811 3776 2082 2047 
3961 3811 3776 2082 2047 3812 3777 2083 2048 
3962 3812 3777 2083 2048 3813 3778 2084 2049 
3963 3813 3778 2084 2049 3814 3779 2085 2050 
3964 3814 3779 2085 2050 3815 3780 2086 2051 
3965 3815 3780 2086 2051 3816 3781 2087 2052 
3966 3816 3781 2087 2052 3817 3782 2088 2053 
3967 3817 3782 2088 2053 3818 3783 2089 2054 
3968 3818 3783 2089 2054 3819 3784 2090 2055 
3969 3819 3784 2090 2055 3820 3785 2091 2056 
3970 3820 3785 2091 2056 3821 3786 2092 2057 
3971 3821 3786 2092 2057 3822 3787 2093 2058 
3972 3822 3787 2093 2058 3823 3788 2094 2059 
3973 3823 3788 2094 2059 3824 3789 2095 2060 
3974 3824 3789 2095 2060 3825 3790 2096 2061 
3975 3825 3790 2096 2061 3826 3791 2097 2062 
3976 3826 3791 2097 2062 3827 3792 2098 2063 
3977 3827 3792 2098 2063 3828 3793 2099 2064 
3978 3828 3793 2099 2064 3829 3794 2100 2065 
3979 3829 3794 2100 2065 3830 3795 2101 2066 
3980 3830 3795 2101 2066 2211 2210 165 164 
3981 871 870 84 83 3831 3796 2032 1997 
3982 3831 3796 2032 1997 3832 3797 2033 1998 
3983 3832 3797 2033 1998 3833 3798 2034 1999 
3984 3833 3798 2034 1999 3834 3799 2035 2000 
3985 3834 3799 2035 2000 3835 3800 2036 2001 
3986 3835 3800 2036 2001 3836 3801 2037 2002 
3987 3836 3801 2037 2002 3837 3802 2038 2003 
3988 3837 3802 2038 2003 3838 3803 2039 2004 
3989 3838 3803 2039 2004 3839 3804 2040 2005 
3990 3839 3804 2040 2005 3840 3805 2041 2006 
3991 3840 3805 2041 2006 3841 3806 2042 2007 
3992 3841 3806 2042 2007 3842 3807 2043 2008 
3993 3842 3807 2043 2008 3843 3808 2044 2009 
3994 3843 3808 2044 2009 3844 3809 2045 2010 
3995 3844 3809 2045 2010 3845 3810 2046 2011 
3996 3845 3810 2046 2011 3846 3811 2047 2012 
3997 3846 3811 2047 2012 3847 3812 2048 2013 
3998 3847 3812 2048 2013 3848 3813 2049 2014 
3999 3848 3813 2049 2014 3849 3814 2050 2015 
4000 3849 3814 2050 2015 3850 3815 2051 2016 
4001 3850 3815 2051 2016 3851 3816 2052 2017 
4002 3851 3816 2052 2017 3852 3817 2053 2018 
4003 3852 3817 2053 2018 3853 3818 2054 2019 
4004 3853 3818 2054 2019 3854 3819 2055 2020 
4005 3854 3819 2055 2020 3855 3820 2056 2021 
4006 3855 3820 2056 2021 3856 3821 2057 2022 
4007 3856 3821 2057 2022 3857 3822 2058 2023 
4008 3857 3822 2058 2023 3858 3823 2059 2024 
4009 3858 3823 2059 2024 3859 3824 2060 2025 
4010 3859 3824 2060 2025 3860 3825 2061 2026 
4011 3860 3825 2061 2026 3861 3826 2062 2027 
4012 3861 3826 2062 2027 3862 3827 2063 2028 
4013 3862 3827 2063 2028 3863 3828 2064 2029 
4014 3863 3828 2064 2029 3864 3829 2065 2030 
4015 3864 3829 2065 2030 3865 3830 2066 2031 
4016 3865 3830 2066 2031 2212 2211 164 163 
4017 872 871 83 82 3866 3831 1997 1962 
4018 3866 3831 1997 1962 3867 3832 1998 1963 
4019 3867 3832 1998 1963 3868 3833 1999 1964 
4020 3868 3833 1999 1964 3869 3834 2000 1965 
4021 3869 3834 2000 1965 3870 3835 2001 1966 
4022 3870 3835 2001 1966 3871 3836 2002 1967 
4023 3871 3836 2002 1967 3872 3837 2003 1968 
4024 3872 3837 2003 1968 3873 3838 2004 1969 
4025 3873 3838 2004 1969 3874 3839 2005 1970 
4026 3874 3839 2005 1970 3875 3840 2006 1971 
4027 3875 3840 2006 1971 3876 3841 2007 1972 
4028 3876 3841 2007 1972 3877 3842 2008 1973 
4029 3877 3842 2008 1973 3878 3843 2009 1974 
4030 3878 3843 2009 1974 3879 3844 2010 1975 
4031 3879 3844 2010 1975 3880 3845 2011 1976 
4032 3880 3845 2011 1976 3881 3846 2012 1977 
4033 3881 3846 2012 1977 3882 3847 2013 1978 
4034 3882 3847 2013 1978 3883 3848 2014 1979 
4035 3883 3848 2014 1979 3884 3849 2015 1980 
4036 3884 3849 2015 1980 3885 3850 2016 1981 
4037 3885 3850 2016 1981 3886 3851 2017 1982 
4038 3886 3851 2017 1982 3887 3852 2018 1983 
4039 3887 3852 2018 1983 3888 3853 2019 1984 
4040 3888 3853 2019 1984 3889 3854 2020 1985 
4041 3889 3854 2020 1985 3890 3855 2021 1986 
4042 3890 3855 2021 1986 3891 3856 2022 1987 
4043 3891 3856 2022 1987 3892 3857 2023 1988 
4044 3892 3857 2023 1988 3893 3858 2024 1989 
4045 3893 3858 2024 1989 3894 3859 2025 1990 
4046 3894 3859 2025 1990 3895 3860 2026 1991 
4047 3895 3860 2026 1991 3896 3861 2027 1992 
4048 3896 3861 2027 1992 3897 3862 2028 1993 
4049 3897 3862 2028 1993 3898 3863 2029 1994 
4050 3898 3863 2029 1994 3899 3864 2030 1995 
4051 3899 3864 2030 1995 3900 3865 2031 1996 
4052 3900 3865 2031 1996 2213 2212 163 162 
4053 873 872 82 81 3901 3866 1962 1927 
4054 3901 3866 1962 1927 3902 3867 1963 1928 
4055 3902 3867 1963 1928 3903 3868 1964 1929 
4056 3903 3868 1964 1929 3904 3869 1965 1930 
4057 3904 3869 1965 1930 3905 3870 1966 1931 
4058 3905 3870 1966 1931 3906 3871 1967 1932 
4059 3906 3871 1967 1932 3907 3872 1968 1933 
4060 3907 3872 1968 1933 3908 3873 1969 1934 
4061 3908 3873 1969 1934 3909 3874 1970 1935 
4062 3909 3874 1970 1935 3910 3875 1971 1936 
4063 3910 3875 1971 1936 3911 3876 1972 1937 
4064 3911 3876 1972 1937 3912 3877 1973 1938 
4065 3912 3877 1973 1938 3913 3878 1974 1939 
4066 3913 3878 1974 1939 3914 3879 1975 1940 
4067 3914 3879 1975 1940 3915 3880 1976 1941 
4068 3915 3880 1976 1941 3916 3881 1977 1942 
4069 3916 3881 1977 1942 3917 3882 1978 1943 
4070 3917 3882 1978 1943 3918 3883 1979 1944 
4071 3918 3883 1979 1944 3919 3884 1980 1945 
4072 3919 3884 1980 1945 3920 3885 1981 1946 
4073 3920 3885 1981 1946 3921 3886 1982 1947 
4074 3921 3886 1982 1947 3922 3887 1983 1948 
4075 3922 3887 1983 1948 3923 3888 1984 1949 
4076 3923 3888 1984 1949 3924 3889 1985 1950 
4077 3924 3889 1985 1950 3925 3890 1986 1951 
4078 3925 3890 1986 1951 3926 3891 1987 1952 
4079 3926 3891 1987 1952 3927 3892 1988 1953 
4080 3927 3892 1988 1953 3928 3893 1989 1954 
4081 3928 3893 1989 1954 3929 3894 1990 1955 
4082 3929 3894 1990 1955 3930 3895 1991 1956 
4083 3930 3895 1991 1956 3931 3896 1992 1957 
4084 3931 3896 1992 1957 3932 3897 1993 1958 
4085 3932 3897 1993 1958 3933 3898 1994 1959 
4086 3933 3898 1994 1959 3934 3899 1995 1960 
4087 3934 3899 1995 1960 3935 3900 1996 1961 
4088 3935 3900 1996 1961 2214 2213 162 161 
4089 874 873 81 80 3936 3901 1927 1892 
4090 3936 3901 1927 1892 3937 3902 1928 1893 
4091 3937 3902 1928 1893 3938 3903 1929 1894 
4092 3938 3903 1929 1894 3939 3904 1930 1895 
4093 3939 3904 1930 1895 3940 3905 1931 1896 
4094 3940 3905 1931 1896 3941 3906 1932 1897 
4095 3941 3906 1932 1897 3942 3907 1933 1898 
4096 3942 3907 1933 1898 3943 3908 1934 1899 
4097 3943 3908 1934 1899 3944 3909 1935 1900 
4098 3944 3909 1935 1900 3945 3910 1936 1901 
4099 3945 3910 1936 1901 3946 3911 1937 1902 
4100 3946 3911 1937 1902 3947 3912 1938 1903 
4101 3947 3912 1938 1903 3948 3913 1939 1904 
4102 3948 3913 1939 1904 3949 3914 1940 1905 
4103 3949 3914 1940 1905 3950 3915 1941 1906 
4104 3950 3915 1941 1906 3951 3916 1942 1907 
4105 3951 3916 1942 1907 3952 3917 1943 1908 
4106 3952 3917 1943 1908 3953 3918 1944 1909 
4107 3953 3918 1944 1909 3954 3919 1945 1910 
4108 3954 3919 1945 1910 3955 3920 1946 1911 
4109 3955 3920 1946 1911 3956 3921 1947 1912 
4110 3956 3921 1947 1912 3957 3922 1948 1913 
4111 3957 3922 1948 1913 3958 3923 1949 1914 
4112 3958 3923 1949 1914 3959 3924 1950 1915 
4113 3959 3924 1950 1915 3960 3925 1951 1916 
4114 3960 3925 1951 1916 3961 3926 1952 1917 
4115 3961 3926 1952 1917 3962 3927 1953 1918 
4116 3962 3927 1953 1918 3963 3928 1954 1919 
4117 3963 3928 1954 1919 3964 3929 1955 1920 
4118 3964 3929 1955 1920 3965 3930 1956 1921 
4119 3965 3930 1956 1921 3966 3931 1957 1922 
4120 3966 3931 1957 1922 3967 3932 1958 1923 
4121 3967 3932 1958 1923 3968 3933 1959 1924 
4122 3968 3933 1959 1924 3969 3934 1960 1925 
4123 3969 3934 1960 1925 3970 3935 1961 1926 
4124 3970 3935 1961 1926 2215 2214 161 160 
4125 79 874 80 8 1857 3936 1892 274 
4126 1857 3936 1892 274 1858 3937 1893 275 
4127 1858 3937 1893 275 1859 3938 1894 276 
4128 1859 3938 1894 276 1860 3939 1895 277 
4129 1860 3939 1895 277 1861 3940 1896 278 
4130 1861 3940 1896 278 1862 3941 1897 279 
4131 1862 3941 1897 279 1863 3942 1898 280 
4132 1863 3942 1898 280 1864 3943 1899 281 
4133 1864 3943 1899 281 1865 3944 1900 282 
4134 1865 3944 1900 282 1866 3945 1901 283 
4135 1866 3945 1901 283 1867 3946 1902 284 
4136 1867 3946 1902 284 1868 3947 1903 285 
4137 1868 3947 1903 285 1869 3948 1904 286 
4138 1869 3948 1904 286 1870 3949 1905 287 
4139 1870 3949 1905 287 1871 3950 1906 288 
4140 1871 3950 1906 288 1872 3951 1907 289 
4141 1872 3951 1907 289 1873 3952 1908 290 
4142 1873 3952 1908 290 1874 3953 1909 291 
4143 1874 3953 1909 291 1875 3954 1910 292 
4144 1875 3954 1910 292 1876 3955 1911 293 
4145 1876 3955 1911 293 1877 3956 1912 294 
4146 1877 3956 1912 294 1878 3957 1913 295 
4147 1878 3957 1913 295 1879 3958 1914 296 
4148 1879 3958 1914 296 1880 3959 1915 297 
4149 1880 3959 1915 297 1881 3960 1916 298 
4150 1881 3960 1916 298 1882 3961 1917 299 
4151 1882 3961 1917 299 1883 3962 1918 300 
4152 1883 3962 1918 300 1884 3963 1919 301 
4153 1884 3963 1919 301 1885 3964 1920 302 
4154 1885 3964 1920 302 1886 3965 1921 303 
4155 1886 3965 1921 303 1887 3966 1922 304 
4156 1887 3966 1922 304 1888 3967 1923 305 
4157 1888 3967 1923 305 1889 3968 1924 306 
4158 1889 3968 1924 306 1890 3969 1925 307 
4159 1890 3969 1925 307 1891 3970 1926 308 
4160 1891 3970 1926 308 159 2215 160 12 
4161 875 54 53 866 3971 982 947 3656 
4162 3971 982 947 3656 3972 983 948 3657 
4163 3972 983 948 3657 3973 984 949 3658 
4164 3973 984 949 3658 3974 985 950 3659 
4165 3974 985 950 3659 3975 986 951 3660 
4166 3975 986 951 3660 3976 987 952 3661 
4167 3976 987 952 3661 3977 988 953 3662 
4168 3977 988 953 3662 3978 989 954 3663 
4169 3978 989 954 3663 3979 990 955 3664 
4170 3979 990 955 3664 3980 991 956 3665 
4171 3980 991 956 3665 3981 992 957 3666 
4172 3981 992 957 3666 3982 993 958 3667 
4173 3982 993 958 3667 3983 994 959 3668 
4174 3983 994 959 3668 3984 995 960 3669 
4175 3984 995 960 3669 3985 996 961 3670 
4176 3985 996 961 3670 3986 997 962 3671 
4177 3986 997 962 3671 3987 998 963 3672 
4178 3987 998 963 3672 3988 999 964 3673 
4179 3988 999 964 3673 3989 1000 965 3674 
4180 3989 1000 965 3674 3990 1001 966 3675 
4181 3990 1001 966 3675 3991 1002 967 3676 
4182 3991 1002 967 3676 3992 1003 968 3677 
4183 3992 1003 968 3677 3993 1004 969 3678 
4184 3993 1004 969 3678 3994 1005 970 3679 
4185 3994 1005 970 3679 3995 1006 971 3680 
4186 3995 1006 971 3680 3996 1007 972 3681 
4187 3996 1007 972 3681 3997 1008 973 3682 
4188 3997 1008 973 3682 3998 1009 974 3683 
4189 3998 1009 974 3683 3999 1010 975 3684 
4190 3999 1010 975 3684 4000 1011 976 3685 
4191 4000 1011 976 3685 4001 1012 977 3686 
4192 4001 1012 977 3686 4002 1013 978 3687 
4193 4002 1013 978 3687 4003 1014 979 3688 
4194 4003 1014 979 3688 4004 1015 980 3689 
4195 4004 1015 980 3689 4005 1016 981 3690 
4196 4005 1016 981 3690 2216 134 133 2207 
4197 876 875 866 867 4006 3971 3656 3691 
4198 4006 3971 3656 3691 4007 3972 3657 3692 
4199 4007 3972 3657 3692 4008 3973 3658 3693 
4200 4008 3973 3658 3693 4009 3974 3659 3694 
4201 4009 3974 3659 3694 4010 3975 3660 3695 
4202 4010 3975 3660 3695 4011 3976 3661 3696 
4203 4011 3976 3661 3696 4012 3977 3662 3697 
4204 4012 3977 3662 3697 4013 3978 3663 3698 
4205 4013 3978 3663 3698 4014 3979 3664 3699 
4206 4014 3979 3664 3699 4015 3980 3665 3700 
4207 4015 3980 3665 3700 4016 3981 3666 3701 
4208 4016 3981 3666 3701 4017 3982 3667 3702 
4209 4017 3982 3667 3702 4018 3983 3668 3703 
4210 4018 3983 3668 3703 4019 3984 3669 3704 
4211 4019 3984 3669 3704 4020 3985 3670 3705 
4212 4020 3985 3670 3705 4021 3986 3671 3706 
4213 4021 3986 3671 3706 4022 3987 3672 3707 
4214 4022 3987 3672 3707 4023 3988 3673 3708 
4215 4023 3988 3673 3708 4024 3989 3674 3709 
4216 4024 3989 3674 3709 4025 3990 3675 3710 
4217 4025 3990 3675 3710 4026 3991 3676 3711 
4218 4026 3991 3676 3711 4027 3992 3677 3712 
4219 4027 3992 3677 3712 4028 3993 3678 3713 
4220 4028 3993 3678 3713 4029 3994 3679 3714 
4221 4029 3994 3679 3714 4030 3995 3680 3715 
4222 4030 3995 3680 3715 4031 3996 3681 3716 
4223 4031 3996 3681 3716 4032 3997 3682 3717 
4224 4032 3997 3682 3717 4033 3998 3683 3718 
4225 4033 3998 3683 3718 4034 3999 3684 3719 
4226 4034 3999 3684 3719 4035 4000 3685 3720 
4227 4035 4000 3685 3720 4036 4001 3686 3721 
4228 4036 4001 3686 3721 4037 4002 3687 3722 
4229 4037 4002 3687 3722 4038 4003 3688 3723 
4230 4038 4003 3688 3723 4039 4004 3689 3724 
4231 4039 4004 3689 3724 4040 4005 3690 3725 
4232 4040 4005 3690 3725 2217 2216 2207 2208 
4233 877 876 867 868 4041 4006 3691 3726 
4234 4041 4006 3691 3726 4042 4007 3692 3727 
4235 4042 4007 3692 3727 4043 4008 3693 3728 
4236 4043 4008 3693 3728 4044 4009 3694 3729 
4237 4044 4009 3694 3729 4045 4010 3695 3730 
4238 4045 4010 3695 3730 4046 4011 3696 3731 
4239 4046 4011 3696 3731 4047 4012 3697 3732 
4240 4047 4012 3697 3732 4048 4013 3698 3733 
4241 4048 4013 3698 3733 4049 4014 3699 3734 
4242 4049 4014 3699 3734 4050 4015 3700 3735 
4243 4050 4015 3700 3735 4051 4016 3701 3736 
4244 4051 4016 3701 3736 4052 4017 3702 3737 
4245 4052 4017 3702 3737 4053 4018 3703 3738 
4246 4053 4018 3703 3738 4054 4019 3704 3739 
4247 4054 4019 3704 3739 4055 4020 3705 3740 
4248 4055 4020 3705 3740 4056 4021 3706 3741 
4249 4056 4021 3706 3741 4057 4022 3707 3742 
4250 4057 4022 3707 3742 4058 4023 3708 3743 
4251 4058 4023 3708 3743 4059 4024 3709 3744 
4252 4059 4024 3709 3744 4060 4025 3710 3745 
4253 4060 4025 3710 3745 4061 4026 3711 3746 
4254 4061 4026 3711 3746 4062 4027 3712 3747 
4255 4062 4027 3712 3747 4063 4028 3713 3748 
4256 4063 4028 3713 3748 4064 4029 3714 3749 
4257 4064 4029 3714 3749 4065 4030 3715 3750 
4258 4065 4030 3715 3750 4066 4031 3716 3751 
4259 4066 4031 3716 3751 4067 4032 3717 3752 
4260 4067 4032 3717 3752 4068 4033 3718 3753 
4261 4068 4033 3718 3753 4069 4034 3719 3754 
4262 4069 4034 3719 3754 4070 4035 3720 3755 
4263 4070 4035 3720 3755 4071 4036 3721 3756 
4264 4071 4036 3721 3756 4072 4037 3722 3757 
4265 4072 4037 3722 3757 4073 4038 3723 3758 
4266 4073 4038 3723 3758 4074 4039 3724 3759 
4267 4074 4039 3724 3759 4075 4040 3725 3760 
4268 4075 4040 3725 3760 2218 2217 2208 2209 
4269 878 877 868 869 4076 4041 3726 3761 
4270 4076 4041 3726 3761 4077 4042 3727 3762 
4271 4077 4042 3727 3762 4078 4043 3728 3763 
4272 4078 4043 3728 3763 4079 4044 3729 3764 
4273 4079 4044 3729 3764 4080 4045 3730 3765 
4274 4080 4045 3730 3765 4081 4046 3731 3766 
4275 4081 4046 3731 3766 4082 4047 3732 3767 
4276 4082 4047 3732 3767 4083 4048 3733 3768 
4277 4083 4048 3733 3768 4084 4049 3734 3769 
4278 4084 4049 3734 3769 4085 4050 3735 3770 
4279 4085 4050 3735 3770 4086 4051 3736 3771 
4280 4086 4051 3736 3771 4087 4052 3737 3772 
4281 4087 4052 3737 3772 4088 4053 3738 3773 
4282 4088 4053 3738 3773 4089 4054 3739 3774 
4283 4089 4054 3739 3774 4090 4055 3740 3775 
4284 4090 4055 3740 3775 4091 4056 3741 3776 
4285 4091 4056 3741 3776 4092 4057 3742 3777 
4286 4092 4057 3742 3777 4093 4058 3743 3778 
4287 4093 4058 3743 3778 4094 4059 3744 3779 
4288 4094 4059 3744 3779 4095 4060 3745 3780 
4289 4095 4060 3745 3780 4096 4061 3746 3781 
4290 4096 4061 3746 3781 4097 4062 3747 3782 
4291 4097 4062 3747 3782 4098 4063 3748 3783 
4292 4098 4063 3748 3783 4099 4064 3749 3784 
4293 4099 4064 3749 3784 4100 4065 3750 3785 
4294 4100 4065 3750 3785 4101 4066 3751 3786 
4295 4101 4066 3751 3786 4102 4067 3752 3787 
4296 4102 4067 3752 3787 4103 4068 3753 3788 
4297 4103 4068 3753 3788 4104 4069 3754 3789 
4298 4104 4069 3754 3789 4105 4070 3755 3790 
4299 4105 4070 3755 3790 4106 4071 3756 3791 
4300 4106 4071 3756 3791 4107 4072 3757 3792 
4301 4107 4072 3757 3792 4108 4073 3758 3793 
4302 4108 4073 3758 3793 4109 4074 3759 3794 
4303 4109 4074 3759 3794 4110 4075 3760 3795 
4304 4110 4075 3760 3795 2219 2218 2209 2210 
4305 879 878 869 870 4111 4076 3761 3796 
4306 4111 4076 3761 3796 4112 4077 3762 3797 
4307 4112 4077 3762 3797 4113 4078 3763 3798 
4308 4113 4078 3763 3798 4114 4079 3764 3799 
4309 4114 4079 3764 3799 4115 4080 3765 3800 
4310 4115 4080 3765 3800 4116 4081 3766 3801 
4311 4116 4081 3766 3801 4117 4082 3767 3802 
4312 4117 4082 3767 3802 4118 4083 3768 3803 
4313 4118 4083 3768 3803 4119 4084 3769 3804 
4314 4119 4084 3769 3804 4120 4085 3770 3805 
4315 4120 4085 3770 3805 4121 4086 3771 3806 
4316 4121 4086 3771 3806 4122 4087 3772 3807 
4317 4122 4087 3772 3807 4123 4088 3773 3808 
4318 4123 4088 3773 3808 4124 4089 3774 3809 
4319 4124 4089 3774 3809 4125 4090 3775 3810 
4320 4125 4090 3775 3810 4126 4091 3776 3811 
4321 4126 4091 3776 3811 4127 4092 3777 3812 
4322 4127 4092 3777 3812 4128 4093 3778 3813 
4323 4128 4093 3778 3813 4129 4094 3779 3814 
4324 4129 4094 3779 3814 4130 4095 3780 3815 
4325 4130 4095 3780 3815 4131 4096 3781 3816 
4326 4131 4096 3781 3816 4132 4097 3782 3817 
4327 4132 4097 3782 3817 4133 4098 3783 3818 
4328 4133 4098 3783 3818 4134 4099 3784 3819 
4329 4134 4099 3784 3819 4135 4100 3785 3820 
4330 4135 4100 3785 3820 4136 4101 3786 3821 
4331 4136 4101 3786 3821 4137 4102 3787 3822 
4332 4137 4102 3787 3822 4138 4103 3788 3823 
4333 4138 4103 3788 3823 4139 4104 3789 3824 
4334 4139 4104 3789 3824 4140 4105 3790 3825 
4335 4140 4105 3790 3825 4141 4106 3791 3826 
4336 4141 4106 3791 3826 4142 4107 3792 3827 
4337 4142 4107 3792 3827 4143 4108 3793 3828 
4338 4143 4108 3793 3828 4144 4109 3794 3829 
4339 4144 4109 3794 3829 4145 4110 3795 3830 
4340 4145 4110 3795 3830 2220 2219 2210 2211 
4341 880 879 870 871 4146 4111 3796 3831 
4342 4146 4111 3796 3831 4147 4112 3797 3832 
4343 4147 4112 3797 3832 4148 4113 3798 3833 
4344 4148 4113 3798 3833 4149 4114 3799 3834 
4345 4149 4114 3799 3834 4150 4115 3800 3835 
4346 4150 4115 3800 3835 4151 4116 3801 3836 
4347 4151 4116 3801 3836 4152 4117 3802 3837 
4348 4152 4117 3802 3837 4153 4118 3803 3838 
4349 4153 4118 3803 3838 4154 4119 3804 3839 
4350 4154 4119 3804 3839 4155 4120 3805 3840 
4351 4155 4120 3805 3840 4156 4121 3806 3841 
4352 4156 4121 3806 3841 4157 4122 3807 3842 
4353 4157 4122 3807 3842 4158 4123 3808 3843 
4354 4158 4123 3808 3843 4159 4124 3809 3844 
4355 4159 4124 3809 3844 4160 4125 3810 3845 
4356 4160 4125 3810 3845 4161 4126 3811 3846 
4357 4161 4126 3811 3846 4162 4127 3812 3847 
4358 4162 4127 3812 3847 4163 4128 3813 3848 
4359 4163 4128 3813 3848 4164 4129 3814 3849 
4360 4164 4129 3814 3849 4165 4130 3815 3850 
4361 4165 4130 3815 3850 4166 4131 3816 3851 
4362 4166 4131 3816 3851 4167 4132 3817 3852 
4363 4167 4132 3817 3852 4168 4133 3818 3853 
4364 4168 4133 3818 3853 4169 4134 3819 3854 
4365 4169 4134 3819 3854 4170 4135 3820 3855 
4366 4170 4135 3820 3855 4171 4136 3821 3856 
4367 4171 4136 3821 3856 4172 4137 3822 3857 
4368 4172 4137 3822 3857 4173 4138 3823 3858 
4369 4173 4138 3823 3858 4174 4139 3824 3859 
4370 4174 4139 3824 3859 4175 4140 3825 3860 
4371 4175 4140 3825 3860 4176 4141 3826 3861 
4372 4176 4141 3826 3861 4177 4142 3827 3862 
4373 4177 4142 3827 3862 4178 4143 3828 3863 
4374 4178 4143 3828 3863 4179 4144 3829 3864 
4375 4179 4144 3829 3864 4180 4145 3830 3865 
4376 4180 4145 3830 3865 2221 2220 2211 2212 
4377 881 880 871 872 4181 4146 3831 3866 
4378 4181 4146 3831 3866 4182 4147 3832 3867 
4379 4182 4147 3832 3867 4183 4148 3833 3868 
4380 4183 4148 3833 3868 4184 4149 3834 3869 
4381 4184 4149 3834 3869 4185 4150 3835 3870 
4382 4185 4150 3835 3870 4186 4151 3836 3871 
4383 4186 4151 3836 3871 4187 4152 3837 3872 
4384 4187 4152 3837 3872 4188 4153 3838 3873 
4385 4188 4153 3838 3873 4189 4154 3839 3874 
4386 4189 4154 3839 3874 4190 4155 3840 3875 
4387 4190 4155 3840 3875 4191 4156 3841 3876 
4388 4191 4156 3841 3876 4192 4157 3842 3877 
4389 4192 4157 3842 3877 4193 4158 3843 3878 
4390 4193 4158 3843 3878 4194 4159 3844 3879 
4391 4194 4159 3844 3879 4195 4160 3845 3880 
4392 4195 4160 3845 3880 4196 4161 3846 3881 
4393 4196 4161 3846 3881 4197 4162 3847 3882 
4394 4197 4162 3847 3882 4198 4163 3848 3883 
4395 4198 4163 3848 3883 4199 4164 3849 3884 
4396 4199 4164 3849 3884 4200 4165 3850 3885 
4397 4200 4165 3850 3885 4201 4166 3851 3886 
4398 4201 4166 3851 3886 4202 4167 3852 3887 
4399 4202 4167 3852 3887 4203 4168 3853 3888 
4400 4203 4168 3853 3888 4204 4169 3854 3889 
4401 4204 4169 3854 3889 4205 4170 3855 3890 
4402 4205 4170 3855 3890 4206 4171 3856 3891 
4403 4206 4171 3856 3891 4207 4172 3857 3892 
4404 4207 4172 3857 3892 4208 4173 3858 3893 
4405 4208 4173 3858 3893 4209 4174 3859 3894 
4406 4209 4174 3859 3894 4210 4175 3860 3895 
4407 4210 4175 3860 3895 4211 4176 3861 3896 
4408 4211 4176 3861 3896 4212 4177 3862 3897 
4409 4212 4177 3862 3897 4213 4178 3863 3898 
4410 4213 4178 3863 3898 4214 4179 3864 3899 
4411 4214 4179 3864 3899 4215 4180 3865 3900 
4412 4215 4180 3865 3900 2222 2221 2212 2213 
4413 882 881 872 873 4216 4181 3866 3901 
4414 4216 4181 3866 3901 4217 4182 3867 3902 
4415 4217 4182 3867 3902 4218 4183 3868 3903 
4416 4218 4183 3868 3903 4219 4184 3869 3904 
4417 4219 4184 3869 3904 4220 4185 3870 3905 
4418 4220 4185 3870 3905 4221 4186 3871 3906 
4419 4221 4186 3871 3906 4222 4187 3872 3907 
4420 4222 4187 3872 3907 4223 4188 3873 3908 
4421 4223 4188 3873 3908 4224 4189 3874 3909 
4422 4224 4189 3874 3909 4225 4190 3875 3910 
4423 4225 4190 3875 3910 4226 4191 3876 3911 
4424 4226 4191 3876 3911 4227 4192 3877 3912 
4425 4227 4192 3877 3912 4228 4193 3878 3913 
4426 4228 4193 3878 3913 4229 4194 3879 3914 
4427 4229 4194 3879 3914 4230 4195 3880 3915 
4428 4230 4195 3880 3915 4231 4196 3881 3916 
4429 4231 4196 3881 3916 4232 4197 3882 3917 
4430 4232 4197 3882 3917 4233 4198 3883 3918 
4431 4233 4198 3883 3918 4234 4199 3884 3919 
4432 4234 4199 3884 3919 4235 4200 3885 3920 
4433 4235 4200 3885 3920 4236 4201 3886 3921 
4434 4236 4201 3886 3921 4237 4202 3887 3922 
4435 4237 4202 3887 3922 4238 4203 3888 3923 
4436 4238 4203 3888 3923 4239 4204 3889 3924 
4437 4239 4204 3889 3924 4240 4205 3890 3925 
4438 4240 4205 3890 3925 4241 4206 3891 3926 
4439 4241 4206 3891 3926 4242 4207 3892 3927 
4440 4242 4207 3892 3927 4243 4208 3893 3928 
4441 4243 4208 3893 3928 4244 4209 3894 3929 
4442 4244 4209 3894 3929 4245 4210 3895 3930 
4443 4245 4210 3895 3930 4246 4211 3896 3931 
4444 4246 4211 3896 3931 4247 4212 3897 3932 
4445 4247 4212 3897 3932 4248 4213 3898 3933 
4446 4248 4213 3898 3933 4249 4214 3899 3934 
4447 4249 4214 3899 3934 4250 4215 3900 3935 
4448 4250 4215 3900 3935 2223 2222 2213 2214 
4449 883 882 873 874 4251 4216 3901 3936 
4450 4251 4216 3901 3936 4252 4217 3902 3937 
4451 4252 4217 3902 3937 4253 4218 3903 3938 
4452 4253 4218 3903 3938 4254 4219 3904 3939 
4453 4254 4219 3904 3939 4255 4220 3905 3940 
4454 4255 4220 3905 3940 4256 4221 3906 3941 
4455 4256 4221 3906 3941 4257 4222 3907 3942 
4456 4257 4222 3907 3942 4258 4223 3908 3943 
4457 4258 4223 3908 3943 4259 4224 3909 3944 
4458 4259 4224 3909 3944 4260 4225 3910 3945 
4459 4260 4225 3910 3945 4261 4226 3911 3946 
4460 4261 4226 3911 3946 4262 4227 3912 3947 
4461 4262 4227 3912 3947 4263 4228 3913 3948 
4462 4263 4228 3913 3948 4264 4229 3914 3949 
4463 4264 4229 3914 3949 4265 4230 3915 3950 
4464 4265 4230 3915 3950 4266 4231 3916 3951 
4465 4266 4231 3916 3951 4267 4232 3917 3952 
4466 4267 4232 3917 3952 4268 4233 3918 3953 
4467 4268 4233 3918 3953 4269 4234 3919 3954 
4468 4269 4234 3919 3954 4270 4235 3920 3955 
4469 4270 4235 3920 3955 4271 4236 3921 3956 
4470 4271 4236 3921 3956 4272 4237 3922 3957 
4471 4272 4237 3922 3957 4273 4238 3923 3958 
4472 4273 4238 3923 3958 4274 4239 3924 3959 
4473 4274 4239 3924 3959 4275 4240 3925 3960 
4474 4275 4240 3925 3960 4276 4241 3926 3961 
4475 4276 4241 3926 3961 4277 4242 3927 3962 
4476 4277 4242 3927 3962 4278 4243 3928 3963 
4477 4278 4243 3928 3963 4279 4244 3929 3964 
4478 4279 4244 3929 3964 4280 4245 3930 3965 
4479 4280 4245 3930 3965 4281 4246 3931 3966 
4480 4281 4246 3931 3966 4282 4247 3932 3967 
4481 4282 4247 3932 3967 4283 4248 3933 3968 
4482 4283 4248 3933 3968 4284 4249 3934 3969 
4483 4284 4249 3934 3969 4285 4250 3935 3970 
4484 4285 4250 3935 3970 2224 2223 2214 2215 
4485 78 883 874 79 1822 4251 3936 1857 
4486 1822 4251 3936 1857 1823 4252 3937 1858 
4487 1823 4252 3937 1858 1824 4253 3938 1859 
4488 1824 4253 3938 1859 1825 4254 3939 1860 
4489 1825 4254 3939 1860 1826 4255 3940 1861 
4490 1826 4255 3940 1861 1827 4256 3941 1862 
4491 1827 4256 3941 1862 1828 4257 3942 1863 
4492 1828 4257 3942 1863 1829 4258 3943 1864 
4493 1829 4258 3943 1864 1830 4259 3944 1865 
4494 1830 4259 3944 1865 1831 4260 3945 1866 
4495 1831 4260 3945 1866 1832 4261 3946 1867 
4496 1832 4261 3946 1867 1833 4262 3947 1868 
4497 1833 4262 3947 1868 1834 4263 3948 1869 
4498 1834 4263 3948 1869 1835 4264 3949 1870 
4499 1835 4264 3949 1870 1836 4265 3950 1871 
4500 1836 4265 3950 1871 1837 4266 3951 1872 
4501 1837 4266 3951 1872 1838 4267 3952 1873 
4502 1838 4267 3952 1873 1839 4268 3953 1874 
4503 1839 4268 3953 1874 1840 4269 3954 1875 
4504 1840 4269 3954 1875 1841 4270 3955 1876 
4505 1841 4270 3955 1876 1842 4271 3956 1877 
4506 1842 4271 3956 1877 1843 4272 3957 1878 
4507 1843 4272 3957 1878 1844 4273 3958 1879 
4508 1844 4273 3958 1879 1845 4274 3959 1880 
4509 1845 4274 3959 1880 1846 4275 3960 1881 
4510 1846 4275 3960 1881 1847 4276 3961 1882 
4511 1847 4276 3961 1882 1848 4277 3962 1883 
4512 1848 4277 3962 1883 1849 4278 3963 1884 
4513 1849 4278 3963 1884 1850 4279 3964 1885 
4514 1850 4279 3964 1885 1851 4280 3965 1886 
4515 1851 4280 3965 1886 1852 4281 3966 1887 
4516 1852 4281 3966 1887 1853 4282 3967 1888 
4517 1853 4282 3967 1888 1854 4283 3968 1889 
4518 1854 4283 3968 1889 1855 4284 3969 1890 
4519 1855 4284 3969 1890 1856 4285 3970 1891 
4520 1856 4285 3970 1891 158 2224 2215 159 
4521 884 55 54 875 4286 1017 982 3971 
4522 4286 1017 982 3971 4287 1018 983 3972 
4523 4287 1018 983 3972 4288 1019 984 3973 
4524 4288 1019 984 3973 4289 1020 985 3974 
4525 4289 1020 985 3974 4290 1021 986 3975 
4526 4290 1021 986 3975 4291 1022 987 3976 
4527 4291 1022 987 3976 4292 1023 988 3977 
4528 4292 1023 988 3977 4293 1024 989 3978 
4529 4293 1024 989 3978 4294 1025 990 3979 
4530 4294 1025 990 3979 4295 1026 991 3980 
4531 4295 1026 991 3980 4296 1027 992 3981 
4532 4296 1027 992 3981 4297 1028 993 3982 
4533 4297 1028 993 3982 4298 1029 994 3983 
4534 4298 1029 994 3983 4299 1030 995 3984 
4535 4299 1030 995 3984 4300 1031 996 3985 
4536 4300 1031 996 3985 4301 1032 997 3986 
4537 4301 1032 997 3986 4302 1033 998 3987 
4538 4302 1033 998 3987 4303 1034 999 3988 
4539 4303 1034 999 3988 4304 1035 1000 3989 
4540 4304 1035 1000 3989 4305 1036 1001 3990 
4541 4305 1036 1001 3990 4306 1037 1002 3991 
4542 4306 1037 1002 3991 4307 1038 1003 3992 
4543 4307 1038 1003 3992 4308 1039 1004 3993 
4544 4308 1039 1004 3993 4309 1040 1005 3994 
4545 4309 1040 1005 3994 4310 1041 1006 3995 
4546 4310 1041 1006 3995 4311 1042 1007 3996 
4547 4311 1042 1007 3996 4312 1043 1008 3997 
4548 4312 1043 1008 3997 4313 1044 1009 3998 
4549 4313 1044 1009 3998 4314 1045 1010 3999 
4550 4314 1045 1010 3999 4315 1046 1011 4000 
4551 4315 1046 1011 4000 4316 1047 1012 4001 
4552 4316 1047 1012 4001 4317 1048 1013 4002 
4553 4317 1048 1013 4002 4318 1049 1014 4003 
4554 4318 1049 1014 4003 4319 1050 1015 4004 
4555 4319 1050 1015 4004 4320 1051 1016 4005 
4556 4320 1051 1016 4005 2225 135 134 2216 
4557 885 884 875 876 4321 4286 3971 4006 
4558 4321 4286 3971 4006 4322 4287 3972 4007 
4559 4322 4287 3972 4007 4323 4288 3973 4008 
4560 4323 4288 3973 4008 4324 4289 3974 4009 
4561 4324 4289 3974 4009 4325 4290 3975 4010 
4562 4325 4290 3975 4010 4326 4291 3976 4011 
4563 4326 4291 3976 4011 4327 4292 3977 4012 
4564 4327 4292 3977 4012 4328 4293 3978 4013 
4565 4328 4293 3978 4013 4329 4294 3979 4014 
4566 4329 4294 3979 4014 4330 4295 3980 4015 
4567 4330 4295 3980 4015 4331 4296 3981 4016 
4568 4331 4296 3981 4016 4332 4297 3982 4017 
4569 4332 4297 3982 4017 4333 4298 3983 4018 
4570 4333 4298 3983 4018 4334 4299 3984 4019 
4571 4334 4299 3984 4019 4335 4300 3985 4020 
4572 4335 4300 3985 4020 4336 4301 3986 4021 
4573 4336 4301 3986 4021 4337 4302 3987 4022 
4574 4337 4302 3987 4022 4338 4303 3988 4023 
4575 4338 4303 3988 4023 4339 4304 3989 4024 
4576 4339 4304 3989 4024 4340 4305 3990 4025 
4577 4340 4305 3990 4025 4341 4306 3991 4026 
4578 4341 4306 3991 4026 4342 4307 3992 4027 
4579 4342 4307 3992 4027 4343 4308 3993 4028 
4580 4343 4308 3993 4028 4344 4309 3994 4029 
4581 4344 4309 3994 4029 4345 4310 3995 4030 
4582 4345 4310 3995 4030 4346 4311 3996 4031 
4583 4346 4311 3996 4031 4347 4312 3997 4032 
4584 4347 4312 3997 4032 4348 4313 3998 4033 
4585 4348 4313 3998 4033 4349 4314 3999 4034 
4586 4349 4314 3999 4034 4350 4315 4000 4035 
4587 4350 4315 4000 4035 4351 4316 4001 4036 
4588 4351 4316 4001 4036 4352 4317 4002 4037 
4589 4352 4317 4002 4037 4353 4318 4003 4038 
4590 4353 4318 4003 4038 4354 4319 4004 4039 
4591 4354 4319 4004 4039 4355 4320 4005 4040 
4592 4355 4320 4005 4040 2226 2225 2216 2217 
4593 886 885 876 877 4356 4321 4006 4041 
4594 4356 4321 4006 4041 4357 4322 4007 4042 
4595 4357 4322 4007 4042 4358 4323 4008 4043 
4596 4358 4323 4008 4043 4359 4324 4009 4044 
4597 4359 4324 4009 4044 4360 4325 4010 4045 
4598 4360 4325 4010 4045 4361 4326 4011 4046 
4599 4361 4326 4011 4046 4362 4327 4012 4047 
4600 4362 4327 4012 4047 4363 4328 4013 4048 
4601 4363 4328 4013 4048 4364 4329 4014 4049 
4602 4364 4329 4014 4049 4365 4330 4015 4050 
4603 4365 4330 4015 4050 4366 4331 4016 4051 
4604 4366 4331 4016 4051 4367 4332 4017 4052 
4605 4367 4332 4017 4052 4368 4333 4018 4053 
4606 4368 4333 4018 4053 4369 4334 4019 4054 
4607 4369 4334 4019 4054 4370 4335 4020 4055 
4608 4370 4335 4020 4055 4371 4336 4021 4056 
4609 4371 4336 4021 4056 4372 4337 4022 4057 
4610 4372 4337 4022 4057 4373 4338 4023 4058 
4611 4373 4338 4023 4058 4374 4339 4024 4059 
4612 4374 4339 4024 4059 4375 4340 4025 4060 
4613 4375 4340 4025 4060 4376 4341 4026 4061 
4614 4376 4341 4026 4061 4377 4342 4027 4062 
4615 4377 4342 4027 4062 4378 4343 4028 4063 
4616 4378 4343 4028 4063 4379 4344 4029 4064 
4617 4379 4344 4029 4064 4380 4345 4030 4065 
4618 4380 4345 4030 4065 4381 4346 4031 4066 
4619 4381 4346 4031 4066 4382 4347 4032 4067 
4620 4382 4347 4032 4067 4383 4348 4033 4068 
4621 4383 4348 4033 4068 4384 4349 4034 4069 
4622 4384 4349 4034 4069 4385 4350 4035 4070 
4623 4385 4350 4035 4070 4386 4351 4036 4071 
4624 4386 4351 4036 4071 4387 4352 4037 4072 
4625 4387 4352 4037 4072 4388 4353 4038 4073 
4626 4388 4353 4038 4073 4389 4354 4039 4074 
4627 4389 4354 4039 4074 4390 4355 4040 4075 
4628 4390 4355 4040 4075 2227 2226 2217 2218 
4629 887 886 877 878 4391 4356 4041 4076 
4630 4391 4356 4041 4076 4392 4357 4042 4077 
4631 4392 4357 4042 4077 4393 4358 4043 4078 
4632 4393 4358 4043 4078 4394 4359 4044 4079 
4633 4394 4359 4044 4079 4395 4360 4045 4080 
4634 4395 4360 4045 4080 4396 4361 4046 4081 
4635 4396 4361 4046 4081 4397 4362 4047 4082 
4636 4397 4362 4047 4082 4398 4363 4048 4083 
4637 4398 4363 4048 4083 4399 4364 4049 4084 
4638 4399 4364 4049 4084 4400 4365 4050 4085 
4639 4400 4365 4050 4085 4401 4366 4051 4086 
4640 4401 4366 4051 4086 4402 4367 4052 4087 
4641 4402 4367 4052 4087 4403 4368 4053 4088 
4642 4403 4368 4053 4088 4404 4369 4054 4089 
4643 4404 4369 4054 4089 4405 4370 4055 4090 
4644 4405 4370 4055 4090 4406 4371 4056 4091 
4645 4406 4371 4056 4091 4407 4372 4057 4092 
4646 4407 4372 4057 4092 4408 4373 4058 4093 
4647 4408 4373 4058 4093 4409 4374 4059 4094 
4648 4409 4374 4059 4094 4410 4375 4060 4095 
4649 4410 4375 4060 4095 4411 4376 4061 4096 
4650 4411 4376 4061 4096 4412 4377 4062 4097 
4651 4412 4377 4062 4097 4413 4378 4063 4098 
4652 4413 4378 4063 4098 4414 4379 4064 4099 
4653 4414 4379 4064 4099 4415 4380 4065 4100 
4654 4415 4380 4065 4100 4416 4381 4066 4101 
4655 4416 4381 4066 4101 4417 4382 4067 4102 
4656 4417 4382 4067 4102 4418 4383 4068 4103 
4657 4418 4383 4068 4103 4419 4384 4069 4104 
4658 4419 4384 4069 4104 4420 4385 4070 4105 
4659 4420 4385 4070 4105 4421 4386 4071 4106 
4660 4421 4386 4071 4106 4422 4387 4072 4107 
4661 4422 4387 4072 4107 4423 4388 4073 4108 
4662 4423 4388 4073 4108 4424 4389 4074 4109 
4663 4424 4389 4074 4109 4425 4390 4075 4110 
4664 4425 4390 4075 4110 2228 2227 2218 2219 
4665 888 887 878 879 4426 4391 4076 4111 
4666 4426 4391 4076 4111 4427 4392 4077 4112 
4667 4427 4392 4077 4112 4428 4393 4078 4113 
4668 4428 4393 4078 4113 4429 4394 4079 4114 
4669 4429 4394 4079 4114 4430 4395 4080 4115 
4670 4430 4395 4080 4115 4431 4396 4081 4116 
4671 4431 4396 4081 4116 4432 4397 4082 4117 
4672 4432 4397 4082 4117 4433 4398 4083 4118 
4673 4433 4398 4083 4118 4434 4399 4084 4119 
4674 4434 4399 4084 4119 4435 4400 4085 4120 
4675 4435 4400 4085 4120 4436 4401 4086 4121 
4676 4436 4401 4086 4121 4437 4402 4087 4122 
4677 4437 4402 4087 4122 4438 4403 4088 4123 
4678 4438 4403 4088 4123 4439 4404 4089 4124 
4679 4439 4404 4089 4124 4440 4405 4090 4125 
4680 4440 4405 4090 4125 4441 4406 4091 4126 
4681 4441 4406 4091 4126 4442 4407 4092 4127 
4682 4442 4407 4092 4127 4443 4408 4093 4128 
4683 4443 4408 4093 4128 4444 4409 4094 4129 
4684 4444 4409 4094 4129 4445 4410 4095 4130 
4685 4445 4410 4095 4130 4446 4411 4096 4131 
4686 4446 4411 4096 4131 4447 4412 4097 4132 
4687 4447 4412 4097 4132 4448 4413 4098 4133 
4688 4448 4413 4098 4133 4449 4414 4099 4134 
4689 4449 4414 4099 4134 4450 4415 4100 4135 
4690 4450 4415 4100 4135 4451 4416 4101 4136 
4691 4451 4416 4101 4136 4452 4417 4102 4137 
4692 4452 4417 4102 4137 4453 4418 4103 4138 
4693 4453 4418 4103 4138 4454 4419 4104 4139 
4694 4454 4419 4104 4139 4455 4420 4105 4140 
4695 4455 4420 4105 4140 4456 4421 4106 4141 
4696 4456 4421 4106 4141 4457 4422 4107 4142 
4697 4457 4422 4107 4142 4458 4423 4108 4143 
4698 4458 4423 4108 4143 4459 4424 4109 4144 
4699 4459 4424 4109 4144 4460 4425 4110 4145 
4700 4460 4425 4110 4145 2229 2228 2219 2220 
4701 889 888 879 880 4461 4426 4111 4146 
4702 4461 4426 4111 4146 4462 4427 4112 4147 
4703 4462 4427 4112 4147 4463 4428 4113 4148 
4704 4463 4428 4113 4148 4464 4429 4114 4149 
4705 4464 4429 4114 4149 4465 4430 4115 4150 
4706 4465 4430 4115 4150 4466 4431 4116 4151 
4707 4466 4431 4116 4151 4467 4432 4117 4152 
4708 4467 4432 4117 4152 4468 4433 4118 4153 
4709 4468 4433 4118 4153 4469 4434 4119 4154 
4710 4469 4434 4119 4154 4470 4435 4120 4155 
4711 4470 4435 4120 4155 4471 4436 4121 4156 
4712 4471 4436 4121 4156 4472 4437 4122 4157 
4713 4472 4437 4122 4157 4473 4438 4123 4158 
4714 4473 4438 4123 4158 4474 4439 4124 4159 
4715 4474 4439 4124 4159 4475 4440 4125 4160 
4716 4475 4440 4125 4160 4476 4441 4126 4161 
4717 4476 4441 4126 4161 4477 4442 4127 4162 
4718 4477 4442 4127 4162 4478 4443 4128 4163 
4719 4478 4443 4128 4163 4479 4444 4129 4164 
4720 4479 4444 4129 4164 4480 4445 4130 4165 
4721 4480 4445 4130 4165 4481 4446 4131 4166 
4722 4481 4446 4131 4166 4482 4447 4132 4167 
4723 4482 4447 4132 4167 4483 4448 4133 4168 
4724 4483 4448 4133 4168 4484 4449 4134 4169 
4725 4484 4449 4134 4169 4485 4450 4135 4170 
4726 4485 4450 4135 4170 4486 4451 4136 4171 
4727 4486 4451 4136 4171 4487 4452 4137 4172 
4728 4487 4452 4137 4172 4488 4453 4138 4173 
4729 4488 4453 4138 4173 4489 4454 4139 4174 
4730 4489 4454 4139 4174 4490 4455 4140 4175 
4731 4490 4455 4140 4175 4491 4456 4141 4176 
4732 4491 4456 4141 4176 4492 4457 4142 4177 
4733 4492 4457 4142 4177 4493 4458 4143 4178 
4734 4493 4458 4143 4178 4494 4459 4144 4179 
4735 4494 4459 4144 4179 4495 4460 4145 4180 
4736 4495 4460 4145 4180 2230 2229 2220 2221 
4737 890 889 880 881 4496 4461 4146 4181 
4738 4496 4461 4146 4181 4497 4462 4147 4182 
4739 4497 4462 4147 4182 4498 4463 4148 4183 
4740 4498 4463 4148 4183 4499 4464 4149 4184 
4741 4499 4464 4149 4184 4500 4465 4150 4185 
4742 4500 4465 4150 4185 4501 4466 4151 4186 
4743 4501 4466 4151 4186 4502 4467 4152 4187 
4744 4502 4467 4152 4187 4503 4468 4153 4188 
4745 4503 4468 4153 4188 4504 4469 4154 4189 
4746 4504 4469 4154 4189 4505 4470 4155 4190 
4747 4505 4470 4155 4190 4506 4471 4156 4191 
4748 4506 4471 4156 4191 4507 4472 4157 4192 
4749 4507 4472 4157 4192 4508 4473 4158 4193 
4750 4508 4473 4158 4193 4509 4474 4159 4194 
4751 4509 4474 4159 4194 4510 4475 4160 4195 
4752 4510 4475 4160 4195 4511 4476 4161 4196 
4753 4511 4476 4161 4196 4512 4477 4162 4197 
4754 4512 4477 4162 4197 4513 4478 4163 4198 
4755 4513 4478 4163 4198 4514 4479 4164 4199 
4756 4514 4479 4164 4199 4515 4480 4165 4200 
4757 4515 4480 4165 4200 4516 4481 4166 4201 
4758 4516 4481 4166 4201 4517 4482 4167 4202 
4759 4517 4482 4167 4202 4518 4483 4168 4203 
4760 4518 4483 4168 4203 4519 4484 4169 4204 
4761 4519 4484 4169 4204 4520 4485 4170 4205 
4762 4520 4485 4170 4205 4521 4486 4171 4206 
4763 4521 4486 4171 4206 4522 4487 4172 4207 
4764 4522 4487 4172 4207 4523 4488 4173 4208 
4765 4523 4488 4173 4208 4524 4489 4174 4209 
4766 4524 4489 4174 4209 4525 4490 4175 4210 
4767 4525 4490 4175 4210 4526 4491 4176 4211 
4768 4526 4491 4176 4211 4527 4492 4177 4212 
4769 4527 4492 4177 4212 4528 4493 4178 4213 
4770 4528 4493 4178 4213 4529 4494 4179 4214 
4771 4529 4494 4179 4214 4530 4495 4180 4215 
4772 4530 4495 4180 4215 2231 2230 2221 2222 
4773 891 890 881 882 4531 4496 4181 4216 
4774 4531 4496 4181 4216 4532 4497 4182 4217 
4775 4532 4497 4182 4217 4533 4498 4183 4218 
4776 4533 4498 4183 4218 4534 4499 4184 4219 
4777 4534 4499 4184 4219 4535 4500 4185 4220 
4778 4535 4500 4185 4220 4536 4501 4186 4221 
4779 4536 4501 4186 4221 4537 4502 4187 4222 
4780 4537 4502 4187 4222 4538 4503 4188 4223 
4781 4538 4503 4188 4223 4539 4504 4189 4224 
4782 4539 4504 4189 4224 4540 4505 4190 4225 
4783 4540 4505 4190 4225 4541 4506 4191 4226 
4784 4541 4506 4191 4226 4542 4507 4192 4227 
4785 4542 4507 4192 4227 4543 4508 4193 4228 
4786 4543 4508 4193 4228 4544 4509 4194 4229 
4787 4544 4509 4194 4229 4545 4510 4195 4230 
4788 4545 4510 4195 4230 4546 4511 4196 4231 
4789 4546 4511 4196 4231 4547 4512 4197 4232 
4790 4547 4512 4197 4232 4548 4513 4198 4233 
4791 4548 4513 4198 4233 4549 4514 4199 4234 
4792 4549 4514 4199 4234 4550 4515 4200 4235 
4793 4550 4515 4200 4235 4551 4516 4201 4236 
4794 4551 4516 4201 4236 4552 4517 4202 4237 
4795 4552 4517 4202 4237 4553 4518 4203 4238 
4796 4553 4518 4203 4238 4554 4519 4204 4239 
4797 4554 4519 4204 4239 4555 4520 4205 4240 
4798 4555 4520 4205 4240 4556 4521 4206 4241 
4799 4556 4521 4206 4241 4557 4522 4207 4242 
4800 4557 4522 4207 4242 4558 4523 4208 4243 
4801 4558 4523 4208 4243 4559 4524 4209 4244 
4802 4559 4524 4209 4244 4560 4525 4210 4245 
4803 4560 4525 4210 4245 4561 4526 4211 4246 
4804 4561 4526 4211 4246 4562 4527 4212 4247 
4805 4562 4527 4212 4247 4563 4528 4213 4248 
4806 4563 4528 4213 4248 4564 4529 4214 4249 
4807 4564 4529 4214 4249 4565 4530 4215 4250 
4808 4565 4530 4215 4250 2232 2231 2222 2223 
4809 892 891 882 883 4566 4531 4216 4251 
4810 4566 4531 4216 4251 4567 4532 4217 4252 
4811 4567 4532 4217 4252 4568 4533 4218 4253 
4812 4568 4533 4218 4253 4569 4534 4219 4254 
4813 4569 4534 4219 4254 4570 4535 4220 4255 
4814 4570 4535 4220 4255 4571 4536 4221 4256 
4815 4571 4536 4221 4256 4572 4537 4222 4257 
4816 4572 4537 4222 4257 4573 4538 4223 4258 
4817 4573 4538 4223 4258 4574 4539 4224 4259 
4818 4574 4539 4224 4259 4575 4540 4225 4260 
4819 4575 4540 4225 4260 4576 4541 4226 4261 
4820 4576 4541 4226 4261 4577 4542 4227 4262 
4821 4577 4542 4227 4262 4578 4543 4228 4263 
4822 4578 4543 4228 4263 4579 4544 4229 4264 
4823 4579 4544 4229 4264 4580 4545 4230 4265 
4824 4580 4545 4230 4265 4581 4546 4231 4266 
4825 4581 4546 4231 4266 4582 4547 4232 4267 
4826 4582 4547 4232 4267 4583 4548 4233 4268 
4827 4583 4548 4233 4268 4584 4549 4234 4269 
4828 4584 4549 4234 4269 4585 4550 4235 4270 
4829 4585 4550 4235 4270 4586 4551 4236 4271 
4830 4586 4551 4236 4271 4587 4552 4237 4272 
4831 4587 4552 4237 4272 4588 4553 4238 4273 
4832 4588 4553 4238 4273 4589 4554 4239 4274 
4833 4589 4554 4239 4274 4590 4555 4240 4275 
4834 4590 4555 4240 4275 4591 4556 4241 4276 
4835 4591 4556 4241 4276 4592 4557 4242 4277 
4836 4592 4557 4242 4277 4593 4558 4243 4278 
4837 4593 4558 4243 4278 4594 4559 4244 4279 
4838 4594 4559 4244 4279 4595 4560 4245 4280 
4839 4595 4560 4245 4280 4596 4561 4246 4281 
4840 4596 4561 4246 4281 4597 4562 4247 4282 
4841 4597 4562 4247 4282 4598 4563 4248 4283 
4842 4598 4563 4248 4283 4599 4564 4249 4284 
4843 4599 4564 4249 4284 4600 4565 4250 4285 
4844 4600 4565 4250 4285 2233 2232 2223 2224 
4845 77 892 883 78 1787 4566 4251 1822 
4846 1787 4566 4251 1822 1788 4567 4252 1823 
4847 1788 4567 4252 1823 1789 4568 4253 1824 
4848 1789 4568 4253 1824 1790 4569 4254 1825 
4849 1790 4569 4254 1825 1791 4570 4255 1826 
4850 1791 4570 4255 1826 1792 4571 4256 1827 
4851 1792 4571 4256 1827 1793 4572 4257 1828 
4852 1793 4572 4257 1828 1794 4573 4258 1829 
4853 1794 4573 4258 1829 1795 4574 4259 1830 
4854 1795 4574 4259 1830 1796 4575 4260 1831 
4855 1796 4575 4260 1831 1797 4576 4261 1832 
4856 1797 4576 4261 1832 1798 4577 4262 1833 
4857 1798 4577 4262 1833 1799 4578 4263 1834 
4858 1799 4578 4263 1834 1800 4579 4264 1835 
4859 1800 4579 4264 1835 1801 4580 4265 1836 
4860 1801 4580 4265 1836 1802 4581 4266 1837 
4861 1802 4581 4266 1837 1803 4582 4267 1838 
4862 1803 4582 4267 1838 1804 4583 4268 1839 
4863 1804 4583 4268 1839 1805 4584 4269 1840 
4864 1805 4584 4269 1840 1806 4585 4270 1841 
4865 1806 4585 4270 1841 1807 4586 4271 1842 
4866 1807 4586 4271 1842 1808 4587 4272 1843 
4867 1808 4587 4272 1843 1809 4588 4273 1844 
4868 1809 4588 4273 1844 1810 4589 4274 1845 
4869 1810 4589 4274 1845 1811 4590 4275 1846 
4870 1811 4590 4275 1846 1812 4591 4276 1847 
4871 1812 4591 4276 1847 1813 4592 4277 1848 
4872 1813 4592 4277 1848 1814 4593 4278 1849 
4873 1814 4593 4278 1849 1815 4594 4279 1850 
4874 1815 4594 4279 1850 1816 4595 4280 1851 
4875 1816 4595 4280 1851 1817 4596 4281 1852 
4876 1817 4596 4281 1852 1818 4597 4282 1853 
4877 1818 4597 4282 1853 1819 4598 4283 1854 
4878 1819 4598 4283 1854 1820 4599 4284 1855 
4879 1820 4599 4284 1855 1821 4600 4285 1856 
4880 1821 4600 4285 1856 157 2233 2224 158 
4881 893 56 55 884 4601 1052 1017 4286 
4882 4601 1052 1017 4286 4602 1053 1018 4287 
4883 4602 1053 1018 4287 4603 1054 1019 4288 
4884 4603 1054 1019 4288 4604 1055 1020 4289 
4885 4604 1055 1020 4289 4605 1056 1021 4290 
4886 4605 1056 1021 4290 4606 1057 1022 4291 
4887 4606 1057 1022 4291 4607 1058 1023 4292 
4888 4607 1058 1023 4292 4608 1059 1024 4293 
4889 4608 1059 1024 4293 4609 1060 1025 4294 
4890 4609 1060 1025 4294 4610 1061 1026 4295 
4891 4610 1061 1026 4295 4611 1062 1027 4296 
4892 4611 1062 1027 4296 4612 1063 1028 4297 
4893 4612 1063 1028 4297 4613 1064 1029 4298 
4894 4613 1064 1029 4298 4614 1065 1030 4299 
4895 4614 1065 1030 4299 4615 1066 1031 4300 
4896 4615 1066 1031 4300 4616 1067 1032 4301 
4897 4616 1067 1032 4301 4617 1068 1033 4302 
4898 4617 1068 1033 4302 4618 1069 1034 4303 
4899 4618 1069 1034 4303 4619 1070 1035 4304 
4900 4619 1070 1035 4304 4620 1071 1036 4305 
4901 4620 1071 1036 4305 4621 1072 1037 4306 
4902 4621 1072 1037 4306 4622 1073 1038 4307 
4903 4622 1073 1038 4307 4623 1074 1039 4308 
4904 4623 1074 1039 4308 4624 1075 1040 4309 
4905 4624 1075 1040 4309 4625 1076 1041 4310 
4906 4625 1076 1041 4310 4626 1077 1042 4311 
4907 4626 1077 1042 4311 4627 1078 1043 4312 
4908 4627 1078 1043 4312 4628 1079 1044 4313 
4909 4628 1079 1044 4313 4629 1080 1045 4314 
4910 4629 1080 1045 4314 4630 1081 1046 4315 
4911 4630 1081 1046 4315 4631 1082 1047 4316 
4912 4631 1082 1047 4316 4632 1083 1048 4317 
4913 4632 1083 1048 4317 4633 1084 1049 4318 
4914 4633 1084 1049 4318 4634 1085 1050 4319 
4915 4634 1085 1050 4319 4635 1086 1051 4320 
4916 4635 1086 1051 4320 2234 136 135 2225 
4917 894 893 884 885 4636 4601 4286 4321 
4918 4636 4601 4286 4321 4637 4602 4287 4322 
4919 4637 4602 4287 4322 4638 4603 4288 4323 
4920 4638 4603 4288 4323 4639 4604 4289 4324 
4921 4639 4604 4289 4324 4640 4605 4290 4325 
4922 4640 4605 4290 4325 4641 4606 4291 4326 
4923 4641 4606 4291 4326 4642 4607 4292 4327 
4924 4642 4607 4292 4327 4643 4608 4293 4328 
4925 4643 4608 4293 4328 4644 4609 4294 4329 
4926 4644 4609 4294 4329 4645 4610 4295 4330 
4927 4645 4610 4295 4330 4646 4611 4296 4331 
4928 4646 4611 4296 4331 4647 4612 4297 4332 
4929 4647 4612 4297 4332 4648 4613 4298 4333 
4930 4648 4613 4298 4333 4649 4614 4299 4334 
4931 4649 4614 4299 4334 4650 4615 4300 4335 
4932 4650 4615 4300 4335 4651 4616 4301 4336 
4933 4651 4616 4301 4336 4652 4617 4302 4337 
4934 4652 4617 4302 4337 4653 4618 4303 4338 
4935 4653 4618 4303 4338 4654 4619 4304 4339 
4936 4654 4619 4304 4339 4655 4620 4305 4340 
4937 4655 4620 4305 4340 4656 4621 4306 4341 
4938 4656 4621 4306 4341 4657 4622 4307 4342 
4939 4657 4622 4307 4342 4658 4623 4308 4343 
4940 4658 4623 4308 4343 4659 4624 4309 4344 
4941 4659 4624 4309 4344 4660 4625 4310 4345 
4942 4660 4625 4310 4345 4661 4626 4311 4346 
4943 4661 4626 4311 4346 4662 4627 4312 4347 
4944 4662 4627 4312 4347 4663 4628 4313 4348 
4945 4663 4628 4313 4348 4664 4629 4314 4349 
4946 4664 4629 4314 4349 4665 4630 4315 4350 
4947 4665 4630 4315 4350 4666 4631 4316 4351 
4948 4666 4631 4316 4351 4667 4632 4317 4352 
4949 4667 4632 4317 4352 4668 4633 4318 4353 
4950 4668 4633 4318 4353 4669 4634 4319 4354 
4951 4669 4634 4319 4354 4670 4635 4320 4355 
4952 4670 4635 4320 4355 2235 2234 2225 2226 
4953 895 894 885 886 4671 4636 4321 4356 
4954 4671 4636 4321 4356 4672 4637 4322 4357 
4955 4672 4637 4322 4357 4673 4638 4323 4358 
4956 4673 4638 4323 4358 4674 4639 4324 4359 
4957 4674 4639 4324 4359 4675 4640 4325 4360 
4958 4675 4640 4325 4360 4676 4641 4326 4361 
4959 4676 4641 4326 4361 4677 4642 4327 4362 
4960 4677 4642 4327 4362 4678 4643 4328 4363 
4961 4678 4643 4328 4363 4679 4644 4329 4364 
4962 4679 4644 4329 4364 4680 4645 4330 4365 
4963 4680 4645 4330 4365 4681 4646 4331 4366 
4964 4681 4646 4331 4366 4682 4647 4332 4367 
4965 4682 4647 4332 4367 4683 4648 4333 4368 
4966 4683 4648 4333 4368 4684 4649 4334 4369 
4967 4684 4649 4334 4369 4685 4650 4335 4370 
4968 4685 4650 4335 4370 4686 4651 4336 4371 
4969 4686 4651 4336 4371 4687 4652 4337 4372 
4970 4687 4652 4337 4372 4688 4653 4338 4373 
4971 4688 4653 4338 4373 4689 4654 4339 4374 
4972 4689 4654 4339 4374 4690 4655 4340 4375 
4973 4690 4655 4340 4375 4691 4656 4341 4376 
4974 4691 4656 4341 4376 4692 4657 4342 4377 
4975 4692 4657 4342 4377 4693 4658 4343 4378 
4976 4693 4658 4343 4378 4694 4659 4344 4379 
4977 4694 4659 4344 4379 4695 4660 4345 4380 
4978 4695 4660 4345 4380 4696 4661 4346 4381 
4979 4696 4661 4346 4381 4697 4662 4347 4382 
4980 4697 4662 4347 4382 4698 4663 4348 4383 
4981 4698 4663 4348 4383 4699 4664 4349 4384 
4982 4699 4664 4349 4384 4700 4665 4350 4385 
4983 4700 4665 4350 4385 4701 4666 4351 4386 
4984 4701 4666 4351 4386 4702 4667 4352 4387 
4985 4702 4667 4352 4387 4703 4668 4353 4388 
4986 4703 4668 4353 4388 4704 4669 4354 4389 
4987 4704 4669 4354 4389 4705 4670 4355 4390 
4988 4705 4670 4355 4390 2236 2235 2226 2227 
4989 896 895 886 887 4706 4671 4356 4391 
4990 4706 4671 4356 4391 4707 4672 4357 4392 
4991 4707 4672 4357 4392 4708 4673 4358 4393 
4992 4708 4673 4358 4393 4709 4674 4359 4394 
4993 4709 4674 4359 4394 4710 4675 4360 4395 
4994 4710 4675 4360 4395 4711 4676 4361 4396 
4995 4711 4676 4361 4396 4712 4677 4362 4397 
4996 4712 4677 4362 4397 4713 4678 4363 4398 
4997 4713 4678 4363 4398 4714 4679 4364 4399 
4998 4714 4679 4364 4399 4715 4680 4365 4400 
4999 4715 4680 4365 4400 4716 4681 4366 4401 
5000 4716 4681 4366 4401 4717 4682 4367 4402 
5001 4717 4682 4367 4402 4718 4683 4368 4403 
5002 4718 4683 4368 4403 4719 4684 4369 4404 
5003 4719 4684 4369 4404 4720 4685 4370 4405 
5004 4720 4685 4370 4405 4721 4686 4371 4406 
5005 4721 4686 4371 4406 4722 4687 4372 4407 
5006 4722 4687 4372 4407 4723 4688 4373 4408 
5007 4723 4688 4373 4408 4724 4689 4374 4409 
5008 4724 4689 4374 4409 4725 4690 4375 4410 
5009 4725 4690 4375 4410 4726 4691 4376 4411 
5010 4726 4691 4376 4411 4727 4692 4377 4412 
5011 4727 4692 4377 4412 4728 4693 4378 4413 
5012 4728 4693 4378 4413 4729 4694 4379 4414 
5013 4729 4694 4379 4414 4730 4695 4380 4415 
5014 4730 4695 4380 4415 4731 4696 4381 4416 
5015 4731 4696 4381 4416 4732 4697 4382 4417 
5016 4732 4697 4382 4417 4733 4698 4383 4418 
5017 4733 4698 4383 4418 4734 4699 4384 4419 
5018 4734 4699 4384 4419 4735 4700 4385 4420 
5019 4735 4700 4385 4420 4736 4701 4386 4421 
5020 4736 4701 4386 4421 4737 4702 4387 4422 
5021 4737 4702 4387 4422 4738 4703 4388 4423 
5022 4738 4703 4388 4423 4739 4704 4389 4424 
5023 4739 4704 4389 4424 4740 4705 4390 4425 
5024 4740 4705 4390 4425 2237 2236 2227 2228 
5025 897 896 887 888 4741 4706 4391 4426 
5026 4741 4706 4391 4426 4742 4707 4392 4427 
5027 4742 4707 4392 4427 4743 4708 4393 4428 
5028 4743 4708 4393 4428 4744 4709 4394 4429 
5029 4744 4709 4394 4429 4745 4710 4395 4430 
5030 4745 4710 4395 4430 4746 4711 4396 4431 
5031 4746 4711 4396 4431 4747 4712 4397 4432 
5032 4747 4712 4397 4432 4748 4713 4398 4433 
5033 4748 4713 4398 4433 4749 4714 4399 4434 
5034 4749 4714 4399 4434 4750 4715 4400 4435 
5035 4750 4715 4400 4435 4751 4716 4401 4436 
5036 4751 4716 4401 4436 4752 4717 4402 4437 
5037 4752 4717 4402 4437 4753 4718 4403 4438 
5038 4753 4718 4403 4438 4754 4719 4404 4439 
5039 4754 4719 4404 4439 4755 4720 4405 4440 
5040 4755 4720 4405 4440 4756 4721 4406 4441 
5041 4756 4721 4406 4441 4757 4722 4407 4442 
5042 4757 4722 4407 4442 4758 4723 4408 4443 
5043 4758 4723 4408 4443 4759 4724 4409 4444 
5044 4759 4724 4409 4444 4760 4725 4410 4445 
5045 4760 4725 4410 4445 4761 4726 4411 4446 
5046 4761 4726 4411 4446 4762 4727 4412 4447 
5047 4762 4727 4412 4447 4763 4728 4413 4448 
5048 4763 4728 4413 4448 4764 4729 4414 4449 
5049 4764 4729 4414 4449 4765 4730 4415 4450 
5050 4765 4730 4415 4450 4766 4731 4416 4451 
5051 4766 4731 4416 4451 4767 4732 4417 4452 
5052 4767 4732 4417 4452 4768 4733 4418 4453 
5053 4768 4733 4418 4453 4769 4734 4419 4454 
5054 4769 4734 4419 4454 4770 4735 4420 4455 
5055 4770 4735 4420 4455 4771 4736 4421 4456 
5056 4771 4736 4421 4456 4772 4737 4422 4457 
5057 4772 4737 4422 4457 4773 4738 4423 4458 
5058 4773 4738 4423 4458 4774 4739 4424 4459 
5059 4774 4739 4424 4459 4775 4740 4425 4460 
5060 4775 4740 4425 4460 2238 2237 2228 2229 
5061 898 897 888 889 4776 4741 4426 4461 
5062 4776 4741 4426 4461 4777 4742 4427 4462 
5063 4777 4742 4427 4462 4778 4743 4428 4463 
5064 4778 4743 4428 4463 4779 4744 4429 4464 
5065 4779 4744 4429 4464 4780 4745 4430 4465 
5066 4780 4745 4430 4465 4781 4746 4431 4466 
5067 4781 4746 4431 4466 4782 4747 4432 4467 
5068 4782 4747 4432 4467 4783 4748 4433 4468 
5069 4783 4748 4433 4468 4784 4749 4434 4469 
5070 4784 4749 4434 4469 4785 4750 4435 4470 
5071 4785 4750 4435 4470 4786 4751 4436 4471 
5072 4786 4751 4436 4471 4787 4752 4437 4472 
5073 4787 4752 4437 4472 4788 4753 4438 4473 
5074 4788 4753 4438 4473 4789 4754 4439 4474 
5075 4789 4754 4439 4474 4790 4755 4440 4475 
5076 4790 4755 4440 4475 4791 4756 4441 4476 
5077 4791 4756 4441 4476 4792 4757 4442 4477 
5078 4792 4757 4442 4477 4793 4758 4443 4478 
5079 4793 4758 4443 4478 4794 4759 4444 4479 
5080 4794 4759 4444 4479 4795 4760 4445 4480 
5081 4795 4760 4445 4480 4796 4761 4446 4481 
5082 4796 4761 4446 4481 4797 4762 4447 4482 
5083 4797 4762 4447 4482 4798 4763 4448 4483 
5084 4798 4763 4448 4483 4799 4764 4449 4484 
5085 4799 4764 4449 4484 4800 4765 4450 4485 
5086 4800 4765 4450 4485 4801 4766 4451 4486 
5087 4801 4766 4451 4486 4802 4767 4452 4487 
5088 4802 4767 4452 4487 4803 4768 4453 4488 
5089 4803 4768 4453 4488 4804 4769 4454 4489 
5090 4804 4769 4454 4489 4805 4770 4455 4490 
5091 4805 4770 4455 4490 4806 4771 4456 4491 
5092 4806 4771 4456 4491 4807 4772 4457 4492 
5093 4807 4772 4457 4492 4808 4773 4458 4493 
5094 4808 4773 4458 4493 4809 4774 4459 4494 
5095 4809 4774 4459 4494 4810 4775 4460 4495 
5096 4810 4775 4460 4495 2239 2238 2229 2230 
5097 899 898 889 890 4811 4776 4461 4496 
5098 4811 4776 4461 4496 4812 4777 4462 4497 
5099 4812 4777 4462 4497 4813 4778 4463 4498 
5100 4813 4778 4463 4498 4814 4779 4464 4499 
5101 4814 4779 4464 4499 4815 4780 4465 4500 
5102 4815 4780 4465 4500 4816 4781 4466 4501 
5103 4816 4781 4466 4501 4817 4782 4467 4502 
5104 4817 4782 4467 4502 4818 4783 4468 4503 
5105 4818 4783 4468 4503 4819 4784 4469 4504 
5106 4819 4784 4469 4504 4820 4785 4470 4505 
5107 4820 4785 4470 4505 4821 4786 4471 4506 
5108 4821 4786 4471 4506 4822 4787 4472 4507 
5109 4822 4787 4472 4507 4823 4788 4473 4508 
5110 4823 4788 4473 4508 4824 4789 4474 4509 
5111 4824 4789 4474 4509 4825 4790 4475 4510 
5112 4825 4790 4475 4510 4826 4791 4476 4511 
5113 4826 4791 4476 4511 4827 4792 4477 4512 
5114 4827 4792 4477 4512 4828 4793 4478 4513 
5115 4828 4793 4478 4513 4829 4794 4479 4514 
5116 4829 4794 4479 4514 4830 4795 4480 4515 
5117 4830 4795 4480 4515 4831 4796 4481 4516 
5118 4831 4796 4481 4516 4832 4797 4482 4517 
5119 4832 4797 4482 4517 4833 4798 4483 4518 
5120 4833 4798 4483 4518 4834 4799 4484 4519 
5121 4834 4799 4484 4519 4835 4800 4485 4520 
5122 4835 4800 4485 4520 4836 4801 4486 4521 
5123 4836 4801 4486 4521 4837 4802 4487 4522 
5124 4837 4802 4487 4522 4838 4803 4488 4523 
5125 4838 4803 4488 4523 4839 4804 4489 4524 
5126 4839 4804 4489 4524 4840 4805 4490 4525 
5127 4840 4805 4490 4525 4841 4806 4491 4526 
5128 4841 4806 4491 4526 4842 4807 4492 4527 
5129 4842 4807 4492 4527 4843 4808 4493 4528 
5130 4843 4808 4493 4528 4844 4809 4494 4529 
5131 4844 4809 4494 4529 4845 4810 4495 4530 
5132 4845 4810 4495 4530 2240 2239 2230 2231 
5133 900 899 890 891 4846 4811 4496 4531 
5134 4846 4811 4496 4531 4847 4812 4497 4532 
5135 4847 4812 4497 4532 4848 4813 4498 4533 
5136 4848 4813 4498 4533 4849 4814 4499 4534 
5137 4849 4814 4499 4534 4850 4815 4500 4535 
5138 4850 4815 4500 4535 4851 4816 4501 4536 
5139 4851 4816 4501 4536 4852 4817 4502 4537 
5140 4852 4817 4502 4537 4853 4818 4503 4538 
5141 4853 4818 4503 4538 4854 4819 4504 4539 
5142 4854 4819 4504 4539 4855 4820 4505 4540 
5143 4855 4820 4505 4540 4856 4821 4506 4541 
5144 4856 4821 4506 4541 4857 4822 4507 4542 
5145 4857 4822 4507 4542 4858 4823 4508 4543 
5146 4858 4823 4508 4543 4859 4824 4509 4544 
5147 4859 4824 4509 4544 4860 4825 4510 4545 
5148 4860 4825 4510 4545 4861 4826 4511 4546 
5149 4861 4826 4511 4546 4862 4827 4512 4547 
5150 4862 4827 4512 4547 4863 4828 4513 4548 
5151 4863 4828 4513 4548 4864 4829 4514 4549 
5152 4864 4829 4514 4549 4865 4830 4515 4550 
5153 4865 4830 4515 4550 4866 4831 4516 4551 
5154 4866 4831 4516 4551 4867 4832 4517 4552 
5155 4867 4832 4517 4552 4868 4833 4518 4553 
5156 4868 4833 4518 4553 4869 4834 4519 4554 
5157 4869 4834 4519 4554 4870 4835 4520 4555 
5158 4870 4835 4520 4555 4871 4836 4521 4556 
5159 4871 4836 4521 4556 4872 4837 4522 4557 
5160 4872 4837 4522 4557 4873 4838 4523 4558 
5161 4873 4838 4523 4558 4874 4839 4524 4559 
5162 4874 4839 4524 4559 4875 4840 4525 4560 
5163 4875 4840 4525 4560 4876 4841 4526 4561 
5164 4876 4841 4526 4561 4877 4842 4527 4562 
5165 4877 4842 4527 4562 4878 4843 4528 4563 
5166 4878 4843 4528 4563 4879 4844 4529 4564 
5167 4879 4844 4529 4564 4880 4845 4530 4565 
5168 4880 4845 4530 4565 2241 2240 2231 2232 
5169 901 900 891 892 4881 4846 4531 4566 
5170 4881 4846 4531 4566 4882 4847 4532 4567 
5171 4882 4847 4532 4567 4883 4848 4533 4568 
5172 4883 4848 4533 4568 4884 4849 4534 4569 
5173 4884 4849 4534 4569 4885 4850 4535 4570 
5174 4885 4850 4535 4570 4886 4851 4536 4571 
5175 4886 4851 4536 4571 4887 4852 4537 4572 
5176 4887 4852 4537 4572 4888 4853 4538 4573 
5177 4888 4853 4538 4573 4889 4854 4539 4574 
5178 4889 4854 4539 4574 4890 4855 4540 4575 
5179 4890 4855 4540 4575 4891 4856 4541 4576 
5180 4891 4856 4541 4576 4892 4857 4542 4577 
5181 4892 4857 4542 4577 4893 4858 4543 4578 
5182 4893 4858 4543 4578 4894 4859 4544 4579 
5183 4894 4859 4544 4579 4895 4860 4545 4580 
5184 4895 4860 4545 4580 4896 4861 4546 4581 
5185 4896 4861 4546 4581 4897 4862 4547 4582 
5186 4897 4862 4547 4582 4898 4863 4548 4583 
5187 4898 4863 4548 4583 4899 4864 4549 4584 
5188 4899 4864 4549 4584 4900 4865 4550 4585 
5189 4900 4865 4550 4585 4901 4866 4551 4586 
5190 4901 4866 4551 4586 4902 4867 4552 4587 
5191 4902 4867 4552 4587 4903 4868 4553 4588 
5192 4903 4868 4553 4588 4904 4869 4554 4589 
5193 4904 4869 4554 4589 4905 4870 4555 4590 
5194 4905 4870 4555 4590 4906 4871 4556 4591 
5195 4906 4871 4556 4591 4907 4872 4557 4592 
5196 4907 4872 4557 4592 4908 4873 4558 4593 
5197 4908 4873 4558 4593 4909 4874 4559 4594 
5198 4909 4874 4559 4594 4910 4875 4560 4595 
5199 4910 4875 4560 4595 4911 4876 4561 4596 
5200 4911 4876 4561 4596 4912 4877 4562 4597 
5201 4912 4877 4562 4597 4913 4878 4563 4598 
5202 4913 4878 4563 4598 4914 4879 4564 4599 
5203 4914 4879 4564 4599 4915 4880 4565 4600 
5204 4915 4880 4565 4600 2242 2241 2232 2233 
5205 76 901 892 77 1752 4881 4566 1787 
5206 1752 4881 4566 1787 1753 4882 4567 1788 
5207 1753 4882 4567 1788 1754 4883 4568 1789 
5208 1754 4883 4568 1789 1755 4884 4569 1790 
5209 1755 4884 4569 1790 1756 4885 4570 1791 
5210 1756 4885 4570 1791 1757 4886 4571 1792 
5211 1757 4886 4571 1792 1758 4887 4572 1793 
5212 1758 4887 4572 1793 1759 4888 4573 1794 
5213 1759 4888 4573 1794 1760 4889 4574 1795 
5214 1760 4889 4574 1795 1761 4890 4575 1796 
5215 1761 4890 4575 1796 1762 4891 4576 1797 
5216 1762 4891 4576 1797 1763 4892 4577 1798 
5217 1763 4892 4577 1798 1764 4893 4578 1799 
5218 1764 4893 4578 1799 1765 4894 4579 1800 
5219 1765 4894 4579 1800 1766 4895 4580 1801 
5220 1766 4895 4580 1801 1767 4896 4581 1802 
5221 1767 4896 4581 1802 1768 4897 4582 1803 
5222 1768 4897 4582 1803 1769 4898 4583 1804 
5223 1769 4898 4583 1804 1770 4899 4584 1805 
5224 1770 4899 4584 1805 1771 4900 4585 1806 
5225 1771 4900 4585 1806 1772 4901 4586 1807 
5226 1772 4901 4586 1807 1773 4902 4587 1808 
5227 1773 4902 4587 1808 1774 4903 4588 1809 
5228 1774 4903 4588 1809 1775 4904 4589 1810 
5229 1775 4904 4589 1810 1776 4905 4590 1811 
5230 1776 4905 4590 1811 1777 4906 4591 1812 
5231 1777 4906 4591 1812 1778 4907 4592 1813 
5232 1778 4907 4592 1813 1779 4908 4593 1814 
5233 1779 4908 4593 1814 1780 4909 4594 1815 
5234 1780 4909 4594 1815 1781 4910 4595 1816 
5235 1781 4910 4595 1816 1782 4911 4596 1817 
5236 1782 4911 4596 1817 1783 4912 4597 1818 
5237 1783 4912 4597 1818 1784 4913 4598 1819 
5238 1784 4913 4598 1819 1785 4914 4599 1820 
5239 1785 4914 4599 1820 1786 4915 4600 1821 
5240 1786 4915 4600 1821 156 2242 2233 157 
5241 902 57 56 893 4916 1087 1052 4601 
5242 4916 1087 1052 4601 4917 1088 1053 4602 
5243 4917 1088 1053 4602 4918 1089 1054 4603 
5244 4918 1089 1054 4603 4919 1090 1055 4604 
5245 4919 1090 1055 4604 4920 1091 1056 4605 
5246 4920 1091 1056 4605 4921 1092 1057 4606 
5247 4921 1092 1057 4606 4922 1093 1058 4607 
5248 4922 1093 1058 4607 4923 1094 1059 4608 
5249 4923 1094 1059 4608 4924 1095 1060 4609 
5250 4924 1095 1060 4609 4925 1096 1061 4610 
5251 4925 1096 1061 4610 4926 1097 1062 4611 
5252 4926 1097 1062 4611 4927 1098 1063 4612 
5253 4927 1098 1063 4612 4928 1099 1064 4613 
5254 4928 1099 1064 4613 4929 1100 1065 4614 
5255 4929 1100 1065 4614 4930 1101 1066 4615 
5256 4930 1101 1066 4615 4931 1102 1067 4616 
5257 4931 1102 1067 4616 4932 1103 1068 4617 
5258 4932 1103 1068 4617 4933 1104 1069 4618 
5259 4933 1104 1069 4618 4934 1105 1070 4619 
5260 4934 1105 1070 4619 4935 1106 1071 4620 
5261 4935 1106 1071 4620 4936 1107 1072 4621 
5262 4936 1107 1072 4621 4937 1108 1073 4622 
5263 4937 1108 1073 4622 4938 1109 1074 4623 
5264 4938 1109 1074 4623 4939 1110 1075 4624 
5265 4939 1110 1075 4624 4940 1111 1076 4625 
5266 4940 1111 1076 4625 4941 1112 1077 4626 
5267 4941 1112 1077 4626 4942 1113 1078 4627 
5268 4942 1113 1078 4627 4943 1114 1079 4628 
5269 4943 1114 1079 4628 4944 1115 1080 4629 
5270 4944 1115 1080 4629 4945 1116 1081 4630 
5271 4945 1116 1081 4630 4946 1117 1082 4631 
5272 4946 1117 1082 4631 4947 1118 1083 4632 
5273 4947 1118 1083 4632 4948 1119 1084 4633 
5274 4948 1119 1084 4633 4949 1120 1085 4634 
5275 4949 1120 1085 4634 4950 1121 1086 4635 
5276 4950 1121 1086 4635 2243 137 136 2234 
5277 903 902 893 894 4951 4916 4601 4636 
5278 4951 4916 4601 4636 4952 4917 4602 4637 
5279 4952 4917 4602 4637 4953 4918 4603 4638 
5280 4953 4918 4603 4638 4954 4919 4604 4639 
5281 4954 4919 4604 4639 4955 4920 4605 4640 
5282 4955 4920 4605 4640 4956 4921 4606 4641 
5283 4956 4921 4606 4641 4957 4922 4607 4642 
5284 4957 4922 4607 4642 4958 4923 4608 4643 
5285 4958 4923 4608 4643 4959 4924 4609 4644 
5286 4959 4924 4609 4644 4960 4925 4610 4645 
5287 4960 4925 4610 4645 4961 4926 4611 4646 
5288 4961 4926 4611 4646 4962 4927 4612 4647 
5289 4962 4927 4612 4647 4963 4928 4613 4648 
5290 4963 4928 4613 4648 4964 4929 4614 4649 
5291 4964 4929 4614 4649 4965 4930 4615 4650 
5292 4965 4930 4615 4650 4966 4931 4616 4651 
5293 4966 4931 4616 4651 4967 4932 4617 4652 
5294 4967 4932 4617 4652 4968 4933 4618 4653 
5295 4968 4933 4618 4653 4969 4934 4619 4654 
5296 4969 4934 4619 4654 4970 4935 4620 4655 
5297 4970 4935 4620 4655 4971 4936 4621 4656 
5298 4971 4936 4621 4656 4972 4937 4622 4657 
5299 4972 4937 4622 4657 4973 4938 4623 4658 
5300 4973 4938 4623 4658 4974 4939 4624 4659 
5301 4974 4939 4624 4659 4975 4940 4625 4660 
5302 4975 4940 4625 4660 4976 4941 4626 4661 
5303 4976 4941 4626 4661 4977 4942 4627 4662 
5304 4977 4942 4627 4662 4978 4943 4628 4663 
5305 4978 4943 4628 4663 4979 4944 4629 4664 
5306 4979 4944 4629 4664 4980 4945 4630 4665 
5307 4980 4945 4630 4665 4981 4946 4631 4666 
5308 4981 4946 4631 4666 4982 4947 4632 4667 
5309 4982 4947 4632 4667 4983 4948 4633 4668 
5310 4983 4948 4633 4668 4984 4949 4634 4669 
5311 4984 4949 4634 4669 4985 4950 4635 4670 
5312 4985 4950 4635 4670 2244 2243 2234 2235 
5313 904 903 894 895 4986 4951 4636 4671 
5314 4986 4951 4636 4671 4987 4952 4637 4672 
5315 4987 4952 4637 4672 4988 4953 4638 4673 
5316 4988 4953 4638 4673 4989 4954 4639 4674 
5317 4989 4954 4639 4674 4990 4955 4640 4675 
5318 4990 4955 4640 4675 4991 4956 4641 4676 
5319 4991 4956 4641 4676 4992 4957 4642 4677 
5320 4992 4957 4642 4677 4993 4958 4643 4678 
5321 4993 4958 4643 4678 4994 4959 4644 4679 
5322 4994 4959 4644 4679 4995 4960 4645 4680 
5323 4995 4960 4645 4680 4996 4961 4646 4681 
5324 4996 4961 4646 4681 4997 4962 4647 4682 
5325 4997 4962 4647 4682 4998 4963 4648 4683 
5326 4998 4963 4648 4683 4999 4964 4649 4684 
5327 4999 4964 4649 4684 5000 4965 4650 4685 
5328 5000 4965 4650 4685 5001 4966 4651 4686 
5329 5001 4966 4651 4686 5002 4967 4652 4687 
5330 5002 4967 4652 4687 5003 4968 4653 4688 
5331 5003 4968 4653 4688 5004 4969 4654 4689 
5332 5004 4969 4654 4689 5005 4970 4655 4690 
5333 5005 4970 4655 4690 5006 4971 4656 4691 
5334 5006 4971 4656 4691 5007 4972 4657 4692 
5335 5007 4972 4657 4692 5008 4973 4658 4693 
5336 5008 4973 4658 4693 5009 4974 4659 4694 
5337 5009 4974 4659 4694 5010 4975 4660 4695 
5338 5010 4975 4660 4695 5011 4976 4661 4696 
5339 5011 4976 4661 4696 5012 4977 4662 4697 
5340 5012 4977 4662 4697 5013 4978 4663 4698 
5341 5013 4978 4663 4698 5014 4979 4664 4699 
5342 5014 4979 4664 4699 5015 4980 4665 4700 
5343 5015 4980 4665 4700 5016 4981 4666 4701 
5344 5016 4981 4666 4701 5017 4982 4667 4702 
5345 5017 4982 4667 4702 5018 4983 4668 4703 
5346 5018 4983 4668 4703 5019 4984 4669 4704 
5347 5019 4984 4669 4704 5020 4985 4670 4705 
5348 5020 4985 4670 4705 2245 2244 2235 2236 
5349 905 904 895 896 5021 4986 4671 4706 
5350 5021 4986 4671 4706 5022 4987 4672 4707 
5351 5022 4987 4672 4707 5023 4988 4673 4708 
5352 5023 4988 4673 4708 5024 4989 4674 4709 
5353 5024 4989 4674 4709 5025 4990 4675 4710 
5354 5025 4990 4675 4710 5026 4991 4676 4711 
5355 5026 4991 4676 4711 5027 4992 4677 4712 
5356 5027 4992 4677 4712 5028 4993 4678 4713 
5357 5028 4993 4678 4713 5029 4994 4679 4714 
5358 5029 4994 4679 4714 5030 4995 4680 4715 
5359 5030 4995 4680 4715 5031 4996 4681 4716 
5360 5031 4996 4681 4716 5032 4997 4682 4717 
5361 5032 4997 4682 4717 5033 4998 4683 4718 
5362 5033 4998 4683 4718 5034 4999 4684 4719 
5363 5034 4999 4684 4719 5035 5000 4685 4720 
5364 5035 5000 4685 4720 5036 5001 4686 4721 
5365 5036 5001 4686 4721 5037 5002 4687 4722 
5366 5037 5002 4687 4722 5038 5003 4688 4723 
5367 5038 5003 4688 4723 5039 5004 4689 4724 
5368 5039 5004 4689 4724 5040 5005 4690 4725 
5369 5040 5005 4690 4725 5041 5006 4691 4726 
5370 5041 5006 4691 4726 5042 5007 4692 4727 
5371 5042 5007 4692 4727 5043 5008 4693 4728 
5372 5043 5008 4693 4728 5044 5009 4694 4729 
5373 5044 5009 4694 4729 5045 5010 4695 4730 
5374 5045 5010 4695 4730 5046 5011 4696 4731 
5375 5046 5011 4696 4731 5047 5012 4697 4732 
5376 5047 5012 4697 4732 5048 5013 4698 4733 
5377 5048 5013 4698 4733 5049 5014 4699 4734 
5378 5049 5014 4699 4734 5050 5015 4700 4735 
5379 5050 5015 4700 4735 5051 5016 4701 4736 
5380 5051 5016 4701 4736 5052 5017 4702 4737 
5381 5052 5017 4702 4737 5053 5018 4703 4738 
5382 5053 5018 4703 4738 5054 5019 4704 4739 
5383 5054 5019 4704 4739 5055 5020 4705 4740 
5384 5055 5020 4705 4740 2246 2245 2236 2237 
5385 906 905 896 897 5056 5021 4706 4741 
5386 5056 5021 4706 4741 5057 5022 4707 4742 
5387 5057 5022 4707 4742 5058 5023 4708 4743 
5388 5058 5023 4708 4743 5059 5024 4709 4744 
5389 5059 5024 4709 4744 5060 5025 4710 4745 
5390 5060 5025 4710 4745 5061 5026 4711 4746 
5391 5061 5026 4711 4746 5062 5027 4712 4747 
5392 5062 5027 4712 4747 5063 5028 4713 4748 
5393 5063 5028 4713 4748 5064 5029 4714 4749 
5394 5064 5029 4714 4749 5065 5030 4715 4750 
5395 5065 5030 4715 4750 5066 5031 4716 4751 
5396 5066 5031 4716 4751 5067 5032 4717 4752 
5397 5067 5032 4717 4752 5068 5033 4718 4753 
5398 5068 5033 4718 4753 5069 5034 4719 4754 
5399 5069 5034 4719 4754 5070 5035 4720 4755 
5400 5070 5035 4720 4755 5071 5036 4721 4756 
5401 5071 5036 4721 4756 5072 5037 4722 4757 
5402 5072 5037 4722 4757 5073 5038 4723 4758 
5403 5073 5038 4723 4758 5074 5039 4724 4759 
5404 5074 5039 4724 4759 5075 5040 4725 4760 
5405 5075 5040 4725 4760 5076 5041 4726 4761 
5406 5076 5041 4726 4761 5077 5042 4727 4762 
5407 5077 5042 4727 4762 5078 5043 4728 4763 
5408 5078 5043 4728 4763 5079 5044 4729 4764 
5409 5079 5044 4729 4764 5080 5045 4730 4765 
5410 5080 5045 4730 4765 5081 5046 4731 4766 
5411 5081 5046 4731 4766 5082 5047 4732 4767 
5412 5082 5047 4732 4767 5083 5048 4733 4768 
5413 5083 5048 4733 4768 5084 5049 4734 4769 
5414 5084 5049 4734 4769 5085 5050 4735 4770 
5415 5085 5050 4735 4770 5086 5051 4736 4771 
5416 5086 5051 4736 4771 5087 5052 4737 4772 
5417 5087 5052 4737 4772 5088 5053 4738 4773 
5418 5088 5053 4738 4773 5089 5054 4739 4774 
5419 5089 5054 4739 4774 5090 5055 4740 4775 
5420 5090 5055 4740 4775 2247 2246 2237 2238 
5421 907 906 897 898 5091 5056 4741 4776 
5422 5091 5056 4741 4776 5092 5057 4742 4777 
5423 5092 5057 4742 4777 5093 5058 4743 4778 
5424 5093 5058 4743 4778 5094 5059 4744 4779 
5425 5094 5059 4744 4779 5095 5060 4745 4780 
5426 5095 5060 4745 4780 5096 5061 4746 4781 
5427 5096 5061 4746 4781 5097 5062 4747 4782 
5428 5097 5062 4747 4782 5098 5063 4748 4783 
5429 5098 5063 4748 4783 5099 5064 4749 4784 
5430 5099 5064 4749 4784 5100 5065 4750 4785 
5431 5100 5065 4750 4785 5101 5066 4751 4786 
5432 5101 5066 4751 4786 5102 5067 4752 4787 
5433 5102 5067 4752 4787 5103 5068 4753 4788 
5434 5103 5068 4753 4788 5104 5069 4754 4789 
5435 5104 5069 4754 4789 5105 5070 4755 4790 
5436 5105 5070 4755 4790 5106 5071 4756 4791 
5437 5106 5071 4756 4791 5107 5072 4757 4792 
5438 5107 5072 4757 4792 5108 5073 4758 4793 
5439 5108 5073 4758 4793 5109 5074 4759 4794 
5440 5109 5074 4759 4794 5110 5075 4760 4795 
5441 5110 5075 4760 4795 5111 5076 4761 4796 
5442 5111 5076 4761 4796 5112 5077 4762 4797 
5443 5112 5077 4762 4797 5113 5078 4763 4798 
5444 5113 5078 4763 4798 5114 5079 4764 4799 
5445 5114 5079 4764 4799 5115 5080 4765 4800 
5446 5115 5080 4765 4800 5116 5081 4766 4801 
5447 5116 5081 4766 4801 5117 5082 4767 4802 
5448 5117 5082 4767 4802 5118 5083 4768 4803 
5449 5118 5083 4768 4803 5119 5084 4769 4804 
5450 5119 5084 4769 4804 5120 5085 4770 4805 
5451 5120 5085 4770 4805 5121 5086 4771 4806 
5452 5121 5086 4771 4806 5122 5087 4772 4807 
5453 5122 5087 4772 4807 5123 5088 4773 4808 
5454 5123 5088 4773 4808 5124 5089 4774 4809 
5455 5124 5089 4774 4809 5125 5090 4775 4810 
5456 5125 5090 4775 4810 2248 2247 2238 2239 
5457 908 907 898 899 5126 5091 4776 4811 
5458 5126 5091 4776 4811 5127 5092 4777 4812 
5459 5127 5092 4777 4812 5128 5093 4778 4813 
5460 5128 5093 4778 4813 5129 5094 4779 4814 
5461 5129 5094 4779 4814 5130 5095 4780 4815 
5462 5130 5095 4780 4815 5131 5096 4781 4816 
5463 5131 5096 4781 4816 5132 5097 4782 4817 
5464 5132 5097 4782 4817 5133 5098 4783 4818 
5465 5133 5098 4783 4818 5134 5099 4784 4819 
5466 5134 5099 4784 4819 5135 5100 4785 4820 
5467 5135 5100 4785 4820 5136 5101 4786 4821 
5468 5136 5101 4786 4821 5137 5102 4787 4822 
5469 5137 5102 4787 4822 5138 5103 4788 4823 
5470 5138 5103 4788 4823 5139 5104 4789 4824 
5471 5139 5104 4789 4824 5140 5105 4790 4825 
5472 5140 5105 4790 4825 5141 5106 4791 4826 
5473 5141 5106 4791 4826 5142 5107 4792 4827 
5474 5142 5107 4792 4827 5143 5108 4793 4828 
5475 5143 5108 4793 4828 5144 5109 4794 4829 
5476 5144 5109 4794 4829 5145 5110 4795 4830 
5477 5145 5110 4795 4830 5146 5111 4796 4831 
5478 5146 5111 4796 4831 5147 5112 4797 4832 
5479 5147 5112 4797 4832 5148 5113 4798 4833 
5480 5148 5113 4798 4833 5149 5114 4799 4834 
5481 5149 5114 4799 4834 5150 5115 4800 4835 
5482 5150 5115 4800 4835 5151 5116 4801 4836 
5483 5151 5116 4801 4836 5152 5117 4802 4837 
5484 5152 5117 4802 4837 5153 5118 4803 4838 
5485 5153 5118 4803 4838 5154 5119 4804 4839 
5486 5154 5119 4804 4839 5155 5120 4805 4840 
5487 5155 5120 4805 4840 5156 5121 4806 4841 
5488 5156 5121 4806 4841 5157 5122 4807 4842 
5489 5157 5122 4807 4842 5158 5123 4808 4843 
5490 5158 5123 4808 4843 5159 5124 4809 4844 
5491 5159 5124 4809 4844 5160 5125 4810 4845 
5492 5160 5125 4810 4845 2249 2248 2239 2240 
5493 909 908 899 900 5161 5126 4811 4846 
5494 5161 5126 4811 4846 5162 5127 4812 4847 
5495 5162 5127 4812 4847 5163 5128 4813 4848 
5496 5163 5128 4813 4848 5164 5129 4814 4849 
5497 5164 5129 4814 4849 5165 5130 4815 4850 
5498 5165 5130 4815 4850 5166 5131 4816 4851 
5499 5166 5131 4816 4851 5167 5132 4817 4852 
5500 5167 5132 4817 4852 5168 5133 4818 4853 
5501 5168 5133 4818 4853 5169 5134 4819 4854 
5502 5169 5134 4819 4854 5170 5135 4820 4855 
5503 5170 5135 4820 4855 5171 5136 4821 4856 
5504 5171 5136 4821 4856 5172 5137 4822 4857 
5505 5172 5137 4822 4857 5173 5138 4823 4858 
5506 5173 5138 4823 4858 5174 5139 4824 4859 
5507 5174 5139 4824 4859 5175 5140 4825 4860 
5508 5175 5140 4825 4860 5176 5141 4826 4861 
5509 5176 5141 4826 4861 5177 5142 4827 4862 
5510 5177 5142 4827 4862 5178 5143 4828 4863 
5511 5178 5143 4828 4863 5179 5144 4829 4864 
5512 5179 5144 4829 4864 5180 5145 4830 4865 
5513 5180 5145 4830 4865 5181 5146 4831 4866 
5514 5181 5146 4831 4866 5182 5147 4832 4867 
5515 5182 5147 4832 4867 5183 5148 4833 4868 
5516 5183 5148 4833 4868 5184 5149 4834 4869 
5517 5184 5149 4834 4869 5185 5150 4835 4870 
5518 5185 5150 4835 4870 5186 5151 4836 4871 
5519 5186 5151 4836 4871 5187 5152 4837 4872 
5520 5187 5152 4837 4872 5188 5153 4838 4873 
5521 5188 5153 4838 4873 5189 5154 4839 4874 
5522 5189 5154 4839 4874 5190 5155 4840 4875 
5523 5190 5155 4840 4875 5191 5156 4841 4876 
5524 5191 5156 4841 4876 5192 5157 4842 4877 
5525 5192 5157 4842 4877 5193 5158 4843 4878 
5526 5193 5158 4843 4878 5194 5159 4844 4879 
5527 5194 5159 4844 4879 5195 5160 4845 4880 
5528 5195 5160 4845 4880 2250 2249 2240 2241 
5529 910 909 900 901 5196 5161 4846 4881 
5530 5196 5161 4846 4881 5197 5162 4847 4882 
5531 5197 5162 4847 4882 5198 5163 4848 4883 
5532 5198 5163 4848 4883 5199 5164 4849 4884 
5533 5199 5164 4849 4884 5200 5165 4850 4885 
5534 5200 5165 4850 4885 5201 5166 4851 4886 
5535 5201 5166 4851 4886 5202 5167 4852 4887 
5536 5202 5167 4852 4887 5203 5168 4853 4888 
5537 5203 5168 4853 4888 5204 5169 4854 4889 
5538 5204 5169 4854 4889 5205 5170 4855 4890 
5539 5205 5170 4855 4890 5206 5171 4856 4891 
5540 5206 5171 4856 4891 5207 5172 4857 4892 
5541 5207 5172 4857 4892 5208 5173 4858 4893 
5542 5208 5173 4858 4893 5209 5174 4859 4894 
5543 5209 5174 4859 4894 5210 5175 4860 4895 
5544 5210 5175 4860 4895 5211 5176 4861 4896 
5545 5211 5176 4861 4896 5212 5177 4862 4897 
5546 5212 5177 4862 4897 5213 5178 4863 4898 
5547 5213 5178 4863 4898 5214 5179 4864 4899 
5548 5214 5179 4864 4899 5215 5180 4865 4900 
5549 5215 5180 4865 4900 5216 5181 4866 4901 
5550 5216 5181 4866 4901 5217 5182 4867 4902 
5551 5217 5182 4867 4902 5218 5183 4868 4903 
5552 5218 5183 4868 4903 5219 5184 4869 4904 
5553 5219 5184 4869 4904 5220 5185 4870 4905 
5554 5220 5185 4870 4905 5221 5186 4871 4906 
5555 5221 5186 4871 4906 5222 5187 4872 4907 
5556 5222 5187 4872 4907 5223 5188 4873 4908 
5557 5223 5188 4873 4908 5224 5189 4874 4909 
5558 5224 5189 4874 4909 5225 5190 4875 4910 
5559 5225 5190 4875 4910 5226 5191 4876 4911 
5560 5226 5191 4876 4911 5227 5192 4877 4912 
5561 5227 5192 4877 4912 5228 5193 4878 4913 
5562 5228 5193 4878 4913 5229 5194 4879 4914 
5563 5229 5194 4879 4914 5230 5195 4880 4915 
5564 5230 5195 4880 4915 2251 2250 2241 2242 
5565 75 910 901 76 1717 5196 4881 1752 
5566 1717 5196 4881 1752 1718 5197 4882 1753 
5567 1718 5197 4882 1753 1719 5198 4883 1754 
5568 1719 5198 4883 1754 1720 5199 4884 1755 
5569 1720 5199 4884 1755 1721 5200 4885 1756 
5570 1721 5200 4885 1756 1722 5201 4886 1757 
5571 1722 5201 4886 1757 1723 5202 4887 1758 
5572 1723 5202 4887 1758 1724 5203 4888 1759 
5573 1724 5203 4888 1759 1725 5204 4889 1760 
5574 1725 5204 4889 1760 1726 5205 4890 1761 
5575 1726 5205 4890 1761 1727 5206 4891 1762 
5576 1727 5206 4891 1762 1728 5207 4892 1763 
5577 1728 5207 4892 1763 1729 5208 4893 1764 
5578 1729 5208 4893 1764 1730 5209 4894 1765 
5579 1730 5209 4894 1765 1731 5210 4895 1766 
5580 1731 5210 4895 1766 1732 5211 4896 1767 
5581 1732 5211 4896 1767 1733 5212 4897 1768 
5582 1733 5212 4897 1768 1734 5213 4898 1769 
5583 1734 5213 4898 1769 1735 5214 4899 1770 
5584 1735 5214 4899 1770 1736 5215 4900 1771 
5585 1736 5215 4900 1771 1737 5216 4901 1772 
5586 1737 5216 4901 1772 1738 5217 4902 1773 
5587 1738 5217 4902 1773 1739 5218 4903 1774 
5588 1739 5218 4903 1774 1740 5219 4904 1775 
5589 1740 5219 4904 1775 1741 5220 4905 1776 
5590 1741 5220 4905 1776 1742 5221 4906 1777 
5591 1742 5221 4906 1777 1743 5222 4907 1778 
5592 1743 5222 4907 1778 1744 5223 4908 1779 
5593 1744 5223 4908 1779 1745 5224 4909 1780 
5594 1745 5224 4909 1780 1746 5225 4910 1781 
5595 1746 5225 4910 1781 1747 5226 4911 1782 
5596 1747 5226 4911 1782 1748 5227 4912 1783 
5597 1748 5227 4912 1783 1749 5228 4913 1784 
5598 1749 5228 4913 1784 1750 5229 4914 1785 
5599 1750 5229 4914 1785 1751 5230 4915 1786 
5600 1751 5230 4915 1786 155 2251 2242 156 
5601 911 58 57 902 5231 1122 1087 4916 
5602 5231 1122 1087 4916 5232 1123 1088 4917 
5603 5232 1123 1088 4917 5233 1124 1089 4918 
5604 5233 1124 1089 4918 5234 1125 1090 4919 
5605 5234 1125 1090 4919 5235 1126 1091 4920 
5606 5235 1126 1091 4920 5236 1127 1092 4921 
5607 5236 1127 1092 4921 5237 1128 1093 4922 
5608 5237 1128 1093 4922 5238 1129 1094 4923 
5609 5238 1129 1094 4923 5239 1130 1095 4924 
5610 5239 1130 1095 4924 5240 1131 1096 4925 
5611 5240 1131 1096 4925 5241 1132 1097 4926 
5612 5241 1132 1097 4926 5242 1133 1098 4927 
5613 5242 1133 1098 4927 5243 1134 1099 4928 
5614 5243 1134 1099 4928 5244 1135 1100 4929 
5615 5244 1135 1100 4929 5245 1136 1101 4930 
5616 5245 1136 1101 4930 5246 1137 1102 4931 
5617 5246 1137 1102 4931 5247 1138 1103 4932 
5618 5247 1138 1103 4932 5248 1139 1104 4933 
5619 5248 1139 1104 4933 5249 1140 1105 4934 
5620 5249 1140 1105 4934 5250 1141 1106 4935 
5621 5250 1141 1106 4935 5251 1142 1107 4936 
5622 5251 1142 1107 4936 5252 1143 1108 4937 
5623 5252 1143 1108 4937 5253 1144 1109 4938 
5624 5253 1144 1109 4938 5254 1145 1110 4939 
5625 5254 1145 1110 4939 5255 1146 1111 4940 
5626 5255 1146 1111 4940 5256 1147 1112 4941 
5627 5256 1147 1112 4941 5257 1148 1113 4942 
5628 5257 1148 1113 4942 5258 1149 1114 4943 
5629 5258 1149 1114 4943 5259 1150 1115 4944 
5630 5259 1150 1115 4944 5260 1151 1116 4945 
5631 5260 1151 1116 4945 5261 1152 1117 4946 
5632 5261 1152 1117 4946 5262 1153 1118 4947 
5633 5262 1153 1118 4947 5263 1154 1119 4948 
5634 5263 1154 1119 4948 5264 1155 1120 4949 
5635 5264 1155 1120 4949 5265 1156 1121 4950 
5636 5265 1156 1121 4950 2252 138 137 2243 
5637 912 911 902 903 5266 5231 4916 4951 
5638 5266 5231 4916 4951 5267 5232 4917 4952 
5639 5267 5232 4917 4952 5268 5233 4918 4953 
5640 5268 5233 4918 4953 5269 5234 4919 4954 
5641 5269 5234 4919 4954 5270 5235 4920 4955 
5642 5270 5235 4920 4955 5271 5236 4921 4956 
5643 5271 5236 4921 4956 5272 5237 4922 4957 
5644 5272 5237 4922 4957 5273 5238 4923 4958 
5645 5273 5238 4923 4958 5274 5239 4924 4959 
5646 5274 5239 4924 4959 5275 5240 4925 4960 
5647 5275 5240 4925 4960 5276 5241 4926 4961 
5648 5276 5241 4926 4961 5277 5242 4927 4962 
5649 5277 5242 4927 4962 5278 5243 4928 4963 
5650 5278 5243 4928 4963 5279 5244 4929 4964 
5651 5279 5244 4929 4964 5280 5245 4930 4965 
5652 5280 5245 4930 4965 5281 5246 4931 4966 
5653 5281 5246 4931 4966 5282 5247 4932 4967 
5654 5282 5247 4932 4967 5283 5248 4933 4968 
5655 5283 5248 4933 4968 5284 5249 4934 4969 
5656 5284 5249 4934 4969 5285 5250 4935 4970 
5657 5285 5250 4935 4970 5286 5251 4936 4971 
5658 5286 5251 4936 4971 5287 5252 4937 4972 
5659 5287 5252 4937 4972 5288 5253 4938 4973 
5660 5288 5253 4938 4973 5289 5254 4939 4974 
5661 5289 5254 4939 4974 5290 5255 4940 4975 
5662 5290 5255 4940 4975 5291 5256 4941 4976 
5663 5291 5256 4941 4976 5292 5257 4942 4977 
5664 5292 5257 4942 4977 5293 5258 4943 4978 
5665 5293 5258 4943 4978 5294 5259 4944 4979 
5666 5294 5259 4944 4979 5295 5260 4945 4980 
5667 5295 5260 4945 4980 5296 5261 4946 4981 
5668 5296 5261 4946 4981 5297 5262 4947 4982 
5669 5297 5262 4947 4982 5298 5263 4948 4983 
5670 5298 5263 4948 4983 5299 5264 4949 4984 
5671 5299 5264 4949 4984 5300 5265 4950 4985 
5672 5300 5265 4950 4985 2253 2252 2243 2244 
5673 913 912 903 904 5301 5266 4951 4986 
5674 5301 5266 4951 4986 5302 5267 4952 4987 
5675 5302 5267 4952 4987 5303 5268 4953 4988 
5676 5303 5268 4953 4988 5304 5269 4954 4989 
5677 5304 5269 4954 4989 5305 5270 4955 4990 
5678 5305 5270 4955 4990 5306 5271 4956 4991 
5679 5306 5271 4956 4991 5307 5272 4957 4992 
5680 5307 5272 4957 4992 5308 5273 4958 4993 
5681 5308 5273 4958 4993 5309 5274 4959 4994 
5682 5309 5274 4959 4994 5310 5275 4960 4995 
5683 5310 5275 4960 4995 5311 5276 4961 4996 
5684 5311 5276 4961 4996 5312 5277 4962 4997 
5685 5312 5277 4962 4997 5313 5278 4963 4998 
5686 5313 5278 4963 4998 5314 5279 4964 4999 
5687 5314 5279 4964 4999 5315 5280 4965 5000 
5688 5315 5280 4965 5000 5316 5281 4966 5001 
5689 5316 5281 4966 5001 5317 5282 4967 5002 
5690 5317 5282 4967 5002 5318 5283 4968 5003 
5691 5318 5283 4968 5003 5319 5284 4969 5004 
5692 5319 5284 4969 5004 5320 5285 4970 5005 
5693 5320 5285 4970 5005 5321 5286 4971 5006 
5694 5321 5286 4971 5006 5322 5287 4972 5007 
5695 5322 5287 4972 5007 5323 5288 4973 5008 
5696 5323 5288 4973 5008 5324 5289 4974 5009 
5697 5324 5289 4974 5009 5325 5290 4975 5010 
5698 5325 5290 4975 5010 5326 5291 4976 5011 
5699 5326 5291 4976 5011 5327 5292 4977 5012 
5700 5327 5292 4977 5012 5328 5293 4978 5013 
5701 5328 5293 4978 5013 5329 5294 4979 5014 
5702 5329 5294 4979 5014 5330 5295 4980 5015 
5703 5330 5295 4980 5015 5331 5296 4981 5016 
5704 5331 5296 4981 5016 5332 5297 4982 5017 
5705 5332 5297 4982 5017 5333 5298 4983 5018 
5706 5333 5298 4983 5018 5334 5299 4984 5019 
5707 5334 5299 4984 5019 5335 5300 4985 5020 
5708 5335 5300 4985 5020 2254 2253 2244 2245 
5709 914 913 904 905 5336 5301 4986 5021 
5710 5336 5301 4986 5021 5337 5302 4987 5022 
5711 5337 5302 4987 5022 5338 5303 4988 5023 
5712 5338 5303 4988 5023 5339 5304 4989 5024 
5713 5339 5304 4989 5024 5340 5305 4990 5025 
5714 5340 5305 4990 5025 5341 5306 4991 5026 
5715 5341 5306 4991 5026 5342 5307 4992 5027 
5716 5342 5307 4992 5027 5343 5308 4993 5028 
5717 5343 5308 4993 5028 5344 5309 4994 5029 
5718 5344 5309 4994 5029 5345 5310 4995 5030 
5719 5345 5310 4995 5030 5346 5311 4996 5031 
5720 5346 5311 4996 5031 5347 5312 4997 5032 
5721 5347 5312 4997 5032 5348 5313 4998 5033 
5722 5348 5313 4998 5033 5349 5314 4999 5034 
5723 5349 5314 4999 5034 5350 5315 5000 5035 
5724 5350 5315 5000 5035 5351 5316 5001 5036 
5725 5351 5316 5001 5036 5352 5317 5002 5037 
5726 5352 5317 5002 5037 5353 5318 5003 5038 
5727 5353 5318 5003 5038 5354 5319 5004 5039 
5728 5354 5319 5004 5039 5355 5320 5005 5040 
5729 5355 5320 5005 5040 5356 5321 5006 5041 
5730 5356 5321 5006 5041 5357 5322 5007 5042 
5731 5357 5322 5007 5042 5358 5323 5008 5043 
5732 5358 5323 5008 5043 5359 5324 5009 5044 
5733 5359 5324 5009 5044 5360 5325 5010 5045 
5734 5360 5325 5010 5045 5361 5326 5011 5046 
5735 5361 5326 5011 5046 5362 5327 5012 5047 
5736 5362 5327 5012 5047 5363 5328 5013 5048 
5737 5363 5328 5013 5048 5364 5329 5014 5049 
5738 5364 5329 5014 5049 5365 5330 5015 5050 
5739 5365 5330 5015 5050 5366 5331 5016 5051 
5740 5366 5331 5016 5051 5367 5332 5017 5052 
5741 5367 5332 5017 5052 5368 5333 5018 5053 
5742 5368 5333 5018 5053 5369 5334 5019 5054 
5743 5369 5334 5019 5054 5370 5335 5020 5055 
5744 5370 5335 5020 5055 2255 2254 2245 2246 
5745 915 914 905 906 5371 5336 5021 5056 
5746 5371 5336 5021 5056 5372 5337 5022 5057 
5747 5372 5337 5022 5057 5373 5338 5023 5058 
5748 5373 5338 5023 5058 5374 5339 5024 5059 
5749 5374 5339 5024 5059 5375 5340 5025 5060 
5750 5375 5340 5025 5060 5376 5341 5026 5061 
5751 5376 5341 5026 5061 5377 5342 5027 5062 
5752 5377 5342 5027 5062 5378 5343 5028 5063 
5753 5378 5343 5028 5063 5379 5344 5029 5064 
5754 5379 5344 5029 5064 5380 5345 5030 5065 
5755 5380 5345 5030 5065 5381 5346 5031 5066 
5756 5381 5346 5031 5066 5382 5347 5032 5067 
5757 5382 5347 5032 5067 5383 5348 5033 5068 
5758 5383 5348 5033 5068 5384 5349 5034 5069 
5759 5384 5349 5034 5069 5385 5350 5035 5070 
5760 5385 5350 5035 5070 5386 5351 5036 5071 
5761 5386 5351 5036 5071 5387 5352 5037 5072 
5762 5387 5352 5037 5072 5388 5353 5038 5073 
5763 5388 5353 5038 5073 5389 5354 5039 5074 
5764 5389 5354 5039 5074 5390 5355 5040 5075 
5765 5390 5355 5040 5075 5391 5356 5041 5076 
5766 5391 5356 5041 5076 5392 5357 5042 5077 
5767 5392 5357 5042 5077 5393 5358 5043 5078 
5768 5393 5358 5043 5078 5394 5359 5044 5079 
5769 5394 5359 5044 5079 5395 5360 5045 5080 
5770 5395 5360 5045 5080 5396 5361 5046 5081 
5771 5396 5361 5046 5081 5397 5362 5047 5082 
5772 5397 5362 5047 5082 5398 5363 5048 5083 
5773 5398 5363 5048 5083 5399 5364 5049 5084 
5774 5399 5364 5049 5084 5400 5365 5050 5085 
5775 5400 5365 5050 5085 5401 5366 5051 5086 
5776 5401 5366 5051 5086 5402 5367 5052 5087 
5777 5402 5367 5052 5087 5403 5368 5053 5088 
5778 5403 5368 5053 5088 5404 5369 5054 5089 
5779 5404 5369 5054 5089 5405 5370 5055 5090 
5780 5405 5370 5055 5090 2256 2255 2246 2247 
5781 916 915 906 907 5406 5371 5056 5091 
5782 5406 5371 5056 5091 5407 5372 5057 5092 
5783 5407 5372 5057 5092 5408 5373 5058 5093 
5784 5408 5373 5058 5093 5409 5374 5059 5094 
5785 5409 5374 5059 5094 5410 5375 5060 5095 
5786 5410 5375 5060 5095 5411 5376 5061 5096 
5787 5411 5376 5061 5096 5412 5377 5062 5097 
5788 5412 5377 5062 5097 5413 5378 5063 5098 
5789 5413 5378 5063 5098 5414 5379 5064 5099 
5790 5414 5379 5064 5099 5415 5380 5065 5100 
5791 5415 5380 5065 5100 5416 5381 5066 5101 
5792 5416 5381 5066 5101 5417 5382 5067 5102 
5793 5417 5382 5067 5102 5418 5383 5068 5103 
5794 5418 5383 5068 5103 5419 5384 5069 5104 
5795 5419 5384 5069 5104 5420 5385 5070 5105 
5796 5420 5385 5070 5105 5421 5386 5071 5106 
5797 5421 5386 5071 5106 5422 5387 5072 5107 
5798 5422 5387 5072 5107 5423 5388 5073 5108 
5799 5423 5388 5073 5108 5424 5389 5074 5109 
5800 5424 5389 5074 5109 5425 5390 5075 5110 
5801 5425 5390 5075 5110 5426 5391 5076 5111 
5802 5426 5391 5076 5111 5427 5392 5077 5112 
5803 5427 5392 5077 5112 5428 5393 5078 5113 
5804 5428 5393 5078 5113 5429 5394 5079 5114 
5805 5429 5394 5079 5114 5430 5395 5080 5115 
5806 5430 5395 5080 5115 5431 5396 5081 5116 
5807 5431 5396 5081 5116 5432 5397 5082 5117 
5808 5432 5397 5082 5117 5433 5398 5083 5118 
5809 5433 5398 5083 5118 5434 5399 5084 5119 
5810 5434 5399 5084 5119 5435 5400 5085 5120 
5811 5435 5400 5085 5120 5436 5401 5086 5121 
5812 5436 5401 5086 5121 5437 5402 5087 5122 
5813 5437 5402 5087 5122 5438 5403 5088 5123 
5814 5438 5403 5088 5123 5439 5404 5089 5124 
5815 5439 5404 5089 5124 5440 5405 5090 5125 
5816 5440 5405 5090 5125 2257 2256 2247 2248 
5817 917 916 907 908 5441 5406 5091 5126 
5818 5441 5406 5091 5126 5442 5407 5092 5127 
5819 5442 5407 5092 5127 5443 5408 5093 5128 
5820 5443 5408 5093 5128 5444 5409 5094 5129 
5821 5444 5409 5094 5129 5445 5410 5095 5130 
5822 5445 5410 5095 5130 5446 5411 5096 5131 
5823 5446 5411 5096 5131 5447 5412 5097 5132 
5824 5447 5412 5097 5132 5448 5413 5098 5133 
5825 5448 5413 5098 5133 5449 5414 5099 5134 
5826 5449 5414 5099 5134 5450 5415 5100 5135 
5827 5450 5415 5100 5135 5451 5416 5101 5136 
5828 5451 5416 5101 5136 5452 5417 5102 5137 
5829 5452 5417 5102 5137 5453 5418 5103 5138 
5830 5453 5418 5103 5138 5454 5419 5104 5139 
5831 5454 5419 5104 5139 5455 5420 5105 5140 
5832 5455 5420 5105 5140 5456 5421 5106 5141 
5833 5456 5421 5106 5141 5457 5422 5107 5142 
5834 5457 5422 5107 5142 5458 5423 5108 5143 
5835 5458 5423 5108 5143 5459 5424 5109 5144 
5836 5459 5424 5109 5144 5460 5425 5110 5145 
5837 5460 5425 5110 5145 5461 5426 5111 5146 
5838 5461 5426 5111 5146 5462 5427 5112 5147 
5839 5462 5427 5112 5147 5463 5428 5113 5148 
5840 5463 5428 5113 5148 5464 5429 5114 5149 
5841 5464 5429 5114 5149 5465 5430 5115 5150 
5842 5465 5430 5115 5150 5466 5431 5116 5151 
5843 5466 5431 5116 5151 5467 5432 5117 5152 
5844 5467 5432 5117 5152 5468 5433 5118 5153 
5845 5468 5433 5118 5153 5469 5434 5119 5154 
5846 5469 5434 5119 5154 5470 5435 5120 5155 
5847 5470 5435 5120 5155 5471 5436 5121 5156 
5848 5471 5436 5121 5156 5472 5437 5122 5157 
5849 5472 5437 5122 5157 5473 5438 5123 5158 
5850 5473 5438 5123 5158 5474 5439 5124 5159 
5851 5474 5439 5124 5159 5475 5440 5125 5160 
5852 5475 5440 5125 5160 2258 2257 2248 2249 
5853 918 917 908 909 5476 5441 5126 5161 
5854 5476 5441 5126 5161 5477 5442 5127 5162 
5855 5477 5442 5127 5162 5478 5443 5128 5163 
5856 5478 5443 5128 5163 5479 5444 5129 5164 
5857 5479 5444 5129 5164 5480 5445 5130 5165 
5858 5480 5445 5130 5165 5481 5446 5131 5166 
5859 5481 5446 5131 5166 5482 5447 5132 5167 
5860 5482 5447 5132 5167 5483 5448 5133 5168 
5861 5483 5448 5133 5168 5484 5449 5134 5169 
5862 5484 5449 5134 5169 5485 5450 5135 5170 
5863 5485 5450 5135 5170 5486 5451 5136 5171 
5864 5486 5451 5136 5171 5487 5452 5137 5172 
5865 5487 5452 5137 5172 5488 5453 5138 5173 
5866 5488 5453 5138 5173 5489 5454 5139 5174 
5867 5489 5454 5139 5174 5490 5455 5140 5175 
5868 5490 5455 5140 5175 5491 5456 5141 5176 
5869 5491 5456 5141 5176 5492 5457 5142 5177 
5870 5492 5457 5142 5177 5493 5458 5143 5178 
5871 5493 5458 5143 5178 5494 5459 5144 5179 
5872 5494 5459 5144 5179 5495 5460 5145 5180 
5873 5495 5460 5145 5180 5496 5461 5146 5181 
5874 5496 5461 5146 5181 5497 5462 5147 5182 
5875 5497 5462 5147 5182 5498 5463 5148 5183 
5876 5498 5463 5148 5183 5499 5464 5149 5184 
5877 5499 5464 5149 5184 5500 5465 5150 5185 
5878 5500 5465 5150 5185 5501 5466 5151 5186 
5879 5501 5466 5151 5186 5502 5467 5152 5187 
5880 5502 5467 5152 5187 5503 5468 5153 5188 
5881 5503 5468 5153 5188 5504 5469 5154 5189 
5882 5504 5469 5154 5189 5505 5470 5155 5190 
5883 5505 5470 5155 5190 5506 5471 5156 5191 
5884 5506 5471 5156 5191 5507 5472 5157 5192 
5885 5507 5472 5157 5192 5508 5473 5158 5193 
5886 5508 5473 5158 5193 5509 5474 5159 5194 
5887 5509 5474 5159 5194 5510 5475 5160 5195 
5888 5510 5475 5160 5195 2259 2258 2249 2250 
5889 919 918 909 910 5511 5476 5161 5196 
5890 5511 5476 5161 5196 5512 5477 5162 5197 
5891 5512 5477 5162 5197 5513 5478 5163 5198 
5892 5513 5478 5163 5198 5514 5479 5164 5199 
5893 5514 5479 5164 5199 5515 5480 5165 5200 
5894 5515 5480 5165 5200 5516 5481 5166 5201 
5895 5516 5481 5166 5201 5517 5482 5167 5202 
5896 5517 5482 5167 5202 5518 5483 5168 5203 
5897 5518 5483 5168 5203 5519 5484 5169 5204 
5898 5519 5484 5169 5204 5520 5485 5170 5205 
5899 5520 5485 5170 5205 5521 5486 5171 5206 
5900 5521 5486 5171 5206 5522 5487 5172 5207 
5901 5522 5487 5172 5207 5523 5488 5173 5208 
5902 5523 5488 5173 5208 5524 5489 5174 5209 
5903 5524 5489 5174 5209 5525 5490 5175 5210 
5904 5525 5490 5175 5210 5526 5491 5176 5211 
5905 5526 5491 5176 5211 5527 5492 5177 5212 
5906 5527 5492 5177 5212 5528 5493 5178 5213 
5907 5528 5493 5178 5213 5529 5494 5179 5214 
5908 5529 5494 5179 5214 5530 5495 5180 5215 
5909 5530 5495 5180 5215 5531 5496 5181 5216 
5910 5531 5496 5181 5216 5532 5497 5182 5217 
5911 5532 5497 5182 5217 5533 5498 5183 5218 
5912 5533 5498 5183 5218 5534 5499 5184 5219 
5913 5534 5499 5184 5219 5535 5500 5185 5220 
5914 5535 5500 5185 5220 5536 5501 5186 5221 
5915 5536 5501 5186 5221 5537 5502 5187 5222 
5916 5537 5502 5187 5222 5538 5503 5188 5223 
5917 5538 5503 5188 5223 5539 5504 5189 5224 
5918 5539 5504 5189 5224 5540 5505 5190 5225 
5919 5540 5505 5190 5225 5541 5506 5191 5226 
5920 5541 5506 5191 5226 5542 5507 5192 5227 
5921 5542 5507 5192 5227 5543 5508 5193 5228 
5922 5543 5508 5193 5228 5544 5509 5194 5229 
5923 5544 5509 5194 5229 5545 5510 5195 5230 
5924 5545 5510 5195 5230 2260 2259 2250 2251 
5925 74 919 910 75 1682 5511 5196 1717 
5926 1682 5511 5196 1717 1683 5512 5197 1718 
5927 1683 5512 5197 1718 1684 5513 5198 1719 
5928 1684 5513 5198 1719 1685 5514 5199 1720 
5929 1685 5514 5199 1720 1686 5515 5200 1721 
5930 1686 5515 5200 1721 1687 5516 5201 1722 
5931 1687 5516 5201 1722 1688 5517 5202 1723 
5932 1688 5517 5202 1723 1689 5518 5203 1724 
5933 1689 5518 5203 1724 1690 5519 5204 1725 
5934 1690 5519 5204 1725 1691 5520 5205 1726 
5935 1691 5520 5205 1726 1692 5521 5206 1727 
5936 1692 5521 5206 1727 1693 5522 5207 1728 
5937 1693 5522 5207 1728 1694 5523 5208 1729 
5938 1694 5523 5208 1729 1695 5524 5209 1730 
5939 1695 5524 5209 1730 1696 5525 5210 1731 
5940 1696 5525 5210 1731 1697 5526 5211 1732 
5941 1697 5526 5211 1732 1698 5527 5212 1733 
5942 1698 5527 5212 1733 1699 5528 5213 1734 
5943 1699 5528 5213 1734 1700 5529 5214 1735 
5944 1700 5529 5214 1735 1701 5530 5215 1736 
5945 1701 5530 5215 1736 1702 5531 5216 1737 
5946 1702 5531 5216 1737 1703 5532 5217 1738 
5947 1703 5532 5217 1738 1704 5533 5218 1739 
5948 1704 5533 5218 1739 1705 5534 5219 1740 
5949 1705 5534 5219 1740 1706 5535 5220 1741 
5950 1706 5535 5220 1741 1707 5536 5221 1742 
5951 1707 5536 5221 1742 1708 5537 5222 1743 
5952 1708 5537 5222 1743 1709 5538 5223 1744 
5953 1709 5538 5223 1744 1710 5539 5224 1745 
5954 1710 5539 5224 1745 1711 5540 5225 1746 
5955 1711 5540 5225 1746 1712 5541 5226 1747 
5956 1712 5541 5226 1747 1713 5542 5227 1748 
5957 1713 5542 5227 1748 1714 5543 5228 1749 
5958 1714 5543 5228 1749 1715 5544 5229 1750 
5959 1715 5544 5229 1750 1716 5545 5230 1751 
5960 1716 5545 5230 1751 154 2260 2251 155 
5961 920 59 58 911 5546 1157 1122 5231 
5962 5546 1157 1122 5231 5547 1158 1123 5232 
5963 5547 1158 1123 5232 5548 1159 1124 5233 
5964 5548 1159 1124 5233 5549 1160 1125 5234 
5965 5549 1160 1125 5234 5550 1161 1126 5235 
5966 5550 1161 1126 5235 5551 1162 1127 5236 
5967 5551 1162 1127 5236 5552 1163 1128 5237 
5968 5552 1163 1128 5237 5553 1164 1129 5238 
5969 5553 1164 1129 5238 5554 1165 1130 5239 
5970 5554 1165 1130 5239 5555 1166 1131 5240 
5971 5555 1166 1131 5240 5556 1167 1132 5241 
5972 5556 1167 1132 5241 5557 1168 1133 5242 
5973 5557 1168 1133 5242 5558 1169 1134 5243 
5974 5558 1169 1134 5243 5559 1170 1135 5244 
5975 5559 1170 1135 5244 5560 1171 1136 5245 
5976 5560 1171 1136 5245 5561 1172 1137 5246 
5977 5561 1172 1137 5246 5562 1173 1138 5247 
5978 5562 1173 1138 5247 5563 1174 1139 5248 
5979 5563 1174 1139 5248 5564 1175 1140 5249 
5980 5564 1175 1140 5249 5565 1176 1141 5250 
5981 5565 1176 1141 5250 5566 1177 1142 5251 
5982 5566 1177 1142 5251 5567 1178 1143 5252 
5983 5567 1178 1143 5252 5568 1179 1144 5253 
5984 5568 1179 1144 5253 5569 1180 1145 5254 
5985 5569 1180 1145 5254 5570 1181 1146 5255 
5986 5570 1181 1146 5255 5571 1182 1147 5256 
5987 5571 1182 1147 5256 5572 1183 1148 5257 
5988 5572 1183 1148 5257 5573 1184 1149 5258 
5989 5573 1184 1149 5258 5574 1185 1150 5259 
5990 5574 1185 1150 5259 5575 1186 1151 5260 
5991 5575 1186 1151 5260 5576 1187 1152 5261 
5992 5576 1187 1152 5261 5577 1188 1153 5262 
5993 5577 1188 1153 5262 5578 1189 1154 5263 
5994 5578 1189 1154 5263 5579 1190 1155 5264 
5995 5579 1190 1155 5264 5580 1191 1156 5265 
5996 5580 1191 1156 5265 2261 139 138 2252 
5997 921 920 911 912 5581 5546 5231 5266 
5998 5581 5546 5231 5266 5582 5547 5232 5267 
5999 5582 5547 5232 5267 5583 5548 5233 5268 
6000 5583 5548 5233 5268 5584 5549 5234 5269 
6001 5584 5549 5234 5269 5585 5550 5235 5270 
6002 5585 5550 5235 5270 5586 5551 5236 5271 
6003 5586 5551 5236 5271 5587 5552 5237 5272 
6004 5587 5552 5237 5272 5588 5553 5238 5273 
6005 5588 5553 5238 5273 5589 5554 5239 5274 
6006 5589 5554 5239 5274 5590 5555 5240 5275 
6007 5590 5555 5240 5275 5591 5556 5241 5276 
6008 5591 5556 5241 5276 5592 5557 5242 5277 
6009 5592 5557 5242 5277 5593 5558 5243 5278 
6010 5593 5558 5243 5278 5594 5559 5244 5279 
6011 5594 5559 5244 5279 5595 5560 5245 5280 
6012 5595 5560 5245 5280 5596 5561 5246 5281 
6013 5596 5561 5246 5281 5597 5562 5247 5282 
6014 5597 5562 5247 5282 5598 5563 5248 5283 
6015 5598 5563 5248 5283 5599 5564 5249 5284 
6016 5599 5564 5249 5284 5600 5565 5250 5285 
6017 5600 5565 5250 5285 5601 5566 5251 5286 
6018 5601 5566 5251 5286 5602 5567 5252 5287 
6019 5602 5567 5252 5287 5603 5568 5253 5288 
6020 5603 5568 5253 5288 5604 5569 5254 5289 
6021 5604 5569 5254 5289 5605 5570 5255 5290 
6022 5605 5570 5255 5290 5606 5571 5256 5291 
6023 5606 5571 5256 5291 5607 5572 5257 5292 
6024 5607 5572 5257 5292 5608 5573 5258 5293 
6025 5608 5573 5258 5293 5609 5574 5259 5294 
6026 5609 5574 5259 5294 5610 5575 5260 5295 
6027 5610 5575 5260 5295 5611 5576 5261 5296 
6028 5611 5576 5261 5296 5612 5577 5262 5297 
6029 5612 5577 5262 5297 5613 5578 5263 5298 
6030 5613 5578 5263 5298 5614 5579 5264 5299 
6031 5614 5579 5264 5299 5615 5580 5265 5300 
6032 5615 5580 5265 5300 2262 2261 2252 2253 
6033 922 921 912 913 5616 5581 5266 5301 
6034 5616 5581 5266 5301 5617 5582 5267 5302 
6035 5617 5582 5267 5302 5618 5583 5268 5303 
6036 5618 5583 5268 5303 5619 5584 5269 5304 
6037 5619 5584 5269 5304 5620 5585 5270 5305 
6038 5620 5585 5270 5305 5621 5586 5271 5306 
6039 5621 5586 5271 5306 5622 5587 5272 5307 
6040 5622 5587 5272 5307 5623 5588 5273 5308 
6041 5623 5588 5273 5308 5624 5589 5274 5309 
6042 5624 5589 5274 5309 5625 5590 5275 5310 
6043 5625 5590 5275 5310 5626 5591 5276 5311 
6044 5626 5591 5276 5311 5627 5592 5277 5312 
6045 5627 5592 5277 5312 5628 5593 5278 5313 
6046 5628 5593 5278 5313 5629 5594 5279 5314 
6047 5629 5594 5279 5314 5630 5595 5280 5315 
6048 5630 5595 5280 5315 5631 5596 5281 5316 
6049 5631 5596 5281 5316 5632 5597 5282 5317 
6050 5632 5597 5282 5317 5633 5598 5283 5318 
6051 5633 5598 5283 5318 5634 5599 5284 5319 
6052 5634 5599 5284 5319 5635 5600 5285 5320 
6053 5635 5600 5285 5320 5636 5601 5286 5321 
6054 5636 5601 5286 5321 5637 5602 5287 5322 
6055 5637 5602 5287 5322 5638 5603 5288 5323 
6056 5638 5603 5288 5323 5639 5604 5289 5324 
6057 5639 5604 5289 5324 5640 5605 5290 5325 
6058 5640 5605 5290 5325 5641 5606 5291 5326 
6059 5641 5606 5291 5326 5642 5607 5292 5327 
6060 5642 5607 5292 5327 5643 5608 5293 5328 
6061 5643 5608 5293 5328 5644 5609 5294 5329 
6062 5644 5609 5294 5329 5645 5610 5295 5330 
6063 5645 5610 5295 5330 5646 5611 5296 5331 
6064 5646 5611 5296 5331 5647 5612 5297 5332 
6065 5647 5612 5297 5332 5648 5613 5298 5333 
6066 5648 5613 5298 5333 5649 5614 5299 5334 
6067 5649 5614 5299 5334 5650 5615 5300 5335 
6068 5650 5615 5300 5335 2263 2262 2253 2254 
6069 923 922 913 914 5651 5616 5301 5336 
6070 5651 5616 5301 5336 5652 5617 5302 5337 
6071 5652 5617 5302 5337 5653 5618 5303 5338 
6072 5653 5618 5303 5338 5654 5619 5304 5339 
6073 5654 5619 5304 5339 5655 5620 5305 5340 
6074 5655 5620 5305 5340 5656 5621 5306 5341 
6075 5656 5621 5306 5341 5657 5622 5307 5342 
6076 5657 5622 5307 5342 5658 5623 5308 5343 
6077 5658 5623 5308 5343 5659 5624 5309 5344 
6078 5659 5624 5309 5344 5660 5625 5310 5345 
6079 5660 5625 5310 5345 5661 5626 5311 5346 
6080 5661 5626 5311 5346 5662 5627 5312 5347 
6081 5662 5627 5312 5347 5663 5628 5313 5348 
6082 5663 5628 5313 5348 5664 5629 5314 5349 
6083 5664 5629 5314 5349 5665 5630 5315 5350 
6084 5665 5630 5315 5350 5666 5631 5316 5351 
6085 5666 5631 5316 5351 5667 5632 5317 5352 
6086 5667 5632 5317 5352 5668 5633 5318 5353 
6087 5668 5633 5318 5353 5669 5634 5319 5354 
6088 5669 5634 5319 5354 5670 5635 5320 5355 
6089 5670 5635 5320 5355 5671 5636 5321 5356 
6090 5671 5636 5321 5356 5672 5637 5322 5357 
6091 5672 5637 5322 5357 5673 5638 5323 5358 
6092 5673 5638 5323 5358 5674 5639 5324 5359 
6093 5674 5639 5324 5359 5675 5640 5325 5360 
6094 5675 5640 5325 5360 5676 5641 5326 5361 
6095 5676 5641 5326 5361 5677 5642 5327 5362 
6096 5677 5642 5327 5362 5678 5643 5328 5363 
6097 5678 5643 5328 5363 5679 5644 5329 5364 
6098 5679 5644 5329 5364 5680 5645 5330 5365 
6099 5680 5645 5330 5365 5681 5646 5331 5366 
6100 5681 5646 5331 5366 5682 5647 5332 5367 
6101 5682 5647 5332 5367 5683 5648 5333 5368 
6102 5683 5648 5333 5368 5684 5649 5334 5369 
6103 5684 5649 5334 5369 5685 5650 5335 5370 
6104 5685 5650 5335 5370 2264 2263 2254 2255 
6105 924 923 914 915 5686 5651 5336 5371 
6106 5686 5651 5336 5371 5687 5652 5337 5372 
6107 5687 5652 5337 5372 5688 5653 5338 5373 
6108 5688 5653 5338 5373 5689 5654 5339 5374 
6109 5689 5654 5339 5374 5690 5655 5340 5375 
6110 5690 5655 5340 5375 5691 5656 5341 5376 
6111 5691 5656 5341 5376 5692 5657 5342 5377 
6112 5692 5657 5342 5377 5693 5658 5343 5378 
6113 5693 5658 5343 5378 5694 5659 5344 5379 
6114 5694 5659 5344 5379 5695 5660 5345 5380 
6115 5695 5660 5345 5380 5696 5661 5346 5381 
6116 5696 5661 5346 5381 5697 5662 5347 5382 
6117 5697 5662 5347 5382 5698 5663 5348 5383 
6118 5698 5663 5348 5383 5699 5664 5349 5384 
6119 5699 5664 5349 5384 5700 5665 5350 5385 
6120 5700 5665 5350 5385 5701 5666 5351 5386 
6121 5701 5666 5351 5386 5702 5667 5352 5387 
6122 5702 5667 5352 5387 5703 5668 5353 5388 
6123 5703 5668 5353 5388 5704 5669 5354 5389 
6124 5704 5669 5354 5389 5705 5670 5355 5390 
6125 5705 5670 5355 5390 5706 5671 5356 5391 
6126 5706 5671 5356 5391 5707 5672 5357 5392 
6127 5707 5672 5357 5392 5708 5673 5358 5393 
6128 5708 5673 5358 5393 5709 5674 5359 5394 
6129 5709 5674 5359 5394 5710 5675 5360 5395 
6130 5710 5675 5360 5395 5711 5676 5361 5396 
6131 5711 5676 5361 5396 5712 5677 5362 5397 
6132 5712 5677 5362 5397 5713 5678 5363 5398 
6133 5713 5678 5363 5398 5714 5679 5364 5399 
6134 5714 5679 5364 5399 5715 5680 5365 5400 
6135 5715 5680 5365 5400 5716 5681 5366 5401 
6136 5716 5681 5366 5401 5717 5682 5367 5402 
6137 5717 5682 5367 5402 5718 5683 5368 5403 
6138 5718 5683 5368 5403 5719 5684 5369 5404 
6139 5719 5684 5369 5404 5720 5685 5370 5405 
6140 5720 5685 5370 5405 2265 2264 2255 2256 
6141 925 924 915 916 5721 5686 5371 5406 
6142 5721 5686 5371 5406 5722 5687 5372 5407 
6143 5722 5687 5372 5407 5723 5688 5373 5408 
6144 5723 5688 5373 5408 5724 5689 5374 5409 
6145 5724 5689 5374 5409 5725 5690 5375 5410 
6146 5725 5690 5375 5410 5726 5691 5376 5411 
6147 5726 5691 5376 5411 5727 5692 5377 5412 
6148 5727 5692 5377 5412 5728 5693 5378 5413 
6149 5728 5693 5378 5413 5729 5694 5379 5414 
6150 5729 5694 5379 5414 5730 5695 5380 5415 
6151 5730 5695 5380 5415 5731 5696 5381 5416 
6152 5731 5696 5381 5416 5732 5697 5382 5417 
6153 5732 5697 5382 5417 5733 5698 5383 5418 
6154 5733 5698 5383 5418 5734 5699 5384 5419 
6155 5734 5699 5384 5419 5735 5700 5385 5420 
6156 5735 5700 5385 5420 5736 5701 5386 5421 
6157 5736 5701 5386 5421 5737 5702 5387 5422 
6158 5737 5702 5387 5422 5738 5703 5388 5423 
6159 5738 5703 5388 5423 5739 5704 5389 5424 
6160 5739 5704 5389 5424 5740 5705 5390 5425 
6161 5740 5705 5390 5425 5741 5706 5391 5426 
6162 5741 5706 5391 5426 5742 5707 5392 5427 
6163 5742 5707 5392 5427 5743 5708 5393 5428 
6164 5743 5708 5393 5428 5744 5709 5394 5429 
6165 5744 5709 5394 5429 5745 5710 5395 5430 
6166 5745 5710 5395 5430 5746 5711 5396 5431 
6167 5746 5711 5396 5431 5747 5712 5397 5432 
6168 5747 5712 5397 5432 5748 5713 5398 5433 
6169 5748 5713 5398 5433 5749 5714 5399 5434 
6170 5749 5714 5399 5434 5750 5715 5400 5435 
6171 5750 5715 5400 5435 5751 5716 5401 5436 
6172 5751 5716 5401 5436 5752 5717 5402 5437 
6173 5752 5717 5402 5437 5753 5718 5403 5438 
6174 5753 5718 5403 5438 5754 5719 5404 5439 
6175 5754 5719 5404 5439 5755 5720 5405 5440 
6176 5755 5720 5405 5440 2266 2265 2256 2257 
6177 926 925 916 917 5756 5721 5406 5441 
6178 5756 5721 5406 5441 5757 5722 5407 5442 
6179 5757 5722 5407 5442 5758 5723 5408 5443 
6180 5758 5723 5408 5443 5759 5724 5409 5444 
6181 5759 5724 5409 5444 5760 5725 5410 5445 
6182 5760 5725 5410 5445 5761 5726 5411 5446 
6183 5761 5726 5411 5446 5762 5727 5412 5447 
6184 5762 5727 5412 5447 5763 5728 5413 5448 
6185 5763 5728 5413 5448 5764 5729 5414 5449 
6186 5764 5729 5414 5449 5765 5730 5415 5450 
6187 5765 5730 5415 5450 5766 5731 5416 5451 
6188 5766 5731 5416 5451 5767 5732 5417 5452 
6189 5767 5732 5417 5452 5768 5733 5418 5453 
6190 5768 5733 5418 5453 5769 5734 5419 5454 
6191 5769 5734 5419 5454 5770 5735 5420 5455 
6192 5770 5735 5420 5455 5771 5736 5421 5456 
6193 5771 5736 5421 5456 5772 5737 5422 5457 
6194 5772 5737 5422 5457 5773 5738 5423 5458 
6195 5773 5738 5423 5458 5774 5739 5424 5459 
6196 5774 5739 5424 5459 5775 5740 5425 5460 
6197 5775 5740 5425 5460 5776 5741 5426 5461 
6198 5776 5741 5426 5461 5777 5742 5427 5462 
6199 5777 5742 5427 5462 5778 5743 5428 5463 
6200 5778 5743 5428 5463 5779 5744 5429 5464 
6201 5779 5744 5429 5464 5780 5745 5430 5465 
6202 5780 5745 5430 5465 5781 5746 5431 5466 
6203 5781 5746 5431 5466 5782 5747 5432 5467 
6204 5782 5747 5432 5467 5783 5748 5433 5468 
6205 5783 5748 5433 5468 5784 5749 5434 5469 
6206 5784 5749 5434 5469 5785 5750 5435 5470 
6207 5785 5750 5435 5470 5786 5751 5436 5471 
6208 5786 5751 5436 5471 5787 5752 5437 5472 
6209 5787 5752 5437 5472 5788 5753 5438 5473 
6210 5788 5753 5438 5473 5789 5754 5439 5474 
6211 5789 5754 5439 5474 5790 5755 5440 5475 
6212 5790 5755 5440 5475 2267 2266 2257 2258 
6213 927 926 917 918 5791 5756 5441 5476 
6214 5791 5756 5441 5476 5792 5757 5442 5477 
6215 5792 5757 5442 5477 5793 5758 5443 5478 
6216 5793 5758 5443 5478 5794 5759 5444 5479 
6217 5794 5759 5444 5479 5795 5760 5445 5480 
6218 5795 5760 5445 5480 5796 5761 5446 5481 
6219 5796 5761 5446 5481 5797 5762 5447 5482 
6220 5797 5762 5447 5482 5798 5763 5448 5483 
6221 5798 5763 5448 5483 5799 5764 5449 5484 
6222 5799 5764 5449 5484 5800 5765 5450 5485 
6223 5800 5765 5450 5485 5801 5766 5451 5486 
6224 5801 5766 5451 5486 5802 5767 5452 5487 
6225 5802 5767 5452 5487 5803 5768 5453 5488 
6226 5803 5768 5453 5488 5804 5769 5454 5489 
6227 5804 5769 5454 5489 5805 5770 5455 5490 
6228 5805 5770 5455 5490 5806 5771 5456 5491 
6229 5806 5771 5456 5491 5807 5772 5457 5492 
6230 5807 5772 5457 5492 5808 5773 5458 5493 
6231 5808 5773 5458 5493 5809 5774 5459 5494 
6232 5809 5774 5459 5494 5810 5775 5460 5495 
6233 5810 5775 5460 5495 5811 5776 5461 5496 
6234 5811 5776 5461 5496 5812 5777 5462 5497 
6235 5812 5777 5462 5497 5813 5778 5463 5498 
6236 5813 5778 5463 5498 5814 5779 5464 5499 
6237 5814 5779 5464 5499 5815 5780 5465 5500 
6238 5815 5780 5465 5500 5816 5781 5466 5501 
6239 5816 5781 5466 5501 5817 5782 5467 5502 
6240 5817 5782 5467 5502 5818 5783 5468 5503 
6241 5818 5783 5468 5503 5819 5784 5469 5504 
6242 5819 5784 5469 5504 5820 5785 5470 5505 
6243 5820 5785 5470 5505 5821 5786 5471 5506 
6244 5821 5786 5471 5506 5822 5787 5472 5507 
6245 5822 5787 5472 5507 5823 5788 5473 5508 
6246 5823 5788 5473 5508 5824 5789 5474 5509 
6247 5824 5789 5474 5509 5825 5790 5475 5510 
6248 5825 5790 5475 5510 2268 2267 2258 2259 
6249 928 927 918 919 5826 5791 5476 5511 
6250 5826 5791 5476 5511 5827 5792 5477 5512 
6251 5827 5792 5477 5512 5828 5793 5478 5513 
6252 5828 5793 5478 5513 5829 5794 5479 5514 
6253 5829 5794 5479 5514 5830 5795 5480 5515 
6254 5830 5795 5480 5515 5831 5796 5481 5516 
6255 5831 5796 5481 5516 5832 5797 5482 5517 
6256 5832 5797 5482 5517 5833 5798 5483 5518 
6257 5833 5798 5483 5518 5834 5799 5484 5519 
6258 5834 5799 5484 5519 5835 5800 5485 5520 
6259 5835 5800 5485 5520 5836 5801 5486 5521 
6260 5836 5801 5486 5521 5837 5802 5487 5522 
6261 5837 5802 5487 5522 5838 5803 5488 5523 
6262 5838 5803 5488 5523 5839 5804 5489 5524 
6263 5839 5804 5489 5524 5840 5805 5490 5525 
6264 5840 5805 5490 5525 5841 5806 5491 5526 
6265 5841 5806 5491 5526 5842 5807 5492 5527 
6266 5842 5807 5492 5527 5843 5808 5493 5528 
6267 5843 5808 5493 5528 5844 5809 5494 5529 
6268 5844 5809 5494 5529 5845 5810 5495 5530 
6269 5845 5810 5495 5530 5846 5811 5496 5531 
6270 5846 5811 5496 5531 5847 5812 5497 5532 
6271 5847 5812 5497 5532 5848 5813 5498 5533 
6272 5848 5813 5498 5533 5849 5814 5499 5534 
6273 5849 5814 5499 5534 5850 5815 5500 5535 
6274 5850 5815 5500 5535 5851 5816 5501 5536 
6275 5851 5816 5501 5536 5852 5817 5502 5537 
6276 5852 5817 5502 5537 5853 5818 5503 5538 
6277 5853 5818 5503 5538 5854 5819 5504 5539 
6278 5854 5819 5504 5539 5855 5820 5505 5540 
6279 5855 5820 5505 5540 5856 5821 5506 5541 
6280 5856 5821 5506 5541 5857 5822 5507 5542 
6281 5857 5822 5507 5542 5858 5823 5508 5543 
6282 5858 5823 5508 5543 5859 5824 5509 5544 
6283 5859 5824 5509 5544 5860 5825 5510 5545 
6284 5860 5825 5510 5545 2269 2268 2259 2260 
6285 73 928 919 74 1647 5826 5511 1682 
6286 1647 5826 5511 1682 1648 5827 5512 1683 
6287 1648 5827 5512 1683 1649 5828 5513 1684 
6288 1649 5828 5513 1684 1650 5829 5514 1685 
6289 1650 5829 5514 1685 1651 5830 5515 1686 
6290 1651 5830 5515 1686 1652 5831 5516 1687 
6291 1652 5831 5516 1687 1653 5832 5517 1688 
6292 1653 5832 5517 1688 1654 5833 5518 1689 
6293 1654 5833 5518 1689 1655 5834 5519 1690 
6294 1655 5834 5519 1690 1656 5835 5520 1691 
6295 1656 5835 5520 1691 1657 5836 5521 1692 
6296 1657 5836 5521 1692 1658 5837 5522 1693 
6297 1658 5837 5522 1693 1659 5838 5523 1694 
6298 1659 5838 5523 1694 1660 5839 5524 1695 
6299 1660 5839 5524 1695 1661 5840 5525 1696 
6300 1661 5840 5525 1696 1662 5841 5526 1697 
6301 1662 5841 5526 1697 1663 5842 5527 1698 
6302 1663 5842 5527 1698 1664 5843 5528 1699 
6303 1664 5843 5528 1699 1665 5844 5529 1700 
6304 1665 5844 5529 1700 1666 5845 5530 1701 
6305 1666 5845 5530 1701 1667 5846 5531 1702 
6306 1667 5846 5531 1702 1668 5847 5532 1703 
6307 1668 5847 5532 1703 1669 5848 5533 1704 
6308 1669 5848 5533 1704 1670 5849 5534 1705 
6309 1670 5849 5534 1705 1671 5850 5535 1706 
6310 1671 5850 5535 1706 1672 5851 5536 1707 
6311 1672 5851 5536 1707 1673 5852 5537 1708 
6312 1673 5852 5537 1708 1674 5853 5538 1709 
6313 1674 5853 5538 1709 1675 5854 5539 1710 
6314 1675 5854 5539 1710 1676 5855 5540 1711 
6315 1676 5855 5540 1711 1677 5856 5541 1712 
6316 1677 5856 5541 1712 1678 5857 5542 1713 
6317 1678 5857 5542 1713 1679 5858 5543 1714 
6318 1679 5858 5543 1714 1680 5859 5544 1715 
6319 1680 5859 5544 1715 1681 5860 5545 1716 
6320 1681 5860 5545 1716 153 2269 2260 154 
6321 929 60 59 920 5861 1192 1157 5546 
6322 5861 1192 1157 5546 5862 1193 1158 5547 
6323 5862 1193 1158 5547 5863 1194 1159 5548 
6324 5863 1194 1159 5548 5864 1195 1160 5549 
6325 5864 1195 1160 5549 5865 1196 1161 5550 
6326 5865 1196 1161 5550 5866 1197 1162 5551 
6327 5866 1197 1162 5551 5867 1198 1163 5552 
6328 5867 1198 1163 5552 5868 1199 1164 5553 
6329 5868 1199 1164 5553 5869 1200 1165 5554 
6330 5869 1200 1165 5554 5870 1201 1166 5555 
6331 5870 1201 1166 5555 5871 1202 1167 5556 
6332 5871 1202 1167 5556 5872 1203 1168 5557 
6333 5872 1203 1168 5557 5873 1204 1169 5558 
6334 5873 1204 1169 5558 5874 1205 1170 5559 
6335 5874 1205 1170 5559 5875 1206 1171 5560 
6336 5875 1206 1171 5560 5876 1207 1172 5561 
6337 5876 1207 1172 5561 5877 1208 1173 5562 
6338 5877 1208 1173 5562 5878 1209 1174 5563 
6339 5878 1209 1174 5563 5879 1210 1175 5564 
6340 5879 1210 1175 5564 5880 1211 1176 5565 
6341 5880 1211 1176 5565 5881 1212 1177 5566 
6342 5881 1212 1177 5566 5882 1213 1178 5567 
6343 5882 1213 1178 5567 5883 1214 1179 5568 
6344 5883 1214 1179 5568 5884 1215 1180 5569 
6345 5884 1215 1180 5569 5885 1216 1181 5570 
6346 5885 1216 1181 5570 5886 1217 1182 5571 
6347 5886 1217 1182 5571 5887 1218 1183 5572 
6348 5887 1218 1183 5572 5888 1219 1184 5573 
6349 5888 1219 1184 5573 5889 1220 1185 5574 
6350 5889 1220 1185 5574 5890 1221 1186 5575 
6351 5890 1221 1186 5575 5891 1222 1187 5576 
6352 5891 1222 1187 5576 5892 1223 1188 5577 
6353 5892 1223 1188 5577 5893 1224 1189 5578 
6354 5893 1224 1189 5578 5894 1225 1190 5579 
6355 5894 1225 1190 5579 5895 1226 1191 5580 
6356 5895 1226 1191 5580 2270 140 139 2261 
6357 930 929 920 921 5896 5861 5546 5581 
6358 5896 5861 5546 5581 5897 5862 5547 5582 
6359 5897 5862 5547 5582 5898 5863 5548 5583 
6360 5898 5863 5548 5583 5899 5864 5549 5584 
6361 5899 5864 5549 5584 5900 5865 5550 5585 
6362 5900 5865 5550 5585 5901 5866 5551 5586 
6363 5901 5866 5551 5586 5902 5867 5552 5587 
6364 5902 5867 5552 5587 5903 5868 5553 5588 
6365 5903 5868 5553 5588 5904 5869 5554 5589 
6366 5904 5869 5554 5589 5905 5870 5555 5590 
6367 5905 5870 5555 5590 5906 5871 5556 5591 
6368 5906 5871 5556 5591 5907 5872 5557 5592 
6369 5907 5872 5557 5592 5908 5873 5558 5593 
6370 5908 5873 5558 5593 5909 5874 5559 5594 
6371 5909 5874 5559 5594 5910 5875 5560 5595 
6372 5910 5875 5560 5595 5911 5876 5561 5596 
6373 5911 5876 5561 5596 5912 5877 5562 5597 
6374 5912 5877 5562 5597 5913 5878 5563 5598 
6375 5913 5878 5563 5598 5914 5879 5564 5599 
6376 5914 5879 5564 5599 5915 5880 5565 5600 
6377 5915 5880 5565 5600 5916 5881 5566 5601 
6378 5916 5881 5566 5601 5917 5882 5567 5602 
6379 5917 5882 5567 5602 5918 5883 5568 5603 
6380 5918 5883 5568 5603 5919 5884 5569 5604 
6381 5919 5884 5569 5604 5920 5885 5570 5605 
6382 5920 5885 5570 5605 5921 5886 5571 5606 
6383 5921 5886 5571 5606 5922 5887 5572 5607 
6384 5922 5887 5572 5607 5923 5888 5573 5608 
6385 5923 5888 5573 5608 5924 5889 5574 5609 
6386 5924 5889 5574 5609 5925 5890 5575 5610 
6387 5925 5890 5575 5610 5926 5891 5576 5611 
6388 5926 5891 5576 5611 5927 5892 5577 5612 
6389 5927 5892 5577 5612 5928 5893 5578 5613 
6390 5928 5893 5578 5613 5929 5894 5579 5614 
6391 5929 5894 5579 5614 5930 5895 5580 5615 
6392 5930 5895 5580 5615 2271 2270 2261 2262 
6393 931 930 921 922 5931 5896 5581 5616 
6394 5931 5896 5581 5616 5932 5897 5582 5617 
6395 5932 5897 5582 5617 5933 5898 5583 5618 
6396 5933 5898 5583 5618 5934 5899 5584 5619 
6397 5934 5899 5584 5619 5935 5900 5585 5620 
6398 5935 5900 5585 5620 5936 5901 5586 5621 
6399 5936 5901 5586 5621 5937 5902 5587 5622 
6400 5937 5902 5587 5622 5938 5903 5588 5623 
6401 5938 5903 5588 5623 5939 5904 5589 5624 
6402 5939 5904 5589 5624 5940 5905 5590 5625 
6403 5940 5905 5590 5625 5941 5906 5591 5626 
6404 5941 5906 5591 5626 5942 5907 5592 5627 
6405 5942 5907 5592 5627 5943 5908 5593 5628 
6406 5943 5908 5593 5628 5944 5909 5594 5629 
6407 5944 5909 5594 5629 5945 5910 5595 5630 
6408 5945 5910 5595 5630 5946 5911 5596 5631 
6409 5946 5911 5596 5631 5947 5912 5597 5632 
6410 5947 5912 5597 5632 5948 5913 5598 5633 
6411 5948 5913 5598 5633 5949 5914 5599 5634 
6412 5949 5914 5599 5634 5950 5915 5600 5635 
6413 5950 5915 5600 5635 5951 5916 5601 5636 
6414 5951 5916 5601 5636 5952 5917 5602 5637 
6415 5952 5917 5602 5637 5953 5918 5603 5638 
6416 5953 5918 5603 5638 5954 5919 5604 5639 
6417 5954 5919 5604 5639 5955 5920 5605 5640 
6418 5955 5920 5605 5640 5956 5921 5606 5641 
6419 5956 5921 5606 5641 5957 5922 5607 5642 
6420 5957 5922 5607 5642 5958 5923 5608 5643 
6421 5958 5923 5608 5643 5959 5924 5609 5644 
6422 5959 5924 5609 5644 5960 5925 5610 5645 
6423 5960 5925 5610 5645 5961 5926 5611 5646 
6424 5961 5926 5611 5646 5962 5927 5612 5647 
6425 5962 5927 5612 5647 5963 5928 5613 5648 
6426 5963 5928 5613 5648 5964 5929 5614 5649 
6427 5964 5929 5614 5649 5965 5930 5615 5650 
6428 5965 5930 5615 5650 2272 2271 2262 2263 
6429 932 931 922 923 5966 5931 5616 5651 
6430 5966 5931 5616 5651 5967 5932 5617 5652 
6431 5967 5932 5617 5652 5968 5933 5618 5653 
6432 5968 5933 5618 5653 5969 5934 5619 5654 
6433 5969 5934 5619 5654 5970 5935 5620 5655 
6434 5970 5935 5620 5655 5971 5936 5621 5656 
6435 5971 5936 5621 5656 5972 5937 5622 5657 
6436 5972 5937 5622 5657 5973 5938 5623 5658 
6437 5973 5938 5623 5658 5974 5939 5624 5659 
6438 5974 5939 5624 5659 5975 5940 5625 5660 
6439 5975 5940 5625 5660 5976 5941 5626 5661 
6440 5976 5941 5626 5661 5977 5942 5627 5662 
6441 5977 5942 5627 5662 5978 5943 5628 5663 
6442 5978 5943 5628 5663 5979 5944 5629 5664 
6443 5979 5944 5629 5664 5980 5945 5630 5665 
6444 5980 5945 5630 5665 5981 5946 5631 5666 
6445 5981 5946 5631 5666 5982 5947 5632 5667 
6446 5982 5947 5632 5667 5983 5948 5633 5668 
6447 5983 5948 5633 5668 5984 5949 5634 5669 
6448 5984 5949 5634 5669 5985 5950 5635 5670 
6449 5985 5950 5635 5670 5986 5951 5636 5671 
6450 5986 5951 5636 5671 5987 5952 5637 5672 
6451 5987 5952 5637 5672 5988 5953 5638 5673 
6452 5988 5953 5638 5673 5989 5954 5639 5674 
6453 5989 5954 5639 5674 5990 5955 5640 5675 
6454 5990 5955 5640 5675 5991 5956 5641 5676 
6455 5991 5956 5641 5676 5992 5957 5642 5677 
6456 5992 5957 5642 5677 5993 5958 5643 5678 
6457 5993 5958 5643 5678 5994 5959 5644 5679 
6458 5994 5959 5644 5679 5995 5960 5645 5680 
6459 5995 5960 5645 5680 5996 5961 5646 5681 
6460 5996 5961 5646 5681 5997 5962 5647 5682 
6461 5997 5962 5647 5682 5998 5963 5648 5683 
6462 5998 5963 5648 5683 5999 5964 5649 5684 
6463 5999 5964 5649 5684 6000 5965 5650 5685 
6464 6000 5965 5650 5685 2273 2272 2263 2264 
6465 933 932 923 924 6001 5966 5651 5686 
6466 6001 5966 5651 5686 6002 5967 5652 5687 
6467 6002 5967 5652 5687 6003 5968 5653 5688 
6468 6003 5968 5653 5688 6004 5969 5654 5689 
6469 6004 5969 5654 5689 6005 5970 5655 5690 
6470 6005 5970 5655 5690 6006 5971 5656 5691 
6471 6006 5971 5656 5691 6007 5972 5657 5692 
6472 6007 5972 5657 5692 6008 5973 5658 5693 
6473 6008 5973 5658 5693 6009 5974 5659 5694 
6474 6009 5974 5659 5694 6010 5975 5660 5695 
6475 6010 5975 5660 5695 6011 5976 5661 5696 
6476 6011 5976 5661 5696 6012 5977 5662 5697 
6477 6012 5977 5662 5697 6013 5978 5663 5698 
6478 6013 5978 5663 5698 6014 5979 5664 5699 
6479 6014 5979 5664 5699 6015 5980 5665 5700 
6480 6015 5980 5665 5700 6016 5981 5666 5701 
6481 6016 5981 5666 5701 6017 5982 5667 5702 
6482 6017 5982 5667 5702 6018 5983 5668 5703 
6483 6018 5983 5668 5703 6019 5984 5669 5704 
6484 6019 5984 5669 5704 6020 5985 5670 5705 
6485 6020 5985 5670 5705 6021 5986 5671 5706 
6486 6021 5986 5671 5706 6022 5987 5672 5707 
6487 6022 5987 5672 5707 6023 5988 5673 5708 
6488 6023 5988 5673 5708 6024 5989 5674 5709 
6489 6024 5989 5674 5709 6025 5990 5675 5710 
6490 6025 5990 5675 5710 6026 5991 5676 5711 
6491 6026 5991 5676 5711 6027 5992 5677 5712 
6492 6027 5992 5677 5712 6028 5993 5678 5713 
6493 6028 5993 5678 5713 6029 5994 5679 5714 
6494 6029 5994 5679 5714 6030 5995 5680 5715 
6495 6030 5995 5680 5715 6031 5996 5681 5716 
6496 6031 5996 5681 5716 6032 5997 5682 5717 
6497 6032 5997 5682 5717 6033 5998 5683 5718 
6498 6033 5998 5683 5718 6034 5999 5684 5719 
6499 6034 5999 5684 5719 6035 6000 5685 5720 
6500 6035 6000 5685 5720 2274 2273 2264 2265 
6501 934 933 924 925 6036 6001 5686 5721 
6502 6036 6001 5686 5721 6037 6002 5687 5722 
6503 6037 6002 5687 5722 6038 6003 5688 5723 
6504 6038 6003 5688 5723 6039 6004 5689 5724 
6505 6039 6004 5689 5724 6040 6005 5690 5725 
6506 6040 6005 5690 5725 6041 6006 5691 5726 
6507 6041 6006 5691 5726 6042 6007 5692 5727 
6508 6042 6007 5692 5727 6043 6008 5693 5728 
6509 6043 6008 5693 5728 6044 6009 5694 5729 
6510 6044 6009 5694 5729 6045 6010 5695 5730 
6511 6045 6010 5695 5730 6046 6011 5696 5731 
6512 6046 6011 5696 5731 6047 6012 5697 5732 
6513 6047 6012 5697 5732 6048 6013 5698 5733 
6514 6048 6013 5698 5733 6049 6014 5699 5734 
6515 6049 6014 5699 5734 6050 6015 5700 5735 
6516 6050 6015 5700 5735 6051 6016 5701 5736 
6517 6051 6016 5701 5736 6052 6017 5702 5737 
6518 6052 6017 5702 5737 6053 6018 5703 5738 
6519 6053 6018 5703 5738 6054 6019 5704 5739 
6520 6054 6019 5704 5739 6055 6020 5705 5740 
6521 6055 6020 5705 5740 6056 6021 5706 5741 
6522 6056 6021 5706 5741 6057 6022 5707 5742 
6523 6057 6022 5707 5742 6058 6023 5708 5743 
6524 6058 6023 5708 5743 6059 6024 5709 5744 
6525 6059 6024 5709 5744 6060 6025 5710 5745 
6526 6060 6025 5710 5745 6061 6026 5711 5746 
6527 6061 6026 5711 5746 6062 6027 5712 5747 
6528 6062 6027 5712 5747 6063 6028 5713 5748 
6529 6063 6028 5713 5748 6064 6029 5714 5749 
6530 6064 6029 5714 5749 6065 6030 5715 5750 
6531 6065 6030 5715 5750 6066 6031 5716 5751 
6532 6066 6031 5716 5751 6067 6032 5717 5752 
6533 6067 6032 5717 5752 6068 6033 5718 5753 
6534 6068 6033 5718 5753 6069 6034 5719 5754 
6535 6069 6034 5719 5754 6070 6035 5720 5755 
6536 6070 6035 5720 5755 2275 2274 2265 2266 
6537 935 934 925 926 6071 6036 5721 5756 
6538 6071 6036 5721 5756 6072 6037 5722 5757 
6539 6072 6037 5722 5757 6073 6038 5723 5758 
6540 6073 6038 5723 5758 6074 6039 5724 5759 
6541 6074 6039 5724 5759 6075 6040 5725 5760 
6542 6075 6040 5725 5760 6076 6041 5726 5761 
6543 6076 6041 5726 5761 6077 6042 5727 5762 
6544 6077 6042 5727 5762 6078 6043 5728 5763 
6545 6078 6043 5728 5763 6079 6044 5729 5764 
6546 6079 6044 5729 5764 6080 6045 5730 5765 
6547 6080 6045 5730 5765 6081 6046 5731 5766 
6548 6081 6046 5731 5766 6082 6047 5732 5767 
6549 6082 6047 5732 5767 6083 6048 5733 5768 
6550 6083 6048 5733 5768 6084 6049 5734 5769 
6551 6084 6049 5734 5769 6085 6050 5735 5770 
6552 6085 6050 5735 5770 6086 6051 5736 5771 
6553 6086 6051 5736 5771 6087 6052 5737 5772 
6554 6087 6052 5737 5772 6088 6053 5738 5773 
6555 6088 6053 5738 5773 6089 6054 5739 5774 
6556 6089 6054 5739 5774 6090 6055 5740 5775 
6557 6090 6055 5740 5775 6091 6056 5741 5776 
6558 6091 6056 5741 5776 6092 6057 5742 5777 
6559 6092 6057 5742 5777 6093 6058 5743 5778 
6560 6093 6058 5743 5778 6094 6059 5744 5779 
6561 6094 6059 5744 5779 6095 6060 5745 5780 
6562 6095 6060 5745 5780 6096 6061 5746 5781 
6563 6096 6061 5746 5781 6097 6062 5747 5782 
6564 6097 6062 5747 5782 6098 6063 5748 5783 
6565 6098 6063 5748 5783 6099 6064 5749 5784 
6566 6099 6064 5749 5784 6100 6065 5750 5785 
6567 6100 6065 5750 5785 6101 6066 5751 5786 
6568 6101 6066 5751 5786 6102 6067 5752 5787 
6569 6102 6067 5752 5787 6103 6068 5753 5788 
6570 6103 6068 5753 5788 6104 6069 5754 5789 
6571 6104 6069 5754 5789 6105 6070 5755 5790 
6572 6105 6070 5755 5790 2276 2275 2266 2267 
6573 936 935 926 927 6106 6071 5756 5791 
6574 6106 6071 5756 5791 6107 6072 5757 5792 
6575 6107 6072 5757 5792 6108 6073 5758 5793 
6576 6108 6073 5758 5793 6109 6074 5759 5794 
6577 6109 6074 5759 5794 6110 6075 5760 5795 
6578 6110 6075 5760 5795 6111 6076 5761 5796 
6579 6111 6076 5761 5796 6112 6077 5762 5797 
6580 6112 6077 5762 5797 6113 6078 5763 5798 
6581 6113 6078 5763 5798 6114 6079 5764 5799 
6582 6114 6079 5764 5799 6115 6080 5765 5800 
6583 6115 6080 5765 5800 6116 6081 5766 5801 
6584 6116 6081 5766 5801 6117 6082 5767 5802 
6585 6117 6082 5767 5802 6118 6083 5768 5803 
6586 6118 6083 5768 5803 6119 6084 5769 5804 
6587 6119 6084 5769 5804 6120 6085 5770 5805 
6588 6120 6085 5770 5805 6121 6086 5771 5806 
6589 6121 6086 5771 5806 6122 6087 5772 5807 
6590 6122 6087 5772 5807 6123 6088 5773 5808 
6591 6123 6088 5773 5808 6124 6089 5774 5809 
6592 6124 6089 5774 5809 6125 6090 5775 5810 
6593 6125 6090 5775 5810 6126 6091 5776 5811 
6594 6126 6091 5776 5811 6127 6092 5777 5812 
6595 6127 6092 5777 5812 6128 6093 5778 5813 
6596 6128 6093 5778 5813 6129 6094 5779 5814 
6597 6129 6094 5779 5814 6130 6095 5780 5815 
6598 6130 6095 5780 5815 6131 6096 5781 5816 
6599 6131 6096 5781 5816 6132 6097 5782 5817 
6600 6132 6097 5782 5817 6133 6098 5783 5818 
6601 6133 6098 5783 5818 6134 6099 5784 5819 
6602 6134 6099 5784 5819 6135 6100 5785 5820 
6603 6135 6100 5785 5820 6136 6101 5786 5821 
6604 6136 6101 5786 5821 6137 6102 5787 5822 
6605 6137 6102 5787 5822 6138 6103 5788 5823 
6606 6138 6103 5788 5823 6139 6104 5789 5824 
6607 6139 6104 5789 5824 6140 6105 5790 5825 
6608 6140 6105 5790 5825 2277 2276 2267 2268 
6609 937 936 927 928 6141 6106 5791 5826 
6610 6141 6106 5791 5826 6142 6107 5792 5827 
6611 6142 6107 5792 5827 6143 6108 5793 5828 
6612 6143 6108 5793 5828 6144 6109 5794 5829 
6613 6144 6109 5794 5829 6145 6110 5795 5830 
6614 6145 6110 5795 5830 6146 6111 5796 5831 
6615 6146 6111 5796 5831 6147 6112 5797 5832 
6616 6147 6112 5797 5832 6148 6113 5798 5833 
6617 6148 6113 5798 5833 6149 6114 5799 5834 
6618 6149 6114 5799 5834 6150 6115 5800 5835 
6619 6150 6115 5800 5835 6151 6116 5801 5836 
6620 6151 6116 5801 5836 6152 6117 5802 5837 
6621 6152 6117 5802 5837 6153 6118 5803 5838 
6622 6153 6118 5803 5838 6154 6119 5804 5839 
6623 6154 6119 5804 5839 6155 6120 5805 5840 
6624 6155 6120 5805 5840 6156 6121 5806 5841 
6625 6156 6121 5806 5841 6157 6122 5807 5842 
6626 6157 6122 5807 5842 6158 6123 5808 5843 
6627 6158 6123 5808 5843 6159 6124 5809 5844 
6628 6159 6124 5809 5844 6160 6125 5810 5845 
6629 6160 6125 5810 5845 6161 6126 5811 5846 
6630 6161 6126 5811 5846 6162 6127 5812 5847 
6631 6162 6127 5812 5847 6163 6128 5813 5848 
6632 6163 6128 5813 5848 6164 6129 5814 5849 
6633 6164 6129 5814 5849 6165 6130 5815 5850 
6634 6165 6130 5815 5850 6166 6131 5816 5851 
6635 6166 6131 5816 5851 6167 6132 5817 5852 
6636 6167 6132 5817 5852 6168 6133 5818 5853 
6637 6168 6133 5818 5853 6169 6134 5819 5854 
6638 6169 6134 5819 5854 6170 6135 5820 5855 
6639 6170 6135 5820 5855 6171 6136 5821 5856 
6640 6171 6136 5821 5856 6172 6137 5822 5857 
6641 6172 6137 5822 5857 6173 6138 5823 5858 
6642 6173 6138 5823 5858 6174 6139 5824 5859 
6643 6174 6139 5824 5859 6175 6140 5825 5860 
6644 6175 6140 5825 5860 2278 2277 2268 2269 
6645 72 937 928 73 1612 6141 5826 1647 
6646 1612 6141 5826 1647 1613 6142 5827 1648 
6647 1613 6142 5827 1648 1614 6143 5828 1649 
6648 1614 6143 5828 1649 1615 6144 5829 1650 
6649 1615 6144 5829 1650 1616 6145 5830 1651 
6650 1616 6145 5830 1651 1617 6146 5831 1652 
6651 1617 6146 5831 1652 1618 6147 5832 1653 
6652 1618 6147 5832 1653 1619 6148 5833 1654 
6653 1619 6148 5833 1654 1620 6149 5834 1655 
6654 1620 6149 5834 1655 1621 6150 5835 1656 
6655 1621 6150 5835 1656 1622 6151 5836 1657 
6656 1622 6151 5836 1657 1623 6152 5837 1658 
6657 1623 6152 5837 1658 1624 6153 5838 1659 
6658 1624 6153 5838 1659 1625 6154 5839 1660 
6659 1625 6154 5839 1660 1626 6155 5840 1661 
6660 1626 6155 5840 1661 1627 6156 5841 1662 
6661 1627 6156 5841 1662 1628 6157 5842 1663 
6662 1628 6157 5842 1663 1629 6158 5843 1664 
6663 1629 6158 5843 1664 1630 6159 5844 1665 
6664 1630 6159 5844 1665 1631 6160 5845 1666 
6665 1631 6160 5845 1666 1632 6161 5846 1667 
6666 1632 6161 5846 1667 1633 6162 5847 1668 
6667 1633 6162 5847 1668 1634 6163 5848 1669 
6668 1634 6163 5848 1669 1635 6164 5849 1670 
6669 1635 6164 5849 1670 1636 6165 5850 1671 
6670 1636 6165 5850 1671 1637 6166 5851 1672 
6671 1637 6166 5851 1672 1638 6167 5852 1673 
6672 1638 6167 5852 1673 1639 6168 5853 1674 
6673 1639 6168 5853 1674 1640 6169 5854 1675 
6674 1640 6169 5854 1675 1641 6170 5855 1676 
6675 1641 6170 5855 1676 1642 6171 5856 1677 
6676 1642 6171 5856 1677 1643 6172 5857 1678 
6677 1643 6172 5857 1678 1644 6173 5858 1679 
6678 1644 6173 5858 1679 1645 6174 5859 1680 
6679 1645 6174 5859 1680 1646 6175 5860 1681 
6680 1646 6175 5860 1681 152 2278 2269 153 
6681 938 61 60 929 6176 1227 1192 5861 
6682 6176 1227 1192 5861 6177 1228 1193 5862 
6683 6177 1228 1193 5862 6178 1229 1194 5863 
6684 6178 1229 1194 5863 6179 1230 1195 5864 
6685 6179 1230 1195 5864 6180 1231 1196 5865 
6686 6180 1231 1196 5865 6181 1232 1197 5866 
6687 6181 1232 1197 5866 6182 1233 1198 5867 
6688 6182 1233 1198 5867 6183 1234 1199 5868 
6689 6183 1234 1199 5868 6184 1235 1200 5869 
6690 6184 1235 1200 5869 6185 1236 1201 5870 
6691 6185 1236 1201 5870 6186 1237 1202 5871 
6692 6186 1237 1202 5871 6187 1238 1203 5872 
6693 6187 1238 1203 5872 6188 1239 1204 5873 
6694 6188 1239 1204 5873 6189 1240 1205 5874 
6695 6189 1240 1205 5874 6190 1241 1206 5875 
6696 6190 1241 1206 5875 6191 1242 1207 5876 
6697 6191 1242 1207 5876 6192 1243 1208 5877 
6698 6192 1243 1208 5877 6193 1244 1209 5878 
6699 6193 1244 1209 5878 6194 1245 1210 5879 
6700 6194 1245 1210 5879 6195 1246 1211 5880 
6701 6195 1246 1211 5880 6196 1247 1212 5881 
6702 6196 1247 1212 5881 6197 1248 1213 5882 
6703 6197 1248 1213 5882 6198 1249 1214 5883 
6704 6198 1249 1214 5883 6199 1250 1215 5884 
6705 6199 1250 1215 5884 6200 1251 1216 5885 
6706 6200 1251 1216 5885 6201 1252 1217 5886 
6707 6201 1252 1217 5886 6202 1253 1218 5887 
6708 6202 1253 1218 5887 6203 1254 1219 5888 
6709 6203 1254 1219 5888 6204 1255 1220 5889 
6710 6204 1255 1220 5889 6205 1256 1221 5890 
6711 6205 1256 1221 5890 6206 1257 1222 5891 
6712 6206 1257 1222 5891 6207 1258 1223 5892 
6713 6207 1258 1223 5892 6208 1259 1224 5893 
6714 6208 1259 1224 5893 6209 1260 1225 5894 
6715 6209 1260 1225 5894 6210 1261 1226 5895 
6716 6210 1261 1226 5895 2279 141 140 2270 
6717 939 938 929 930 6211 6176 5861 5896 
6718 6211 6176 5861 5896 6212 6177 5862 5897 
6719 6212 6177 5862 5897 6213 6178 5863 5898 
6720 6213 6178 5863 5898 6214 6179 5864 5899 
6721 6214 6179 5864 5899 6215 6180 5865 5900 
6722 6215 6180 5865 5900 6216 6181 5866 5901 
6723 6216 6181 5866 5901 6217 6182 5867 5902 
6724 6217 6182 5867 5902 6218 6183 5868 5903 
6725 6218 6183 5868 5903 6219 6184 5869 5904 
6726 6219 6184 5869 5904 6220 6185 5870 5905 
6727 6220 6185 5870 5905 6221 6186 5871 5906 
6728 6221 6186 5871 5906 6222 6187 5872 5907 
6729 6222 6187 5872 5907 6223 6188 5873 5908 
6730 6223 6188 5873 5908 6224 6189 5874 5909 
6731 6224 6189 5874 5909 6225 6190 5875 5910 
6732 6225 6190 5875 5910 6226 6191 5876 5911 
6733 6226 6191 5876 5911 6227 6192 5877 5912 
6734 6227 6192 5877 5912 6228 6193 5878 5913 
6735 6228 6193 5878 5913 6229 6194 5879 5914 
6736 6229 6194 5879 5914 6230 6195 5880 5915 
6737 6230 6195 5880 5915 6231 6196 5881 5916 
6738 6231 6196 5881 5916 6232 6197 5882 5917 
6739 6232 6197 5882 5917 6233 6198 5883 5918 
6740 6233 6198 5883 5918 6234 6199 5884 5919 
6741 6234 6199 5884 5919 6235 6200 5885 5920 
6742 6235 6200 5885 5920 6236 6201 5886 5921 
6743 6236 6201 5886 5921 6237 6202 5887 5922 
6744 6237 6202 5887 5922 6238 6203 5888 5923 
6745 6238 6203 5888 5923 6239 6204 5889 5924 
6746 6239 6204 5889 5924 6240 6205 5890 5925 
6747 6240 6205 5890 5925 6241 6206 5891 5926 
6748 6241 6206 5891 5926 6242 6207 5892 5927 
6749 6242 6207 5892 5927 6243 6208 5893 5928 
6750 6243 6208 5893 5928 6244 6209 5894 5929 
6751 6244 6209 5894 5929 6245 6210 5895 5930 
6752 6245 6210 5895 5930 2280 2279 2270 2271 
6753 940 939 930 931 6246 6211 5896 5931 
6754 6246 6211 5896 5931 6247 6212 5897 5932 
6755 6247 6212 5897 5932 6248 6213 5898 5933 
6756 6248 6213 5898 5933 6249 6214 5899 5934 
6757 6249 6214 5899 5934 6250 6215 5900 5935 
6758 6250 6215 5900 5935 6251 6216 5901 5936 
6759 6251 6216 5901 5936 6252 6217 5902 5937 
6760 6252 6217 5902 5937 6253 6218 5903 5938 
6761 6253 6218 5903 5938 6254 6219 5904 5939 
6762 6254 6219 5904 5939 6255 6220 5905 5940 
6763 6255 6220 5905 5940 6256 6221 5906 5941 
6764 6256 6221 5906 5941 6257 6222 5907 5942 
6765 6257 6222 5907 5942 6258 6223 5908 5943 
6766 6258 6223 5908 5943 6259 6224 5909 5944 
6767 6259 6224 5909 5944 6260 6225 5910 5945 
6768 6260 6225 5910 5945 6261 6226 5911 5946 
6769 6261 6226 5911 5946 6262 6227 5912 5947 
6770 6262 6227 5912 5947 6263 6228 5913 5948 
6771 6263 6228 5913 5948 6264 6229 5914 5949 
6772 6264 6229 5914 5949 6265 6230 5915 5950 
6773 6265 6230 5915 5950 6266 6231 5916 5951 
6774 6266 6231 5916 5951 6267 6232 5917 5952 
6775 6267 6232 5917 5952 6268 6233 5918 5953 
6776 6268 6233 5918 5953 6269 6234 5919 5954 
6777 6269 6234 5919 5954 6270 6235 5920 5955 
6778 6270 6235 5920 5955 6271 6236 5921 5956 
6779 6271 6236 5921 5956 6272 6237 5922 5957 
6780 6272 6237 5922 5957 6273 6238 5923 5958 
6781 6273 6238 5923 5958 6274 6239 5924 5959 
6782 6274 6239 5924 5959 6275 6240 5925 5960 
6783 6275 6240 5925 5960 6276 6241 5926 5961 
6784 6276 6241 5926 5961 6277 6242 5927 5962 
6785 6277 6242 5927 5962 6278 6243 5928 5963 
6786 6278 6243 5928 5963 6279 6244 5929 5964 
6787 6279 6244 5929 5964 6280 6245 5930 5965 
6788 6280 6245 5930 5965 2281 2280 2271 2272 
6789 941 940 931 932 6281 6246 5931 5966 
6790 6281 6246 5931 5966 6282 6247 5932 5967 
6791 6282 6247 5932 5967 6283 6248 5933 5968 
6792 6283 6248 5933 5968 6284 6249 5934 5969 
6793 6284 6249 5934 5969 6285 6250 5935 5970 
6794 6285 6250 5935 5970 6286 6251 5936 5971 
6795 6286 6251 5936 5971 6287 6252 5937 5972 
6796 6287 6252 5937 5972 6288 6253 5938 5973 
6797 6288 6253 5938 5973 6289 6254 5939 5974 
6798 6289 6254 5939 5974 6290 6255 5940 5975 
6799 6290 6255 5940 5975 6291 6256 5941 5976 
6800 6291 6256 5941 5976 6292 6257 5942 5977 
6801 6292 6257 5942 5977 6293 6258 5943 5978 
6802 6293 6258 5943 5978 6294 6259 5944 5979 
6803 6294 6259 5944 5979 6295 6260 5945 5980 
6804 6295 6260 5945 5980 6296 6261 5946 5981 
6805 6296 6261 5946 5981 6297 6262 5947 5982 
6806 6297 6262 5947 5982 6298 6263 5948 5983 
6807 6298 6263 5948 5983 6299 6264 5949 5984 
6808 6299 6264 5949 5984 6300 6265 5950 5985 
6809 6300 6265 5950 5985 6301 6266 5951 5986 
6810 6301 6266 5951 5986 6302 6267 5952 5987 
6811 6302 6267 5952 5987 6303 6268 5953 5988 
6812 6303 6268 5953 5988 6304 6269 5954 5989 
6813 6304 6269 5954 5989 6305 6270 5955 5990 
6814 6305 6270 5955 5990 6306 6271 5956 5991 
6815 6306 6271 5956 5991 6307 6272 5957 5992 
6816 6307 6272 5957 5992 6308 6273 5958 5993 
6817 6308 6273 5958 5993 6309 6274 5959 5994 
6818 6309 6274 5959 5994 6310 6275 5960 5995 
6819 6310 6275 5960 5995 6311 6276 5961 5996 
6820 6311 6276 5961 5996 6312 6277 5962 5997 
6821 6312 6277 5962 5997 6313 6278 5963 5998 
6822 6313 6278 5963 5998 6314 6279 5964 5999 
6823 6314 6279 5964 5999 6315 6280 5965 6000 
6824 6315 6280 5965 6000 2282 2281 2272 2273 
6825 942 941 932 933 6316 6281 5966 6001 
6826 6316 6281 5966 6001 6317 6282 5967 6002 
6827 6317 6282 5967 6002 6318 6283 5968 6003 
6828 6318 6283 5968 6003 6319 6284 5969 6004 
6829 6319 6284 5969 6004 6320 6285 5970 6005 
6830 6320 6285 5970 6005 6321 6286 5971 6006 
6831 6321 6286 5971 6006 6322 6287 5972 6007 
6832 6322 6287 5972 6007 6323 6288 5973 6008 
6833 6323 6288 5973 6008 6324 6289 5974 6009 
6834 6324 6289 5974 6009 6325 6290 5975 6010 
6835 6325 6290 5975 6010 6326 6291 5976 6011 
6836 6326 6291 5976 6011 6327 6292 5977 6012 
6837 6327 6292 5977 6012 6328 6293 5978 6013 
6838 6328 6293 5978 6013 6329 6294 5979 6014 
6839 6329 6294 5979 6014 6330 6295 5980 6015 
6840 6330 6295 5980 6015 6331 6296 5981 6016 
6841 6331 6296 5981 6016 6332 6297 5982 6017 
6842 6332 6297 5982 6017 6333 6298 5983 6018 
6843 6333 6298 5983 6018 6334 6299 5984 6019 
6844 6334 6299 5984 6019 6335 6300 5985 6020 
6845 6335 6300 5985 6020 6336 6301 5986 6021 
6846 6336 6301 5986 6021 6337 6302 5987 6022 
6847 6337 6302 5987 6022 6338 6303 5988 6023 
6848 6338 6303 5988 6023 6339 6304 5989 6024 
6849 6339 6304 5989 6024 6340 6305 5990 6025 
6850 6340 6305 5990 6025 6341 6306 5991 6026 
6851 6341 6306 5991 6026 6342 6307 5992 6027 
6852 6342 6307 5992 6027 6343 6308 5993 6028 
6853 6343 6308 5993 6028 6344 6309 5994 6029 
6854 6344 6309 5994 6029 6345 6310 5995 6030 
6855 6345 6310 5995 6030 6346 6311 5996 6031 
6856 6346 6311 5996 6031 6347 6312 5997 6032 
6857 6347 6312 5997 6032 6348 6313 5998 6033 
6858 6348 6313 5998 6033 6349 6314 5999 6034 
6859 6349 6314 5999 6034 6350 6315 6000 6035 
6860 6350 6315 6000 6035 2283 2282 2273 2274 
6861 943 942 933 934 6351 6316 6001 6036 
6862 6351 6316 6001 6036 6352 6317 6002 6037 
6863 6352 6317 6002 6037 6353 6318 6003 6038 
6864 6353 6318 6003 6038 6354 6319 6004 6039 
6865 6354 6319 6004 6039 6355 6320 6005 6040 
6866 6355 6320 6005 6040 6356 6321 6006 6041 
6867 6356 6321 6006 6041 6357 6322 6007 6042 
6868 6357 6322 6007 6042 6358 6323 6008 6043 
6869 6358 6323 6008 6043 6359 6324 6009 6044 
6870 6359 6324 6009 6044 6360 6325 6010 6045 
6871 6360 6325 6010 6045 6361 6326 6011 6046 
6872 6361 6326 6011 6046 6362 6327 6012 6047 
6873 6362 6327 6012 6047 6363 6328 6013 6048 
6874 6363 6328 6013 6048 6364 6329 6014 6049 
6875 6364 6329 6014 6049 6365 6330 6015 6050 
6876 6365 6330 6015 6050 6366 6331 6016 6051 
6877 6366 6331 6016 6051 6367 6332 6017 6052 
6878 6367 6332 6017 6052 6368 6333 6018 6053 
6879 6368 6333 6018 6053 6369 6334 6019 6054 
6880 6369 6334 6019 6054 6370 6335 6020 6055 
6881 6370 6335 6020 6055 6371 6336 6021 6056 
6882 6371 6336 6021 6056 6372 6337 6022 6057 
6883 6372 6337 6022 6057 6373 6338 6023 6058 
6884 6373 6338 6023 6058 6374 6339 6024 6059 
6885 6374 6339 6024 6059 6375 6340 6025 6060 
6886 6375 6340 6025 6060 6376 6341 6026 6061 
6887 6376 6341 6026 6061 6377 6342 6027 6062 
6888 6377 6342 6027 6062 6378 6343 6028 6063 
6889 6378 6343 6028 6063 6379 6344 6029 6064 
6890 6379 6344 6029 6064 6380 6345 6030 6065 
6891 6380 6345 6030 6065 6381 6346 6031 6066 
6892 6381 6346 6031 6066 6382 6347 6032 6067 
6893 6382 6347 6032 6067 6383 6348 6033 6068 
6894 6383 6348 6033 6068 6384 6349 6034 6069 
6895 6384 6349 6034 6069 6385 6350 6035 6070 
6896 6385 6350 6035 6070 2284 2283 2274 2275 
6897 944 943 934 935 6386 6351 6036 6071 
6898 6386 6351 6036 6071 6387 6352 6037 6072 
6899 6387 6352 6037 6072 6388 6353 6038 6073 
6900 6388 6353 6038 6073 6389 6354 6039 6074 
6901 6389 6354 6039 6074 6390 6355 6040 6075 
6902 6390 6355 6040 6075 6391 6356 6041 6076 
6903 6391 6356 6041 6076 6392 6357 6042 6077 
6904 6392 6357 6042 6077 6393 6358 6043 6078 
6905 6393 6358 6043 6078 6394 6359 6044 6079 
6906 6394 6359 6044 6079 6395 6360 6045 6080 
6907 6395 6360 6045 6080 6396 6361 6046 6081 
6908 6396 6361 6046 6081 6397 6362 6047 6082 
6909 6397 6362 6047 6082 6398 6363 6048 6083 
6910 6398 6363 6048 6083 6399 6364 6049 6084 
6911 6399 6364 6049 6084 6400 6365 6050 6085 
6912 6400 6365 6050 6085 6401 6366 6051 6086 
6913 6401 6366 6051 6086 6402 6367 6052 6087 
6914 6402 6367 6052 6087 6403 6368 6053 6088 
6915 6403 6368 6053 6088 6404 6369 6054 6089 
6916 6404 6369 6054 6089 6405 6370 6055 6090 
6917 6405 6370 6055 6090 6406 6371 6056 6091 
6918 6406 6371 6056 6091 6407 6372 6057 6092 
6919 6407 6372 6057 6092 6408 6373 6058 6093 
6920 6408 6373 6058 6093 6409 6374 6059 6094 
6921 6409 6374 6059 6094 6410 6375 6060 6095 
6922 6410 6375 6060 6095 6411 6376 6061 6096 
6923 6411 6376 6061 6096 6412 6377 6062 6097 
6924 6412 6377 6062 6097 6413 6378 6063 6098 
6925 6413 6378 6063 6098 6414 6379 6064 6099 
6926 6414 6379 6064 6099 6415 6380 6065 6100 
6927 6415 6380 6065 6100 6416 6381 6066 6101 
6928 6416 6381 6066 6101 6417 6382 6067 6102 
6929 6417 6382 6067 6102 6418 6383 6068 6103 
6930 6418 6383 6068 6103 6419 6384 6069 6104 
6931 6419 6384 6069 6104 6420 6385 6070 6105 
6932 6420 6385 6070 6105 2285 2284 2275 2276 
6933 945 944 935 936 6421 6386 6071 6106 
6934 6421 6386 6071 6106 6422 6387 6072 6107 
6935 6422 6387 6072 6107 6423 6388 6073 6108 
6936 6423 6388 6073 6108 6424 6389 6074 6109 
6937 6424 6389 6074 6109 6425 6390 6075 6110 
6938 6425 6390 6075 6110 6426 6391 6076 6111 
6939 6426 6391 6076 6111 6427 6392 6077 6112 
6940 6427 6392 6077 6112 6428 6393 6078 6113 
6941 6428 6393 6078 6113 6429 6394 6079 6114 
6942 6429 6394 6079 6114 6430 6395 6080 6115 
6943 6430 6395 6080 6115 6431 6396 6081 6116 
6944 6431 6396 6081 6116 6432 6397 6082 6117 
6945 6432 6397 6082 6117 6433 6398 6083 6118 
6946 6433 6398 6083 6118 6434 6399 6084 6119 
6947 6434 6399 6084 6119 6435 6400 6085 6120 
6948 6435 6400 6085 6120 6436 6401 6086 6121 
6949 6436 6401 6086 6121 6437 6402 6087 6122 
6950 6437 6402 6087 6122 6438 6403 6088 6123 
6951 6438 6403 6088 6123 6439 6404 6089 6124 
6952 6439 6404 6089 6124 6440 6405 6090 6125 
6953 6440 6405 6090 6125 6441 6406 6091 6126 
6954 6441 6406 6091 6126 6442 6407 6092 6127 
6955 6442 6407 6092 6127 6443 6408 6093 6128 
6956 6443 6408 6093 6128 6444 6409 6094 6129 
6957 6444 6409 6094 6129 6445 6410 6095 6130 
6958 6445 6410 6095 6130 6446 6411 6096 6131 
6959 6446 6411 6096 6131 6447 6412 6097 6132 
6960 6447 6412 6097 6132 6448 6413 6098 6133 
6961 6448 6413 6098 6133 6449 6414 6099 6134 
6962 6449 6414 6099 6134 6450 6415 6100 6135 
6963 6450 6415 6100 6135 6451 6416 6101 6136 
6964 6451 6416 6101 6136 6452 6417 6102 6137 
6965 6452 6417 6102 6137 6453 6418 6103 6138 
6966 6453 6418 6103 6138 6454 6419 6104 6139 
6967 6454 6419 6104 6139 6455 6420 6105 6140 
6968 6455 6420 6105 6140 2286 2285 2276 2277 
6969 946 945 936 937 6456 6421 6106 6141 
6970 6456 6421 6106 6141 6457 6422 6107 6142 
6971 6457 6422 6107 6142 6458 6423 6108 6143 
6972 6458 6423 6108 6143 6459 6424 6109 6144 
6973 6459 6424 6109 6144 6460 6425 6110 6145 
6974 6460 6425 6110 6145 6461 6426 6111 6146 
6975 6461 6426 6111 6146 6462 6427 6112 6147 
6976 6462 6427 6112 6147 6463 6428 6113 6148 
6977 6463 6428 6113 6148 6464 6429 6114 6149 
6978 6464 6429 6114 6149 6465 6430 6115 6150 
6979 6465 6430 6115 6150 6466 6431 6116 6151 
6980 6466 6431 6116 6151 6467 6432 6117 6152 
6981 6467 6432 6117 6152 6468 6433 6118 6153 
6982 6468 6433 6118 6153 6469 6434 6119 6154 
6983 6469 6434 6119 6154 6470 6435 6120 6155 
6984 6470 6435 6120 6155 6471 6436 6121 6156 
6985 6471 6436 6121 6156 6472 6437 6122 6157 
6986 6472 6437 6122 6157 6473 6438 6123 6158 
6987 6473 6438 6123 6158 6474 6439 6124 6159 
6988 6474 6439 6124 6159 6475 6440 6125 6160 
6989 6475 6440 6125 6160 6476 6441 6126 6161 
6990 6476 6441 6126 6161 6477 6442 6127 6162 
6991 6477 6442 6127 6162 6478 6443 6128 6163 
6992 6478 6443 6128 6163 6479 6444 6129 6164 
6993 6479 6444 6129 6164 6480 6445 6130 6165 
6994 6480 6445 6130 6165 6481 6446 6131 6166 
6995 6481 6446 6131 6166 6482 6447 6132 6167 
6996 6482 6447 6132 6167 6483 6448 6133 6168 
6997 6483 6448 6133 6168 6484 6449 6134 6169 
6998 6484 6449 6134 6169 6485 6450 6135 6170 
6999 6485 6450 6135 6170 6486 6451 6136 6171 
7000 6486 6451 6136 6171 6487 6452 6137 6172 
7001 6487 6452 6137 6172 6488 6453 6138 6173 
7002 6488 6453 6138 6173 6489 6454 6139 6174 
7003 6489 6454 6139 6174 6490 6455 6140 6175 
7004 6490 6455 6140 6175 2287 2286 2277 2278 
7005 71 946 937 72 1577 6456 6141 1612 
7006 1577 6456 6141 1612 1578 6457 6142 1613 
7007 1578 6457 6142 1613 1579 6458 6143 1614 
7008 1579 6458 6143 1614 1580 6459 6144 1615 
7009 1580 6459 6144 1615 1581 6460 6145 1616 
7010 1581 6460 6145 1616 1582 6461 6146 1617 
7011 1582 6461 6146 1617 1583 6462 6147 1618 
7012 1583 6462 6147 1618 1584 6463 6148 1619 
7013 1584 6463 6148 1619 1585 6464 6149 1620 
7014 1585 6464 6149 1620 1586 6465 6150 1621 
7015 1586 6465 6150 1621 1587 6466 6151 1622 
7016 1587 6466 6151 1622 1588 6467 6152 1623 
7017 1588 6467 6152 1623 1589 6468 6153 1624 
7018 1589 6468 6153 1624 1590 6469 6154 1625 
7019 1590 6469 6154 1625 1591 6470 6155 1626 
7020 1591 6470 6155 1626 1592 6471 6156 1627 
7021 1592 6471 6156 1627 1593 6472 6157 1628 
7022 1593 6472 6157 1628 1594 6473 6158 1629 
7023 1594 6473 6158 1629 1595 6474 6159 1630 
7024 1595 6474 6159 1630 1596 6475 6160 1631 
7025 1596 6475 6160 1631 1597 6476 6161 1632 
7026 1597 6476 6161 1632 1598 6477 6162 1633 
7027 1598 6477 6162 1633 1599 6478 6163 1634 
7028 1599 6478 6163 1634 1600 6479 6164 1635 
7029 1600 6479 6164 1635 1601 6480 6165 1636 
7030 1601 6480 6165 1636 1602 6481 6166 1637 
7031 1602 6481 6166 1637 1603 6482 6167 1638 
7032 1603 6482 6167 1638 1604 6483 6168 1639 
7033 1604 6483 6168 1639 1605 6484 6169 1640 
7034 1605 6484 6169 1640 1606 6485 6170 1641 
7035 1606 6485 6170 1641 1607 6486 6171 1642 
7036 1607 6486 6171 1642 1608 6487 6172 1643 
7037 1608 6487 6172 1643 1609 6488 6173 1644 
7038 1609 6488 6173 1644 1610 6489 6174 1645 
7039 1610 6489 6174 1645 1611 6490 6175 1646 
7040 1611 6490 6175 1646 151 2287 2278 152 
7041 62 6 61 938 1262 204 1227 6176 
7042 1262 204 1227 6176 1263 205 1228 6177 
7043 1263 205 1228 6177 1264 206 1229 6178 
7044 1264 206 1229 6178 1265 207 1230 6179 
7045 1265 207 1230 6179 1266 208 1231 6180 
7046 1266 208 1231 6180 1267 209 1232 6181 
7047 1267 209 1232 6181 1268 210 1233 6182 
7048 1268 210 1233 6182 1269 211 1234 6183 
7049 1269 211 1234 6183 1270 212 1235 6184 
7050 1270 212 1235 6184 1271 213 1236 6185 
7051 1271 213 1236 6185 1272 214 1237 6186 
7052 1272 214 1237 6186 1273 215 1238 6187 
7053 1273 215 1238 6187 1274 216 1239 6188 
7054 1274 216 1239 6188 1275 217 1240 6189 
7055 1275 217 1240 6189 1276 218 1241 6190 
7056 1276 218 1241 6190 1277 219 1242 6191 
7057 1277 219 1242 6191 1278 220 1243 6192 
7058 1278 220 1243 6192 1279 221 1244 6193 
7059 1279 221 1244 6193 1280 222 1245 6194 
7060 1280 222 1245 6194 1281 223 1246 6195 
7061 1281 223 1246 6195 1282 224 1247 6196 
7062 1282 224 1247 6196 1283 225 1248 6197 
7063 1283 225 1248 6197 1284 226 1249 6198 
7064 1284 226 1249 6198 1285 227 1250 6199 
7065 1285 227 1250 6199 1286 228 1251 6200 
7066 1286 228 1251 6200 1287 229 1252 6201 
7067 1287 229 1252 6201 1288 230 1253 6202 
7068 1288 230 1253 6202 1289 231 1254 6203 
7069 1289 231 1254 6203 1290 232 1255 6204 
7070 1290 232 1255 6204 1291 233 1256 6205 
7071 1291 233 1256 6205 1292 234 1257 6206 
7072 1292 234 1257 6206 1293 235 1258 6207 
7073 1293 235 1258 6207 1294 236 1259 6208 
7074 1294 236 1259 6208 1295 237 1260 6209 
7075 1295 237 1260 6209 1296 238 1261 6210 
7076 1296 238 1261 6210 142 10 141 2279 
7077 63 62 938 939 1297 1262 6176 6211 
7078 1297 1262 6176 6211 1298 1263 6177 6212 
7079 1298 1263 6177 6212 1299 1264 6178 6213 
7080 1299 1264 6178 6213 1300 1265 6179 6214 
7081 1300 1265 6179 6214 1301 1266 6180 6215 
7082 1301 1266 6180 6215 1302 1267 6181 6216 
7083 1302 1267 6181 6216 1303 1268 6182 6217 
7084 1303 1268 6182 6217 1304 1269 6183 6218 
7085 1304 1269 6183 6218 1305 1270 6184 6219 
7086 1305 1270 6184 6219 1306 1271 6185 6220 
7087 1306 1271 6185 6220 1307 1272 6186 6221 
7088 1307 1272 6186 6221 1308 1273 6187 6222 
7089 1308 1273 6187 6222 1309 1274 6188 6223 
7090 1309 1274 6188 6223 1310 1275 6189 6224 
7091 1310 1275 6189 6224 1311 1276 6190 6225 
7092 1311 1276 6190 6225 1312 1277 6191 6226 
7093 1312 1277 6191 6226 1313 1278 6192 6227 
7094 1313 1278 6192 6227 1314 1279 6193 6228 
7095 1314 1279 6193 6228 1315 1280 6194 6229 
7096 1315 1280 6194 6229 1316 1281 6195 6230 
7097 1316 1281 6195 6230 1317 1282 6196 6231 
7098 1317 1282 6196 6231 1318 1283 6197 6232 
7099 1318 1283 6197 6232 1319 1284 6198 6233 
7100 1319 1284 6198 6233 1320 1285 6199 6234 
7101 1320 1285 6199 6234 1321 1286 6200 6235 
7102 1321 1286 6200 6235 1322 1287 6201 6236 
7103 1322 1287 6201 6236 1323 1288 6202 6237 
7104 1323 1288 6202 6237 1324 1289 6203 6238 
7105 1324 1289 6203 6238 1325 1290 6204 6239 
7106 1325 1290 6204 6239 1326 1291 6205 6240 
7107 1326 1291 6205 6240 1327 1292 6206 6241 
7108 1327 1292 6206 6241 1328 1293 6207 6242 
7109 1328 1293 6207 6242 1329 1294 6208 6243 
7110 1329 1294 6208 6243 1330 1295 6209 6244 
7111 1330 1295 6209 6244 1331 1296 6210 6245 
7112 1331 1296 6210 6245 143 142 2279 2280 
7113 64 63 939 940 1332 1297 6211 6246 
7114 1332 1297 6211 6246 1333 1298 6212 6247 
7115 1333 1298 6212 6247 1334 1299 6213 6248 
7116 1334 1299 6213 6248 1335 1300 6214 6249 
7117 1335 1300 6214 6249 1336 1301 6215 6250 
7118 1336 1301 6215 6250 1337 1302 6216 6251 
7119 1337 1302 6216 6251 1338 1303 6217 6252 
7120 1338 1303 6217 6252 1339 1304 6218 6253 
7121 1339 1304 6218 6253 1340 1305 6219 6254 
7122 1340 1305 6219 6254 1341 1306 6220 6255 
7123 1341 1306 6220 6255 1342 1307 6221 6256 
7124 1342 1307 6221 6256 1343 1308 6222 6257 
7125 1343 1308 6222 6257 1344 1309 6223 6258 
7126 1344 1309 6223 6258 1345 1310 6224 6259 
7127 1345 1310 6224 6259 1346 1311 6225 6260 
7128 1346 1311 6225 6260 1347 1312 6226 6261 
7129 1347 1312 6226 6261 1348 1313 6227 6262 
7130 1348 1313 6227 6262 1349 1314 6228 6263 
7131 1349 1314 6228 6263 1350 1315 6229 6264 
7132 1350 1315 6229 6264 1351 1316 6230 6265 
7133 1351 1316 6230 6265 1352 1317 6231 6266 
7134 1352 1317 6231 6266 1353 1318 6232 6267 
7135 1353 1318 6232 6267 1354 1319 6233 6268 
7136 1354 1319 6233 6268 1355 1320 6234 6269 
7137 1355 1320 6234 6269 1356 1321 6235 6270 
7138 1356 1321 6235 6270 1357 1322 6236 6271 
7139 1357 1322 6236 6271 1358 1323 6237 6272 
7140 1358 1323 6237 6272 1359 1324 6238 6273 
7141 1359 1324 6238 6273 1360 1325 6239 6274 
7142 1360 1325 6239 6274 1361 1326 6240 6275 
7143 1361 1326 6240 6275 1362 1327 6241 6276 
7144 1362 1327 6241 6276 1363 1328 6242 6277 
7145 1363 1328 6242 6277 1364 1329 6243 6278 
7146 1364 1329 6243 6278 1365 1330 6244 6279 
7147 1365 1330 6244 6279 1366 1331 6245 6280 
7148 1366 1331 6245 6280 144 143 2280 2281 
7149 65 64 940 941 1367 1332 6246 6281 
7150 1367 1332 6246 6281 1368 1333 6247 6282 
7151 1368 1333 6247 6282 1369 1334 6248 6283 
7152 1369 1334 6248 6283 1370 1335 6249 6284 
7153 1370 1335 6249 6284 1371 1336 6250 6285 
7154 1371 1336 6250 6285 1372 1337 6251 6286 
7155 1372 1337 6251 6286 1373 1338 6252 6287 
7156 1373 1338 6252 6287 1374 1339 6253 6288 
7157 1374 1339 6253 6288 1375 1340 6254 6289 
7158 1375 1340 6254 6289 1376 1341 6255 6290 
7159 1376 1341 6255 6290 1377 1342 6256 6291 
7160 1377 1342 6256 6291 1378 1343 6257 6292 
7161 1378 1343 6257 6292 1379 1344 6258 6293 
7162 1379 1344 6258 6293 1380 1345 6259 6294 
7163 1380 1345 6259 6294 1381 1346 6260 6295 
7164 1381 1346 6260 6295 1382 1347 6261 6296 
7165 1382 1347 6261 6296 1383 1348 6262 6297 
7166 1383 1348 6262 6297 1384 1349 6263 6298 
7167 1384 1349 6263 6298 1385 1350 6264 6299 
7168 1385 1350 6264 6299 1386 1351 6265 6300 
7169 1386 1351 6265 6300 1387 1352 6266 6301 
7170 1387 1352 6266 6301 1388 1353 6267 6302 
7171 1388 1353 6267 6302 1389 1354 6268 6303 
7172 1389 1354 6268 6303 1390 1355 6269 6304 
7173 1390 1355 6269 6304 1391 1356 6270 6305 
7174 1391 1356 6270 6305 1392 1357 6271 6306 
7175 1392 1357 6271 6306 1393 1358 6272 6307 
7176 1393 1358 6272 6307 1394 1359 6273 6308 
7177 1394 1359 6273 6308 1395 1360 6274 6309 
7178 1395 1360 6274 6309 1396 1361 6275 6310 
7179 1396 1361 6275 6310 1397 1362 6276 6311 
7180 1397 1362 6276 6311 1398 1363 6277 6312 
7181 1398 1363 6277 6312 1399 1364 6278 6313 
7182 1399 1364 6278 6313 1400 1365 6279 6314 
7183 1400 1365 6279 6314 1401 1366 6280 6315 
7184 1401 1366 6280 6315 145 144 2281 2282 
7185 66 65 941 942 1402 1367 6281 6316 
7186 1402 1367 6281 6316 1403 1368 6282 6317 
7187 1403 1368 6282 6317 1404 1369 6283 6318 
7188 1404 1369 6283 6318 1405 1370 6284 6319 
7189 1405 1370 6284 6319 1406 1371 6285 6320 
7190 1406 1371 6285 6320 1407 1372 6286 6321 
7191 1407 1372 6286 6321 1408 1373 6287 6322 
7192 1408 1373 6287 6322 1409 1374 6288 6323 
7193 1409 1374 6288 6323 1410 1375 6289 6324 
7194 1410 1375 6289 6324 1411 1376 6290 6325 
7195 1411 1376 6290 6325 1412 1377 6291 6326 
7196 1412 1377 6291 6326 1413 1378 6292 6327 
7197 1413 1378 6292 6327 1414 1379 6293 6328 
7198 1414 1379 6293 6328 1415 1380 6294 6329 
7199 1415 1380 6294 6329 1416 1381 6295 6330 
7200 1416 1381 6295 6330 1417 1382 6296 6331 
7201 1417 1382 6296 6331 1418 1383 6297 6332 
7202 1418 1383 6297 6332 1419 1384 6298 6333 
7203 1419 1384 6298 6333 1420 1385 6299 6334 
7204 1420 1385 6299 6334 1421 1386 6300 6335 
7205 1421 1386 6300 6335 1422 1387 6301 6336 
7206 1422 1387 6301 6336 1423 1388 6302 6337 
7207 1423 1388 6302 6337 1424 1389 6303 6338 
7208 1424 1389 6303 6338 1425 1390 6304 6339 
7209 1425 1390 6304 6339 1426 1391 6305 6340 
7210 1426 1391 6305 6340 1427 1392 6306 6341 
7211 1427 1392 6306 6341 1428 1393 6307 6342 
7212 1428 1393 6307 6342 1429 1394 6308 6343 
7213 1429 1394 6308 6343 1430 1395 6309 6344 
7214 1430 1395 6309 6344 1431 1396 6310 6345 
7215 1431 1396 6310 6345 1432 1397 6311 6346 
7216 1432 1397 6311 6346 1433 1398 6312 6347 
7217 1433 1398 6312 6347 1434 1399 6313 6348 
7218 1434 1399 6313 6348 1435 1400 6314 6349 
7219 1435 1400 6314 6349 1436 1401 6315 6350 
7220 1436 1401 6315 6350 146 145 2282 2283 
7221 67 66 942 943 1437 1402 6316 6351 
7222 1437 1402 6316 6351 1438 1403 6317 6352 
7223 1438 1403 6317 6352 1439 1404 6318 6353 
7224 1439 1404 6318 6353 1440 1405 6319 6354 
7225 1440 1405 6319 6354 1441 1406 6320 6355 
7226 1441 1406 6320 6355 1442 1407 6321 6356 
7227 1442 1407 6321 6356 1443 1408 6322 6357 
7228 1443 1408 6322 6357 1444 1409 6323 6358 
7229 1444 1409 6323 6358 1445 1410 6324 6359 
7230 1445 1410 6324 6359 1446 1411 6325 6360 
7231 1446 1411 6325 6360 1447 1412 6326 6361 
7232 1447 1412 6326 6361 1448 1413 6327 6362 
7233 1448 1413 6327 6362 1449 1414 6328 6363 
7234 1449 1414 6328 6363 1450 1415 6329 6364 
7235 1450 1415 6329 6364 1451 1416 6330 6365 
7236 1451 1416 6330 6365 1452 1417 6331 6366 
7237 1452 1417 6331 6366 1453 1418 6332 6367 
7238 1453 1418 6332 6367 1454 1419 6333 6368 
7239 1454 1419 6333 6368 1455 1420 6334 6369 
7240 1455 1420 6334 6369 1456 1421 6335 6370 
7241 1456 1421 6335 6370 1457 1422 6336 6371 
7242 1457 1422 6336 6371 1458 1423 6337 6372 
7243 1458 1423 6337 6372 1459 1424 6338 6373 
7244 1459 1424 6338 6373 1460 1425 6339 6374 
7245 1460 1425 6339 6374 1461 1426 6340 6375 
7246 1461 1426 6340 6375 1462 1427 6341 6376 
7247 1462 1427 6341 6376 1463 1428 6342 6377 
7248 1463 1428 6342 6377 1464 1429 6343 6378 
7249 1464 1429 6343 6378 1465 1430 6344 6379 
7250 1465 1430 6344 6379 1466 1431 6345 6380 
7251 1466 1431 6345 6380 1467 1432 6346 6381 
7252 1467 1432 6346 6381 1468 1433 6347 6382 
7253 1468 1433 6347 6382 1469 1434 6348 6383 
7254 1469 1434 6348 6383 1470 1435 6349 6384 
7255 1470 1435 6349 6384 1471 1436 6350 6385 
7256 1471 1436 6350 6385 147 146 2283 2284 
7257 68 67 943 944 1472 1437 6351 6386 
7258 1472 1437 6351 6386 1473 1438 6352 6387 
7259 1473 1438 6352 6387 1474 1439 6353 6388 
7260 1474 1439 6353 6388 1475 1440 6354 6389 
7261 1475 1440 6354 6389 1476 1441 6355 6390 
7262 1476 1441 6355 6390 1477 1442 6356 6391 
7263 1477 1442 6356 6391 1478 1443 6357 6392 
7264 1478 1443 6357 6392 1479 1444 6358 6393 
7265 1479 1444 6358 6393 1480 1445 6359 6394 
7266 1480 1445 6359 6394 1481 1446 6360 6395 
7267 1481 1446 6360 6395 1482 1447 6361 6396 
7268 1482 1447 6361 6396 1483 1448 6362 6397 
7269 1483 1448 6362 6397 1484 1449 6363 6398 
7270 1484 1449 6363 6398 1485 1450 6364 6399 
7271 1485 1450 6364 6399 1486 1451 6365 6400 
7272 1486 1451 6365 6400 1487 1452 6366 6401 
7273 1487 1452 6366 6401 1488 1453 6367 6402 
7274 1488 1453 6367 6402 1489 1454 6368 6403 
7275 1489 1454 6368 6403 1490 1455 6369 6404 
7276 1490 1455 6369 6404 1491 1456 6370 6405 
7277 1491 1456 6370 6405 1492 1457 6371 6406 
7278 1492 1457 6371 6406 1493 1458 6372 6407 
7279 1493 1458 6372 6407 1494 1459 6373 6408 
7280 1494 1459 6373 6408 1495 1460 6374 6409 
7281 1495 1460 6374 6409 1496 1461 6375 6410 
7282 1496 1461 6375 6410 1497 1462 6376 6411 
7283 1497 1462 6376 6411 1498 1463 6377 6412 
7284 1498 1463 6377 6412 1499 1464 6378 6413 
7285 1499 1464 6378 6413 1500 1465 6379 6414 
7286 1500 1465 6379 6414 1501 1466 6380 6415 
7287 1501 1466 6380 6415 1502 1467 6381 6416 
7288 1502 1467 6381 6416 1503 1468 6382 6417 
7289 1503 1468 6382 6417 1504 1469 6383 6418 
7290 1504 1469 6383 6418 1505 1470 6384 6419 
7291 1505 1470 6384 6419 1506 1471 6385 6420 
7292 1506 1471 6385 6420 148 147 2284 2285 
7293 69 68 944 945 1507 1472 6386 6421 
7294 1507 1472 6386 6421 1508 1473 6387 6422 
7295 1508 1473 6387 6422 1509 1474 6388 6423 
7296 1509 1474 6388 6423 1510 1475 6389 6424 
7297 1510 1475 6389 6424 1511 1476 6390 6425 
7298 1511 1476 6390 6425 1512 1477 6391 6426 
7299 1512 1477 6391 6426 1513 1478 6392 6427 
7300 1513 1478 6392 6427 1514 1479 6393 6428 
7301 1514 1479 6393 6428 1515 1480 6394 6429 
7302 1515 1480 6394 6429 1516 1481 6395 6430 
7303 1516 1481 6395 6430 1517 1482 6396 6431 
7304 1517 1482 6396 6431 1518 1483 6397 6432 
7305 1518 1483 6397 6432 1519 1484 6398 6433 
7306 1519 1484 6398 6433 1520 1485 6399 6434 
7307 1520 1485 6399 6434 1521 1486 6400 6435 
7308 1521 1486 6400 6435 1522 1487 6401 6436 
7309 1522 1487 6401 6436 1523 1488 6402 6437 
7310 1523 1488 6402 6437 1524 1489 6403 6438 
7311 1524 1489 6403 6438 1525 1490 6404 6439 
7312 1525 1490 6404 6439 1526 1491 6405 6440 
7313 1526 1491 6405 6440 1527 1492 6406 6441 
7314 1527 1492 6406 6441 1528 1493 6407 6442 
7315 1528 1493 6407 6442 1529 1494 6408 6443 
7316 1529 1494 6408 6443 1530 1495 6409 6444 
7317 1530 1495 6409 6444 1531 1496 6410 6445 
7318 1531 1496 6410 6445 1532 1497 6411 6446 
7319 1532 1497 6411 6446 1533 1498 6412 6447 
7320 1533 1498 6412 6447 1534 1499 6413 6448 
7321 1534 1499 6413 6448 1535 1500 6414 6449 
7322 1535 1500 6414 6449 1536 1501 6415 6450 
7323 1536 1501 6415 6450 1537 1502 6416 6451 
7324 1537 1502 6416 6451 1538 1503 6417 6452 
7325 1538 1503 6417 6452 1539 1504 6418 6453 
7326 1539 1504 6418 6453 1540 1505 6419 6454 
7327 1540 1505 6419 6454 1541 1506 6420 6455 
7328 1541 1506 6420 6455 149 148 2285 2286 
7329 70 69 945 946 1542 1507 6421 6456 
7330 1542 1507 6421 6456 1543 1508 6422 6457 
7331 1543 1508 6422 6457 1544 1509 6423 6458 
7332 1544 1509 6423 6458 1545 1510 6424 6459 
7333 1545 1510 6424 6459 1546 1511 6425 6460 
7334 1546 1511 6425 6460 1547 1512 6426 6461 
7335 1547 1512 6426 6461 1548 1513 6427 6462 
7336 1548 1513 6427 6462 1549 1514 6428 6463 
7337 1549 1514 6428 6463 1550 1515 6429 6464 
7338 1550 1515 6429 6464 1551 1516 6430 6465 
7339 1551 1516 6430 6465 1552 1517 6431 6466 
7340 1552 1517 6431 6466 1553 1518 6432 6467 
7341 1553 1518 6432 6467 1554 1519 6433 6468 
7342 1554 1519 6433 6468 1555 1520 6434 6469 
7343 1555 1520 6434 6469 1556 1521 6435 6470 
7344 1556 1521 6435 6470 1557 1522 6436 6471 
7345 1557 1522 6436 6471 1558 1523 6437 6472 
7346 1558 1523 6437 6472 1559 1524 6438 6473 
7347 1559 1524 6438 6473 1560 1525 6439 6474 
7348 1560 1525 6439 6474 1561 1526 6440 6475 
7349 1561 1526 6440 6475 1562 1527 6441 6476 
7350 1562 1527 6441 6476 1563 1528 6442 6477 
7351 1563 1528 6442 6477 1564 1529 6443 6478 
7352 1564 1529 6443 6478 1565 1530 6444 6479 
7353 1565 1530 6444 6479 1566 1531 6445 6480 
7354 1566 1531 6445 6480 1567 1532 6446 6481 
7355 1567 1532 6446 6481 1568 1533 6447 6482 
7356 1568 1533 6447 6482 1569 1534 6448 6483 
7357 1569 1534 6448 6483 1570 1535 6449 6484 
7358 1570 1535 6449 6484 1571 1536 6450 6485 
7359 1571 1536 6450 6485 1572 1537 6451 6486 
7360 1572 1537 6451 6486 1573 1538 6452 6487 
7361 1573 1538 6452 6487 1574 1539 6453 6488 
7362 1574 1539 6453 6488 1575 1540 6454 6489 
7363 1575 1540 6454 6489 1576 1541 6455 6490 
7364 1576 1541 6455 6490 150 149 2286 2287 
7365 7 70 946 71 239 1542 6456 1577 
7366 239 1542 6456 1577 240 1543 6457 1578 
7367 240 1543 6457 1578 241 1544 6458 1579 
7368 241 1544 6458 1579 242 1545 6459 1580 
7369 242 1545 6459 1580 243 1546 6460 1581 
7370 243 1546 6460 1581 244 1547 6461 1582 
7371 244 1547 6461 1582 245 1548 6462 1583 
7372 245 1548 6462 1583 246 1549 6463 1584 
7373 246 1549 6463 1584 247 1550 6464 1585 
7374 247 1550 6464 1585 248 1551 6465 1586 
7375 248 1551 6465 1586 249 1552 6466 1587 
7376 249 1552 6466 1587 250 1553 6467 1588 
7377 250 1553 6467 1588 251 1554 6468 1589 
7378 251 1554 6468 1589 252 1555 6469 1590 
7379 252 1555 6469 1590 253 1556 6470 1591 
7380 253 1556 6470 1591 254 1557 6471 1592 
7381 254 1557 6471 1592 255 1558 6472 1593 
7382 255 1558 6472 1593 256 1559 6473 1594 
7383 256 1559 6473 1594 257 1560 6474 1595 
7384 257 1560 6474 1595 258 1561 6475 1596 
7385 258 1561 6475 1596 259 1562 6476 1597 
7386 259 1562 6476 1597 260 1563 6477 1598 
7387 260 1563 6477 1598 261 1564 6478 1599 
7388 261 1564 6478 1599 262 1565 6479 1600 
7389 262 1565 6479 1600 263 1566 6480 1601 
7390 263 1566 6480 1601 264 1567 6481 1602 
7391 264 1567 6481 1602 265 1568 6482 1603 
7392 265 1568 6482 1603 266 1569 6483 1604 
7393 266 1569 6483 1604 267 1570 6484 1605 
7394 267 1570 6484 1605 268 1571 6485 1606 
7395 268 1571 6485 1606 269 1572 6486 1607 
7396 269 1572 6486 1607 270 1573 6487 1608 
7397 270 1573 6487 1608 271 1574 6488 1609 
7398 271 1574 6488 1609 272 1575 6489 1610 
7399 272 1575 6489 1610 273 1576 6490 1611 
7400 273 1576 6490 1611 11 150 2287 151 
3 3 5 1200
7401 2207 133 9 168 6491 2288 345 2673 
7402 6491 2288 345 2673 6492 2289 346 2674 
7403 6492 2289 346 2674 6493 2290 347 2675 
7404 6493 2290 347 2675 6494 2291 348 2676 
7405 6494 2291 348 2676 6495 2292 349 2677 
7406 6495 2292 349 2677 6496 2293 350 2678 
7407 6496 2293 350 2678 6497 2294 351 2679 
7408 6497 2294 351 2679 6498 2295 352 2680 
7409 6498 2295 352 2680 6499 2296 353 2681 
7410 6499 2296 353 2681 6500 2297 354 2682 
7411 6500 2297 354 2682 6501 2298 355 2683 
7412 6501 2298 355 2683 2684 309 13 344 
7413 2208 2207 168 167 6502 6491 2673 2662 
7414 6502 6491 2673 2662 6503 6492 2674 2663 
7415 6503 6492 2674 2663 6504 6493 2675 2664 
7416 6504 6493 2675 2664 6505 6494 2676 2665 
7417 6505 6494 2676 2665 6506 6495 2677 2666 
7418 6506 6495 2677 2666 6507 6496 2678 2667 
7419 6507 6496 2678 2667 6508 6497 2679 2668 
7420 6508 6497 2679 2668 6509 6498 2680 2669 
7421 6509 6498 2680 2669 6510 6499 2681 2670 
7422 6510 6499 2681 2670 6511 6500 2682 2671 
7423 6511 6500 2682 2671 6512 6501 2683 2672 
7424 6512 6501 2683 2672 2685 2684 344 343 
7425 2209 2208 167 166 6513 6502 2662 2651 
7426 6513 6502 2662 2651 6514 6503 2663 2652 
7427 6514 6503 2663 2652 6515 6504 2664 2653 
7428 6515 6504 2664 2653 6516 6505 2665 2654 
7429 6516 6505 2665 2654 6517 6506 2666 2655 
7430 6517 6506 2666 2655 6518 6507 2667 2656 
7431 6518 6507 2667 2656 6519 6508 2668 2657 
7432 6519 6508 2668 2657 6520 6509 2669 2658 
7433 6520 6509 2669 2658 6521 6510 2670 2659 
7434 6521 6510 2670 2659 6522 6511 2671 2660 
7435 6522 6511 2671 2660 6523 6512 2672 2661 
7436 6523 6512 2672 2661 2686 2685 343 342 
7437 2210 2209 166 165 6524 6513 2651 2640 
7438 6524 6513 2651 2640 6525 6514 2652 2641 
7439 6525 6514 2652 2641 6526 6515 2653 2642 
7440 6526 6515 2653 2642 6527 6516 2654 2643 
7441 6527 6516 2654 2643 6528 6517 2655 2644 
7442 6528 6517 2655 2644 6529 6518 2656 2645 
7443 6529 6518 2656 2645 6530 6519 2657 2646 
7444 6530 6519 2657 2646 6531 6520 2658 2647 
7445 6531 6520 2658 2647 6532 6521 2659 2648 
7446 6532 6521 2659 2648 6533 6522 2660 2649 
7447 6533 6522 2660 2649 6534 6523 2661 2650 
7448 6534 6523 2661 2650 2687 2686 342 341 
7449 2211 2210 165 164 6535 6524 2640 2629 
7450 6535 6524 2640 2629 6536 6525 2641 2630 
7451 6536 6525 2641 2630 6537 6526 2642 2631 
7452 6537 6526 2642 2631 6538 6527 2643 2632 
7453 6538 6527 2643 2632 6539 6528 2644 2633 
7454 6539 6528 2644 2633 6540 6529 2645 2634 
7455 6540 6529 2645 2634 6541 6530 2646 2635 
7456 6541 6530 2646 2635 6542 6531 2647 2636 
7457 6542 6531 2647 2636 6543 6532 2648 2637 
7458 6543 6532 2648 2637 6544 6533 2649 2638 
7459 6544 6533 2649 2638 6545 6534 2650 2639 
7460 6545 6534 2650 2639 2688 2687 341 340 
7461 2212 2211 164 163 6546 6535 2629 2618 
7462 6546 6535 2629 2618 6547 6536 2630 2619 
7463 6547 6536 2630 2619 6548 6537 2631 2620 
7464 6548 6537 2631 2620 6549 6538 2632 2621 
7465 6549 6538 2632 2621 6550 6539 2633 2622 
7466 6550 6539 2633 2622 6551 6540 2634 2623 
7467 6551 6540 2634 2623 6552 6541 2635 2624 
7468 6552 6541 2635 2624 6553 6542 2636 2625 
7469 6553 6542 2636 2625 6554 6543 2637 2626 
7470 6554 6543 2637 2626 6555 6544 2638 2627 
7471 6555 6544 2638 2627 6556 6545 2639 2628 
7472 6556 6545 2639 2628 2689 2688 340 339 
7473 2213 2212 163 162 6557 6546 2618 2607 
7474 6557 6546 2618 2607 6558 6547 2619 2608 
7475 6558 6547 2619 2608 6559 6548 2620 2609 
7476 6559 6548 2620 2609 6560 6549 2621 2610 
7477 6560 6549 2621 2610 6561 6550 2622 2611 
7478 6561 6550 2622 2611 6562 6551 2623 2612 
7479 6562 6551 2623 2612 6563 6552 2624 2613 
7480 6563 6552 2624 2613 6564 6553 2625 2614 
7481 6564 6553 2625 2614 6565 6554 2626 2615 
7482 6565 6554 2626 2615 6566 6555 2627 2616 
7483 6566 6555 2627 2616 6567 6556 2628 2617 
7484 6567 6556 2628 2617 2690 2689 339 338 
7485 2214 2213 162 161 6568 6557 2607 2596 
7486 6568 6557 2607 2596 6569 6558 2608 2597 
7487 6569 6558 2608 2597 6570 6559 2609 2598 
7488 6570 6559 2609 2598 6571 6560 2610 2599 
7489 6571 6560 2610 2599 6572 6561 2611 2600 
7490 6572 6561 2611 2600 6573 6562 2612 2601 
7491 6573 6562 2612 2601 6574 6563 2613 2602 
7492 6574 6563 2613 2602 6575 6564 2614 2603 
7493 6575 6564 2614 2603 6576 6565 2615 2604 
7494 6576 6565 2615 2604 6577 6566 2616 2605 
7495 6577 6566 2616 2605 6578 6567 2617 2606 
7496 6578 6567 2617 2606 2691 2690 338 337 
7497 2215 2214 161 160 6579 6568 2596 2585 
7498 6579 6568 2596 2585 6580 6569 2597 2586 
7499 6580 6569 2597 2586 6581 6570 2598 2587 
7500 6581 6570 2598 2587 6582 6571 2599 2588 
7501 6582 6571 2599 2588 6583 6572 2600 2589 
7502 6583 6572 2600 2589 6584 6573 2601 2590 
7503 6584 6573 2601 2590 6585 6574 2602 2591 
7504 6585 6574 2602 2591 6586 6575 2603 2592 
7505 6586 6575 2603 2592 6587 6576 2604 2593 
7506 6587 6576 2604 2593 6588 6577 2605 2594 
7507 6588 6577 2605 2594 6589 6578 2606 2595 
7508 6589 6578 2606 2595 2692 2691 337 336 
7509 159 2215 160 12 2574 6579 2585 378 
7510 2574 6579 2585 378 2575 6580 2586 379 
7511 2575 6580 2586 379 2576 6581 2587 380 
7512 2576 6581 2587 380 2577 6582 2588 381 
7513 2577 6582 2588 381 2578 6583 2589 382 
7514 2578 6583 2589 382 2579 6584 2590 383 
7515 2579 6584 2590 383 2580 6585 2591 384 
7516 2580 6585 2591 384 2581 6586 2592 385 
7517 2581 6586 2592 385 2582 6587 2593 386 
7518 2582 6587 2593 386 2583 6588 2594 387 
7519 2583 6588 2594 387 2584 6589 2595 388 
7520 2584 6589 2595 388 335 2692 336 16 
7521 2216 134 133 2207 6590 2299 2288 6491 
7522 6590 2299 2288 6491 6591 2300 2289 6492 
7523 6591 2300 2289 6492 6592 2301 2290 6493 
7524 6592 2301 2290 6493 6593 2302 2291 6494 
7525 6593 2302 2291 6494 6594 2303 2292 6495 
7526 6594 2303 2292 6495 6595 2304 2293 6496 
7527 6595 2304 2293 6496 6596 2305 2294 6497 
7528 6596 2305 2294 6497 6597 2306 2295 6498 
7529 6597 2306 2295 6498 6598 2307 2296 6499 
7530 6598 2307 2296 6499 6599 2308 2297 6500 
7531 6599 2308 2297 6500 6600 2309 2298 6501 
7532 6600 2309 2298 6501 2693 310 309 2684 
7533 2217 2216 2207 2208 6601 6590 6491 6502 
7534 6601 6590 6491 6502 6602 6591 6492 6503 
7535 6602 6591 6492 6503 6603 6592 6493 6504 
7536 6603 6592 6493 6504 6604 6593 6494 6505 
7537 6604 6593 6494 6505 6605 6594 6495 6506 
7538 6605 6594 6495 6506 6606 6595 6496 6507 
7539 6606 6595 6496 6507 6607 6596 6497 6508 
7540 6607 6596 6497 6508 6608 6597 6498 6509 
7541 6608 6597 6498 6509 6609 6598 6499 6510 
7542 6609 6598 6499 6510 6610 6599 6500 6511 
7543 6610 6599 6500 6511 6611 6600 6501 6512 
7544 6611 6600 6501 6512 2694 2693 2684 2685 
7545 2218 2217 2208 2209 6612 6601 6502 6513 
7546 6612 6601 6502 6513 6613 6602 6503 6514 
7547 6613 6602 6503 6514 6614 6603 6504 6515 
7548 6614 6603 6504 6515 6615 6604 6505 6516 
7549 6615 6604 6505 6516 6616 6605 6506 6517 
7550 6616 6605 6506 6517 6617 6606 6507 6518 
7551 6617 6606 6507 6518 6618 6607 6508 6519 
7552 6618 6607 6508 6519 6619 6608 6509 6520 
7553 6619 6608 6509 6520 6620 6609 6510 6521 
7554 6620 6609 6510 6521 6621 6610 6511 6522 
7555 6621 6610 6511 6522 6622 6611 6512 6523 
7556 6622 6611 6512 6523 2695 2694 2685 2686 
7557 2219 2218 2209 2210 6623 6612 6513 6524 
7558 6623 6612 6513 6524 6624 6613 6514 6525 
7559 6624 6613 6514 6525 6625 6614 6515 6526 
7560 6625 6614 6515 6526 6626 6615 6516 6527 
7561 6626 6615 6516 6527 6627 6616 6517 6528 
7562 6627 6616 6517 6528 6628 6617 6518 6529 
7563 6628 6617 6518 6529 6629 6618 6519 6530 
7564 6629 6618 6519 6530 6630 6619 6520 6531 
7565 6630 6619 6520 6531 6631 6620 6521 6532 
7566 6631 6620 6521 6532 6632 6621 6522 6533 
7567 6632 6621 6522 6533 6633 6622 6523 6534 
7568 6633 6622 6523 6534 2696 2695 2686 2687 
7569 2220 2219 2210 2211 6634 6623 6524 6535 
7570 6634 6623 6524 6535 6635 6624 6525 6536 
7571 6635 6624 6525 6536 6636 6625 6526 6537 
7572 6636 6625 6526 6537 6637 6626 6527 6538 
7573 6637 6626 6527 6538 6638 6627 6528 6539 
7574 6638 6627 6528 6539 6639 6628 6529 6540 
7575 6639 6628 6529 6540 6640 6629 6530 6541 
7576 6640 6629 6530 6541 6641 6630 6531 6542 
7577 6641 6630 6531 6542 6642 6631 6532 6543 
7578 6642 6631 6532 6543 6643 6632 6533 6544 
7579 6643 6632 6533 6544 6644 6633 6534 6545 
7580 6644 6633 6534 6545 2697 2696 2687 2688 
7581 2221 2220 2211 2212 6645 6634 6535 6546 
7582 6645 6634 6535 6546 6646 6635 6536 6547 
7583 6646 6635 6536 6547 6647 6636 6537 6548 
7584 6647 6636 6537 6548 6648 6637 6538 6549 
7585 6648 6637 6538 6549 6649 6638 6539 6550 
7586 6649 6638 6539 6550 6650 6639 6540 6551 
7587 6650 6639 6540 6551 6651 6640 6541 6552 
7588 6651 6640 6541 6552 6652 6641 6542 6553 
7589 6652 6641 6542 6553 6653 6642 6543 6554 
7590 6653 6642 6543 6554 6654 6643 6544 6555 
7591 6654 6643 6544 6555 6655 6644 6545 6556 
7592 6655 6644 6545 6556 2698 2697 2688 2689 
7593 2222 2221 2212 2213 6656 6645 6546 6557 
7594 6656 6645 6546 6557 6657 6646 6547 6558 
7595 6657 6646 6547 6558 6658 6647 6548 6559 
7596 6658 6647 6548 6559 6659 6648 6549 6560 
7597 6659 6648 6549 6560 6660 6649 6550 6561 
7598 6660 6649 6550 6561 6661 6650 6551 6562 
7599 6661 6650 6551 6562 6662 6651 6552 6563 
7600 6662 6651 6552 6563 6663 6652 6553 6564 
7601 6663 6652 6553 6564 6664 6653 6554 6565 
7602 6664 6653 6554 6565 6665 6654 6555 6566 
7603 6665 6654 6555 6566 6666 6655 6556 6567 
7604 6666 6655 6556 6567 2699 2698 2689 2690 
7605 2223 2222 2213 2214 6667 6656 6557 6568 
7606 6667 6656 6557 6568 6668 6657 6558 6569 
7607 6668 6657 6558 6569 6669 6658 6559 6570 
7608 6669 6658 6559 6570 6670 6659 6560 6571 
7609 6670 6659 6560 6571 6671 6660 6561 6572 
7610 6671 6660 6561 6572 6672 6661 6562 6573 
7611 6672 6661 6562 6573 6673 6662 6563 6574 
7612 6673 6662 6563 6574 6674 6663 6564 6575 
7613 6674 6663 6564 6575 6675 6664 6565 6576 
7614 6675 6664 6565 6576 6676 6665 6566 6577 
7615 6676 6665 6566 6577 6677 6666 6567 6578 
7616 6677 6666 6567 6578 2700 2699 2690 2691 
7617 2224 2223 2214 2215 6678 6667 6568 6579 
7618 6678 6667 6568 6579 6679 6668 6569 6580 
7619 6679 6668 6569 6580 6680 6669 6570 6581 
7620 6680 6669 6570 6581 6681 6670 6571 6582 
7621 6681 6670 6571 6582 6682 6671 6572 6583 
7622 6682 6671 6572 6583 6683 6672 6573 6584 
7623 6683 6672 6573 6584 6684 6673 6574 6585 
7624 6684 6673 6574 6585 6685 6674 6575 6586 
7625 6685 6674 6575 6586 6686 6675 6576 6587 
7626 6686 6675 6576 6587 6687 6676 6577 6588 
7627 6687 6676 6577 6588 6688 6677 6578 6589 
7628 6688 6677 6578 6589 2701 2700 2691 2692 
7629 158 2224 2215 159 2563 6678 6579 2574 
7630 2563 6678 6579 2574 2564 6679 6580 2575 
7631 2564 6679 6580 2575 2565 6680 6581 2576 
7632 2565 6680 6581 2576 2566 6681 6582 2577 
7633 2566 6681 6582 2577 2567 6682 6583 2578 
7634 2567 6682 6583 2578 2568 6683 6584 2579 
7635 2568 6683 6584 2579 2569 6684 6585 2580 
7636 2569 6684 6585 2580 2570 6685 6586 2581 
7637 2570 6685 6586 2581 2571 6686 6587 2582 
7638 2571 6686 6587 2582 2572 6687 6588 2583 
7639 2572 6687 6588 2583 2573 6688 6589 2584 
7640 2573 6688 6589 2584 334 2701 2692 335 
7641 2225 135 134 2216 6689 2310 2299 6590 
7642 6689 2310 2299 6590 6690 2311 2300 6591 
7643 6690 2311 2300 6591 6691 2312 2301 6592 
7644 6691 2312 2301 6592 6692 2313 2302 6593 
7645 6692 2313 2302 6593 6693 2314 2303 6594 
7646 6693 2314 2303 6594 6694 2315 2304 6595 
7647 6694 2315 2304 6595 6695 2316 2305 6596 
7648 6695 2316 2305 6596 6696 2317 2306 6597 
7649 6696 2317 2306 6597 6697 2318 2307 6598 
7650 6697 2318 2307 6598 6698 2319 2308 6599 
7651 6698 2319 2308 6599 6699 2320 2309 6600 
7652 6699 2320 2309 6600 2702 311 310 2693 
7653 2226 2225 2216 2217 6700 6689 6590 6601 
7654 6700 6689 6590 6601 6701 6690 6591 6602 
7655 6701 6690 6591 6602 6702 6691 6592 6603 
7656 6702 6691 6592 6603 6703 6692 6593 6604 
7657 6703 6692 6593 6604 6704 6693 6594 6605 
7658 6704 6693 6594 6605 6705 6694 6595 6606 
7659 6705 6694 6595 6606 6706 6695 6596 6607 
7660 6706 6695 6596 6607 6707 6696 6597 6608 
7661 6707 6696 6597 6608 6708 6697 6598 6609 
7662 6708 6697 6598 6609 6709 6698 6599 6610 
7663 6709 6698 6599 6610 6710 6699 6600 6611 
7664 6710 6699 6600 6611 2703 2702 2693 2694 
7665 2227 2226 2217 2218 6711 6700 6601 6612 
7666 6711 6700 6601 6612 6712 6701 6602 6613 
7667 6712 6701 6602 6613 6713 6702 6603 6614 
7668 6713 6702 6603 6614 6714 6703 6604 6615 
7669 6714 6703 6604 6615 6715 6704 6605 6616 
7670 6715 6704 6605 6616 6716 6705 6606 6617 
7671 6716 6705 6606 6617 6717 6706 6607 6618 
7672 6717 6706 6607 6618 6718 6707 6608 6619 
7673 6718 6707 6608 6619 6719 6708 6609 6620 
7674 6719 6708 6609 6620 6720 6709 6610 6621 
7675 6720 6709 6610 6621 6721 6710 6611 6622 
7676 6721 6710 6611 6622 2704 2703 2694 2695 
7677 2228 2227 2218 2219 6722 6711 6612 6623 
7678 6722 6711 6612 6623 6723 6712 6613 6624 
7679 6723 6712 6613 6624 6724 6713 6614 6625 
7680 6724 6713 6614 6625 6725 6714 6615 6626 
7681 6725 6714 6615 6626 6726 6715 6616 6627 
7682 6726 6715 6616 6627 6727 6716 6617 6628 
7683 6727 6716 6617 6628 6728 6717 6618 6629 
7684 6728 6717 6618 6629 6729 6718 6619 6630 
7685 6729 6718 6619 6630 6730 6719 6620 6631 
7686 6730 6719 6620 6631 6731 6720 6621 6632 
7687 6731 6720 6621 6632 6732 6721 6622 6633 
7688 6732 6721 6622 6633 2705 2704 2695 2696 
7689 2229 2228 2219 2220 6733 6722 6623 6634 
7690 6733 6722 6623 6634 6734 6723 6624 6635 
7691 6734 6723 6624 6635 6735 6724 6625 6636 
7692 6735 6724 6625 6636 6736 6725 6626 6637 
7693 6736 6725 6626 6637 6737 6726 6627 6638 
7694 6737 6726 6627 6638 6738 6727 6628 6639 
7695 6738 6727 6628 6639 6739 6728 6629 6640 
7696 6739 6728 6629 6640 6740 6729 6630 6641 
7697 6740 6729 6630 6641 6741 6730 6631 6642 
7698 6741 6730 6631 6642 6742 6731 6632 6643 
7699 6742 6731 6632 6643 6743 6732 6633 6644 
7700 6743 6732 6633 6644 2706 2705 2696 2697 
7701 2230 2229 2220 2221 6744 6733 6634 6645 
7702 6744 6733 6634 6645 6745 6734 6635 6646 
7703 6745 6734 6635 6646 6746 6735 6636 6647 
7704 6746 6735 6636 6647 6747 6736 6637 6648 
7705 6747 6736 6637 6648 6748 6737 6638 6649 
7706 6748 6737 6638 6649 6749 6738 6639 6650 
7707 6749 6738 6639 6650 6750 6739 6640 6651 
7708 6750 6739 6640 6651 6751 6740 6641 6652 
7709 6751 6740 6641 6652 6752 6741 6642 6653 
7710 6752 6741 6642 6653 6753 6742 6643 6654 
7711 6753 6742 6643 6654 6754 6743 6644 6655 
7712 6754 6743 6644 6655 2707 2706 2697 2698 
7713 2231 2230 2221 2222 6755 6744 6645 6656 
7714 6755 6744 6645 6656 6756 6745 6646 6657 
7715 6756 6745 6646 6657 6757 6746 6647 6658 
7716 6757 6746 6647 6658 6758 6747 6648 6659 
7717 6758 6747 6648 6659 6759 6748 6649 6660 
7718 6759 6748 6649 6660 6760 6749 6650 6661 
7719 6760 6749 6650 6661 6761 6750 6651 6662 
7720 6761 6750 6651 6662 6762 6751 6652 6663 
7721 6762 6751 6652 6663 6763 6752 6653 6664 
7722 6763 6752 6653 6664 6764 6753 6654 6665 
7723 6764 6753 6654 6665 6765 6754 6655 6666 
7724 6765 6754 6655 6666 2708 2707 2698 2699 
7725 2232 2231 2222 2223 6766 6755 6656 6667 
7726 6766 6755 6656 6667 6767 6756 6657 6668 
7727 6767 6756 6657 6668 6768 6757 6658 6669 
7728 6768 6757 6658 6669 6769 6758 6659 6670 
7729 6769 6758 6659 6670 6770 6759 6660 6671 
7730 6770 6759 6660 6671 6771 6760 6661 6672 
7731 6771 6760 6661 6672 6772 6761 6662 6673 
7732 6772 6761 6662 6673 6773 6762 6663 6674 
7733 6773 6762 6663 6674 6774 6763 6664 6675 
7734 6774 6763 6664 6675 6775 6764 6665 6676 
7735 6775 6764 6665 6676 6776 6765 6666 6677 
7736 6776 6765 6666 6677 2709 2708 2699 2700 
7737 2233 2232 2223 2224 6777 6766 6667 6678 
7738 6777 6766 6667 6678 6778 6767 6668 6679 
7739 6778 6767 6668 6679 6779 6768 6669 6680 
7740 6779 6768 6669 6680 6780 6769 6670 6681 
7741 6780 6769 6670 6681 6781 6770 6671 6682 
7742 6781 6770 6671 6682 6782 6771 6672 6683 
7743 6782 6771 6672 6683 6783 6772 6673 6684 
7744 6783 6772 6673 6684 6784 6773 6674 6685 
7745 6784 6773 6674 6685 6785 6774 6675 6686 
7746 6785 6774 6675 6686 6786 6775 6676 6687 
7747 6786 6775 6676 6687 6787 6776 6677 6688 
7748 6787 6776 6677 6688 2710 2709 2700 2701 
7749 157 2233 2224 158 2552 6777 6678 2563 
7750 2552 6777 6678 2563 2553 6778 6679 2564 
7751 2553 6778 6679 2564 2554 6779 6680 2565 
7752 2554 6779 6680 2565 2555 6780 6681 2566 
7753 2555 6780 6681 2566 2556 6781 6682 2567 
7754 2556 6781 6682 2567 2557 6782 6683 2568 
7755 2557 6782 6683 2568 2558 6783 6684 2569 
7756 2558 6783 6684 2569 2559 6784 6685 2570 
7757 2559 6784 6685 2570 2560 6785 6686 2571 
7758 2560 6785 6686 2571 2561 6786 6687 2572 
7759 2561 6786 6687 2572 2562 6787 6688 2573 
7760 2562 6787 6688 2573 333 2710 2701 334 
7761 2234 136 135 2225 6788 2321 2310 6689 
7762 6788 2321 2310 6689 6789 2322 2311 6690 
7763 6789 2322 2311 6690 6790 2323 2312 6691 
7764 6790 2323 2312 6691 6791 2324 2313 6692 
7765 6791 2324 2313 6692 6792 2325 2314 6693 
7766 6792 2325 2314 6693 6793 2326 2315 6694 
7767 6793 2326 2315 6694 6794 2327 2316 6695 
7768 6794 2327 2316 6695 6795 2328 2317 6696 
7769 6795 2328 2317 6696 6796 2329 2318 6697 
7770 6796 2329 2318 6697 6797 2330 2319 6698 
7771 6797 2330 2319 6698 6798 2331 2320 6699 
7772 6798 2331 2320 6699 2711 312 311 2702 
7773 2235 2234 2225 2226 6799 6788 6689 6700 
7774 6799 6788 6689 6700 6800 6789 6690 6701 
7775 6800 6789 6690 6701 6801 6790 6691 6702 
7776 6801 6790 6691 6702 6802 6791 6692 6703 
7777 6802 6791 6692 6703 6803 6792 6693 6704 
7778 6803 6792 6693 6704 6804 6793 6694 6705 
7779 6804 6793 6694 6705 6805 6794 6695 6706 
7780 6805 6794 6695 6706 6806 6795 6696 6707 
7781 6806 6795 6696 6707 6807 6796 6697 6708 
7782 6807 6796 6697 6708 6808 6797 6698 6709 
7783 6808 6797 6698 6709 6809 6798 6699 6710 
7784 6809 6798 6699 6710 2712 2711 2702 2703 
7785 2236 2235 2226 2227 6810 6799 6700 6711 
7786 6810 6799 6700 6711 6811 6800 6701 6712 
7787 6811 6800 6701 6712 6812 6801 6702 6713 
7788 6812 6801 6702 6713 6813 6802 6703 6714 
7789 6813 6802 6703 6714 6814 6803 6704 6715 
7790 6814 6803 6704 6715 6815 6804 6705 6716 
7791 6815 6804 6705 6716 6816 6805 6706 6717 
7792 6816 6805 6706 6717 6817 6806 6707 6718 
7793 6817 6806 6707 6718 6818 6807 6708 6719 
7794 6818 6807 6708 6719 6819 6808 6709 6720 
7795 6819 6808 6709 6720 6820 6809 6710 6721 
7796 6820 6809 6710 6721 2713 2712 2703 2704 
7797 2237 2236 2227 2228 6821 6810 6711 6722 
7798 6821 6810 6711 6722 6822 6811 6712 6723 
7799 6822 6811 6712 6723 6823 6812 6713 6724 
7800 6823 6812 6713 6724 6824 6813 6714 6725 
7801 6824 6813 6714 6725 6825 6814 6715 6726 
7802 6825 6814 6715 6726 6826 6815 6716 6727 
7803 6826 6815 6716 6727 6827 6816 6717 6728 
7804 6827 6816 6717 6728 6828 6817 6718 6729 
7805 6828 6817 6718 6729 6829 6818 6719 6730 
7806 6829 6818 6719 6730 6830 6819 6720 6731 
7807 6830 6819 6720 6731 6831 6820 6721 6732 
7808 6831 6820 6721 6732 2714 2713 2704 2705 
7809 2238 2237 2228 2229 6832 6821 6722 6733 
7810 6832 6821 6722 6733 6833 6822 6723 6734 
7811 6833 6822 6723 6734 6834 6823 6724 6735 
7812 6834 6823 6724 6735 6835 6824 6725 6736 
7813 6835 6824 6725 6736 6836 6825 6726 6737 
7814 6836 6825 6726 6737 6837 6826 6727 6738 
7815 6837 6826 6727 6738 6838 6827 6728 6739 
7816 6838 6827 6728 6739 6839 6828 6729 6740 
7817 6839 6828 6729 6740 6840 6829 6730 6741 
7818 6840 6829 6730 6741 6841 6830 6731 6742 
7819 6841 6830 6731 6742 6842 6831 6732 6743 
7820 6842 6831 6732 6743 2715 2714 2705 2706 
7821 2239 2238 2229 2230 6843 6832 6733 6744 
7822 6843 6832 6733 6744 6844 6833 6734 6745 
7823 6844 6833 6734 6745 6845 6834 6735 6746 
7824 6845 6834 6735 6746 6846 6835 6736 6747 
7825 6846 6835 6736 6747 6847 6836 6737 6748 
7826 6847 6836 6737 6748 6848 6837 6738 6749 
7827 6848 6837 6738 6749 6849 6838 6739 6750 
7828 6849 6838 6739 6750 6850 6839 6740 6751 
7829 6850 6839 6740 6751 6851 6840 6741 6752 
7830 6851 6840 6741 6752 6852 6841 6742 6753 
7831 6852 6841 6742 6753 6853 6842 6743 6754 
7832 6853 6842 6743 6754 2716 2715 2706 2707 
7833 2240 2239 2230 2231 6854 6843 6744 6755 
7834 6854 6843 6744 6755 6855 6844 6745 6756 
7835 6855 6844 6745 6756 6856 6845 6746 6757 
7836 6856 6845 6746 6757 6857 6846 6747 6758 
7837 6857 6846 6747 6758 6858 6847 6748 6759 
7838 6858 6847 6748 6759 6859 6848 6749 6760 
7839 6859 6848 6749 6760 6860 6849 6750 6761 
7840 6860 6849 6750 6761 6861 6850 6751 6762 
7841 6861 6850 6751 6762 6862 6851 6752 6763 
7842 6862 6851 6752 6763 6863 6852 6753 6764 
7843 6863 6852 6753 6764 6864 6853 6754 6765 
7844 6864 6853 6754 6765 2717 2716 2707 2708 
7845 2241 2240 2231 2232 6865 6854 6755 6766 
7846 6865 6854 6755 6766 6866 6855 6756 6767 
7847 6866 6855 6756 6767 6867 6856 6757 6768 
7848 6867 6856 6757 6768 6868 6857 6758 6769 
7849 6868 6857 6758 6769 6869 6858 6759 6770 
7850 6869 6858 6759 6770 6870 6859 6760 6771 
7851 6870 6859 6760 6771 6871 6860 6761 6772 
7852 6871 6860 6761 6772 6872 6861 6762 6773 
7853 6872 6861 6762 6773 6873 6862 6763 6774 
7854 6873 6862 6763 6774 6874 6863 6764 6775 
7855 6874 6863 6764 6775 6875 6864 6765 6776 
7856 6875 6864 6765 6776 2718 2717 2708 2709 
7857 2242 2241 2232 2233 6876 6865 6766 6777 
7858 6876 6865 6766 6777 6877 6866 6767 6778 
7859 6877 6866 6767 6778 6878 6867 6768 6779 
7860 6878 6867 6768 6779 6879 6868 6769 6780 
7861 6879 6868 6769 6780 6880 6869 6770 6781 
7862 6880 6869 6770 6781 6881 6870 6771 6782 
7863 6881 6870 6771 6782 6882 6871 6772 6783 
7864 6882 6871 6772 6783 6883 6872 6773 6784 
7865 6883 6872 6773 6784 6884 6873 6774 6785 
7866 6884 6873 6774 6785 6885 6874 6775 6786 
7867 6885 6874 6775 6786 6886 6875 6776 6787 
7868 6886 6875 6776 6787 2719 2718 2709 2710 
7869 156 2242 2233 157 2541 6876 6777 2552 
7870 2541 6876 6777 2552 2542 6877 6778 2553 
7871 2542 6877 6778 2553 2543 6878 6779 2554 
7872 2543 6878 6779 2554 2544 6879 6780 2555 
7873 2544 6879 6780 2555 2545 6880 6781 2556 
7874 2545 6880 6781 2556 2546 6881 6782 2557 
7875 2546 6881 6782 2557 2547 6882 6783 2558 
7876 2547 6882 6783 2558 2548 6883 6784 2559 
7877 2548 6883 6784 2559 2549 6884 6785 2560 
7878 2549 6884 6785 2560 2550 6885 6786 2561 
7879 2550 6885 6786 2561 2551 6886 6787 2562 
7880 2551 6886 6787 2562 332 2719 2710 333 
7881 2243 137 136 2234 6887 2332 2321 6788 
7882 6887 2332 2321 6788 6888 2333 2322 6789 
7883 6888 2333 2322 6789 6889 2334 2323 6790 
7884 6889 2334 2323 6790 6890 2335 2324 6791 
7885 6890 2335 2324 6791 6891 2336 2325 6792 
7886 6891 2336 2325 6792 6892 2337 2326 6793 
7887 6892 2337 2326 6793 6893 2338 2327 6794 
7888 6893 2338 2327 6794 6894 2339 2328 6795 
7889 6894 2339 2328 6795 6895 2340 2329 6796 
7890 6895 2340 2329 6796 6896 2341 2330 6797 
7891 6896 2341 2330 6797 6897 2342 2331 6798 
7892 6897 2342 2331 6798 2720 313 312 2711 
7893 2244 2243 2234 2235 6898 6887 6788 6799 
7894 6898 6887 6788 6799 6899 6888 6789 6800 
7895 6899 6888 6789 6800 6900 6889 6790 6801 
7896 6900 6889 6790 6801 6901 6890 6791 6802 
7897 6901 6890 6791 6802 6902 6891 6792 6803 
7898 6902 6891 6792 6803 6903 6892 6793 6804 
7899 6903 6892 6793 6804 6904 6893 6794 6805 
7900 6904 6893 6794 6805 6905 6894 6795 6806 
7901 6905 6894 6795 6806 6906 6895 6796 6807 
7902 6906 6895 6796 6807 6907 6896 6797 6808 
7903 6907 6896 6797 6808 6908 6897 6798 6809 
7904 6908 6897 6798 6809 2721 2720 2711 2712 
7905 2245 2244 2235 2236 6909 6898 6799 6810 
7906 6909 6898 6799 6810 6910 6899 6800 6811 
7907 6910 6899 6800 6811 6911 6900 6801 6812 
7908 6911 6900 6801 6812 6912 6901 6802 6813 
7909 6912 6901 6802 6813 6913 6902 6803 6814 
7910 6913 6902 6803 6814 6914 6903 6804 6815 
7911 6914 6903 6804 6815 6915 6904 6805 6816 
7912 6915 6904 6805 6816 6916 6905 6806 6817 
7913 6916 6905 6806 6817 6917 6906 6807 6818 
7914 6917 6906 6807 6818 6918 6907 6808 6819 
7915 6918 6907 6808 6819 6919 6908 6809 6820 
7916 6919 6908 6809 6820 2722 2721 2712 2713 
7917 2246 2245 2236 2237 6920 6909 6810 6821 
7918 6920 6909 6810 6821 6921 6910 6811 6822 
7919 6921 6910 6811 6822 6922 6911 6812 6823 
7920 6922 6911 6812 6823 6923 6912 6813 6824 
7921 6923 6912 6813 6824 6924 6913 6814 6825 
7922 6924 6913 6814 6825 6925 6914 6815 6826 
7923 6925 6914 6815 6826 6926 6915 6816 6827 
7924 6926 6915 6816 6827 6927 6916 6817 6828 
7925 6927 6916 6817 6828 6928 6917 6818 6829 
7926 6928 6917 6818 6829 6929 6918 6819 6830 
7927 6929 6918 6819 6830 6930 6919 6820 6831 
7928 6930 6919 6820 6831 2723 2722 2713 2714 
7929 2247 2246 2237 2238 6931 6920 6821 6832 
7930 6931 6920 6821 6832 6932 6921 6822 6833 
7931 6932 6921 6822 6833 6933 6922 6823 6834 
7932 6933 6922 6823 6834 6934 6923 6824 6835 
7933 6934 6923 6824 6835 6935 6924 6825 6836 
7934 6935 6924 6825 6836 6936 6925 6826 6837 
7935 6936 6925 6826 6837 6937 6926 6827 6838 
7936 6937 6926 6827 6838 6938 6927 6828 6839 
7937 6938 6927 6828 6839 6939 6928 6829 6840 
7938 6939 6928 6829 6840 6940 6929 6830 6841 
7939 6940 6929 6830 6841 6941 6930 6831 6842 
7940 6941 6930 6831 6842 2724 2723 2714 2715 
7941 2248 2247 2238 2239 6942 6931 6832 6843 
7942 6942 6931 6832 6843 6943 6932 6833 6844 
7943 6943 6932 6833 6844 6944 6933 6834 6845 
7944 6944 6933 6834 6845 6945 6934 6835 6846 
7945 6945 6934 6835 6846 6946 6935 6836 6847 
7946 6946 6935 6836 6847 6947 6936 6837 6848 
7947 6947 6936 6837 6848 6948 6937 6838 6849 
7948 6948 6937 6838 6849 6949 6938 6839 6850 
7949 6949 6938 6839 6850 6950 6939 6840 6851 
7950 6950 6939 6840 6851 6951 6940 6841 6852 
7951 6951 6940 6841 6852 6952 6941 6842 6853 
7952 6952 6941 6842 6853 2725 2724 2715 2716 
7953 2249 2248 2239 2240 6953 6942 6843 6854 
7954 6953 6942 6843 6854 6954 6943 6844 6855 
7955 6954 6943 6844 6855 6955 6944 6845 6856 
7956 6955 6944 6845 6856 6956 6945 6846 6857 
7957 6956 6945 6846 6857 6957 6946 6847 6858 
7958 6957 6946 6847 6858 6958 6947 6848 6859 
7959 6958 6947 6848 6859 6959 6948 6849 6860 
7960 6959 6948 6849 6860 6960 6949 6850 6861 
7961 6960 6949 6850 6861 6961 6950 6851 6862 
7962 6961 6950 6851 6862 6962 6951 6852 6863 
7963 6962 6951 6852 6863 6963 6952 6853 6864 
7964 6963 6952 6853 6864 2726 2725 2716 2717 
7965 2250 2249 2240 2241 6964 6953 6854 6865 
7966 6964 6953 6854 6865 6965 6954 6855 6866 
7967 6965 6954 6855 6866 6966 6955 6856 6867 
7968 6966 6955 6856 6867 6967 6956 6857 6868 
7969 6967 6956 6857 6868 6968 6957 6858 6869 
7970 6968 6957 6858 6869 6969 6958 6859 6870 
7971 6969 6958 6859 6870 6970 6959 6860 6871 
7972 6970 6959 6860 6871 6971 6960 6861 6872 
7973 6971 6960 6861 6872 6972 6961 6862 6873 
7974 6972 6961 6862 6873 6973 6962 6863 6874 
7975 6973 6962 6863 6874 6974 6963 6864 6875 
7976 6974 6963 6864 6875 2727 2726 2717 2718 
7977 2251 2250 2241 2242 6975 6964 6865 6876 
7978 6975 6964 6865 6876 6976 6965 6866 6877 
7979 6976 6965 6866 6877 6977 6966 6867 6878 
7980 6977 6966 6867 6878 6978 6967 6868 6879 
7981 6978 6967 6868 6879 6979 6968 6869 6880 
7982 6979 6968 6869 6880 6980 6969 6870 6881 
7983 6980 6969 6870 6881 6981 6970 6871 6882 
7984 6981 6970 6871 6882 6982 6971 6872 6883 
7985 6982 6971 6872 6883 6983 6972 6873 6884 
7986 6983 6972 6873 6884 6984 6973 6874 6885 
7987 6984 6973 6874 6885 6985 6974 6875 6886 
7988 6985 6974 6875 6886 2728 2727 2718 2719 
7989 155 2251 2242 156 2530 6975 6876 2541 
7990 2530 6975 6876 2541 2531 6976 6877 2542 
7991 2531 6976 6877 2542 2532 6977 6878 2543 
7992 2532 6977 6878 2543 2533 6978 6879 2544 
7993 2533 6978 6879 2544 2534 6979 6880 2545 
7994 2534 6979 6880 2545 2535 6980 6881 2546 
7995 2535 6980 6881 2546 2536 6981 6882 2547 
7996 2536 6981 6882 2547 2537 6982 6883 2548 
7997 2537 6982 6883 2548 2538 6983 6884 2549 
7998 2538 6983 6884 2549 2539 6984 6885 2550 
7999 2539 6984 6885 2550 2540 6985 6886 2551 
8000 2540 6985 6886 2551 331 2728 2719 332 
8001 2252 138 137 2243 6986 2343 2332 6887 
8002 6986 2343 2332 6887 6987 2344 2333 6888 
8003 6987 2344 2333 6888 6988 2345 2334 6889 
8004 6988 2345 2334 6889 6989 2346 2335 6890 
8005 6989 2346 2335 6890 6990 2347 2336 6891 
8006 6990 2347 2336 6891 6991 2348 2337 6892 
8007 6991 2348 2337 6892 6992 2349 2338 6893 
8008 6992 2349 2338 6893 6993 2350 2339 6894 
8009 6993 2350 2339 6894 6994 2351 2340 6895 
8010 6994 2351 2340 6895 6995 2352 2341 6896 
8011 6995 2352 2341 6896 6996 2353 2342 6897 
8012 6996 2353 2342 6897 2729 314 313 2720 
8013 2253 2252 2243 2244 6997 6986 6887 6898 
8014 6997 6986 6887 6898 6998 6987 6888 6899 
8015 6998 6987 6888 6899 6999 6988 6889 6900 
8016 6999 6988 6889 6900 7000 6989 6890 6901 
8017 7000 6989 6890 6901 7001 6990 6891 6902 
8018 7001 6990 6891 6902 7002 6991 6892 6903 
8019 7002 6991 6892 6903 7003 6992 6893 6904 
8020 7003 6992 6893 6904 7004 6993 6894 6905 
8021 7004 6993 6894 6905 7005 6994 6895 6906 
8022 7005 6994 6895 6906 7006 6995 6896 6907 
8023 7006 6995 6896 6907 7007 6996 6897 6908 
8024 7007 6996 6897 6908 2730 2729 2720 2721 
8025 2254 2253 2244 2245 7008 6997 6898 6909 
8026 7008 6997 6898 6909 7009 6998 6899 6910 
8027 7009 6998 6899 6910 7010 6999 6900 6911 
8028 7010 6999 6900 6911 7011 7000 6901 6912 
8029 7011 7000 6901 6912 7012 7001 6902 6913 
8030 7012 7001 6902 6913 7013 7002 6903 6914 
8031 7013 7002 6903 6914 7014 7003 6904 6915 
8032 7014 7003 6904 6915 7015 7004 6905 6916 
8033 7015 7004 6905 6916 7016 7005 6906 6917 
8034 7016 7005 6906 6917 7017 7006 6907 6918 
8035 7017 7006 6907 6918 7018 7007 6908 6919 
8036 7018 7007 6908 6919 2731 2730 2721 2722 
8037 2255 2254 2245 2246 7019 7008 6909 6920 
8038 7019 7008 6909 6920 7020 7009 6910 6921 
8039 7020 7009 6910 6921 7021 7010 6911 6922 
8040 7021 7010 6911 6922 7022 7011 6912 6923 
8041 7022 7011 6912 6923 7023 7012 6913 6924 
8042 7023 7012 6913 6924 7024 7013 6914 6925 
8043 7024 7013 6914 6925 7025 7014 6915 6926 
8044 7025 7014 6915 6926 7026 7015 6916 6927 
8045 7026 7015 6916 6927 7027 7016 6917 6928 
8046 7027 7016 6917 6928 7028 7017 6918 6929 
8047 7028 7017 6918 6929 7029 7018 6919 6930 
8048 7029 7018 6919 6930 2732 2731 2722 2723 
8049 2256 2255 2246 2247 7030 7019 6920 6931 
8050 7030 7019 6920 6931 7031 7020 6921 6932 
8051 7031 7020 6921 6932 7032 7021 6922 6933 
8052 7032 7021 6922 6933 7033 7022 6923 6934 
8053 7033 7022 6923 6934 7034 7023 6924 6935 
8054 7034 7023 6924 6935 7035 7024 6925 6936 
8055 7035 7024 6925 6936 7036 7025 6926 6937 
8056 7036 7025 6926 6937 7037 7026 6927 6938 
8057 7037 7026 6927 6938 7038 7027 6928 6939 
8058 7038 7027 6928 6939 7039 7028 6929 6940 
8059 7039 7028 6929 6940 7040 7029 6930 6941 
8060 7040 7029 6930 6941 2733 2732 2723 2724 
8061 2257 2256 2247 2248 7041 7030 6931 6942 
8062 7041 7030 6931 6942 7042 7031 6932 6943 
8063 7042 7031 6932 6943 7043 7032 6933 6944 
8064 7043 7032 6933 6944 7044 7033 6934 6945 
8065 7044 7033 6934 6945 7045 7034 6935 6946 
8066 7045 7034 6935 6946 7046 7035 6936 6947 
8067 7046 7035 6936 6947 7047 7036 6937 6948 
8068 7047 7036 6937 6948 7048 7037 6938 6949 
8069 7048 7037 6938 6949 7049 7038 6939 6950 
8070 7049 7038 6939 6950 7050 7039 6940 6951 
8071 7050 7039 6940 6951 7051 7040 6941 6952 
8072 7051 7040 6941 6952 2734 2733 2724 2725 
8073 2258 2257 2248 2249 7052 7041 6942 6953 
8074 7052 7041 6942 6953 7053 7042 6943 6954 
8075 7053 7042 6943 6954 7054 7043 6944 6955 
8076 7054 7043 6944 6955 7055 7044 6945 6956 
8077 7055 7044 6945 6956 7056 7045 6946 6957 
8078 7056 7045 6946 6957 7057 7046 6947 6958 
8079 7057 7046 6947 6958 7058 7047 6948 6959 
8080 7058 7047 6948 6959 7059 7048 6949 6960 
8081 7059 7048 6949 6960 7060 7049 6950 6961 
8082 7060 7049 6950 6961 7061 7050 6951 6962 
8083 7061 7050 6951 6962 7062 7051 6952 6963 
8084 7062 7051 6952 6963 2735 2734 2725 2726 
8085 2259 2258 2249 2250 7063 7052 6953 6964 
8086 7063 7052 6953 6964 7064 7053 6954 6965 
8087 7064 7053 6954 6965 7065 7054 6955 6966 
8088 7065 7054 6955 6966 7066 7055 6956 6967 
8089 7066 7055 6956 6967 7067 7056 6957 6968 
8090 7067 7056 6957 6968 7068 7057 6958 6969 
8091 7068 7057 6958 6969 7069 7058 6959 6970 
8092 7069 7058 6959 6970 7070 7059 6960 6971 
8093 7070 7059 6960 6971 7071 7060 6961 6972 
8094 7071 7060 6961 6972 7072 7061 6962 6973 
8095 7072 7061 6962 6973 7073 7062 6963 6974 
8096 7073 7062 6963 6974 2736 2735 2726 2727 
8097 2260 2259 2250 2251 7074 7063 6964 6975 
8098 7074 7063 6964 6975 7075 7064 6965 6976 
8099 7075 7064 6965 6976 7076 7065 6966 6977 
8100 7076 7065 6966 6977 7077 7066 6967 6978 
8101 7077 7066 6967 6978 7078 7067 6968 6979 
8102 7078 7067 6968 6979 7079 7068 6969 6980 
8103 7079 7068 6969 6980 7080 7069 6970 6981 
8104 7080 7069 6970 6981 7081 7070 6971 6982 
8105 7081 7070 6971 6982 7082 7071 6972 6983 
8106 7082 7071 6972 6983 7083 7072 6973 6984 
8107 7083 7072 6973 6984 7084 7073 6974 6985 
8108 7084 7073 6974 6985 2737 2736 2727 2728 
8109 154 2260 2251 155 2519 7074 6975 2530 
8110 2519 7074 6975 2530 2520 7075 6976 2531 
8111 2520 7075 6976 2531 2521 7076 6977 2532 
8112 2521 7076 6977 2532 2522 7077 6978 2533 
8113 2522 7077 6978 2533 2523 7078 6979 2534 
8114 2523 7078 6979 2534 2524 7079 6980 2535 
8115 2524 7079 6980 2535 2525 7080 6981 2536 
8116 2525 7080 6981 2536 2526 7081 6982 2537 
8117 2526 7081 6982 2537 2527 7082 6983 2538 
8118 2527 7082 6983 2538 2528 7083 6984 2539 
8119 2528 7083 6984 2539 2529 7084 6985 2540 
8120 2529 7084 6985 2540 330 2737 2728 331 
8121 2261 139 138 2252 7085 2354 2343 6986 
8122 7085 2354 2343 6986 7086 2355 2344 6987 
8123 7086 2355 2344 6987 7087 2356 2345 6988 
8124 7087 2356 2345 6988 7088 2357 2346 6989 
8125 7088 2357 2346 6989 7089 2358 2347 6990 
8126 7089 2358 2347 6990 7090 2359 2348 6991 
8127 7090 2359 2348 6991 7091 2360 2349 6992 
8128 7091 2360 2349 6992 7092 2361 2350 6993 
8129 7092 2361 2350 6993 7093 2362 2351 6994 
8130 7093 2362 2351 6994 7094 2363 2352 6995 
8131 7094 2363 2352 6995 7095 2364 2353 6996 
8132 7095 2364 2353 6996 2738 315 314 2729 
8133 2262 2261 2252 2253 7096 7085 6986 6997 
8134 7096 7085 6986 6997 7097 7086 6987 6998 
8135 7097 7086 6987 6998 7098 7087 6988 6999 
8136 7098 7087 6988 6999 7099 7088 6989 7000 
8137 7099 7088 6989 7000 7100 7089 6990 7001 
8138 7100 7089 6990 7001 7101 7090 6991 7002 
8139 7101 7090 6991 7002 7102 7091 6992 7003 
8140 7102 7091 6992 7003 7103 7092 6993 7004 
8141 7103 7092 6993 7004 7104 7093 6994 7005 
8142 7104 7093 6994 7005 7105 7094 6995 7006 
8143 7105 7094 6995 7006 7106 7095 6996 7007 
8144 7106 7095 6996 7007 2739 2738 2729 2730 
8145 2263 2262 2253 2254 7107 7096 6997 7008 
8146 7107 7096 6997 7008 7108 7097 6998 7009 
8147 7108 7097 6998 7009 7109 7098 6999 7010 
8148 7109 7098 6999 7010 7110 7099 7000 7011 
8149 7110 7099 7000 7011 7111 7100 7001 7012 
8150 7111 7100 7001 7012 7112 7101 7002 7013 
8151 7112 7101 7002 7013 7113 7102 7003 7014 
8152 7113 7102 7003 7014 7114 7103 7004 7015 
8153 7114 7103 7004 7015 7115 7104 7005 7016 
8154 7115 7104 7005 7016 7116 7105 7006 7017 
8155 7116 7105 7006 7017 7117 7106 7007 7018 
8156 7117 7106 7007 7018 2740 2739 2730 2731 
8157 2264 2263 2254 2255 7118 7107 7008 7019 
8158 7118 7107 7008 7019 7119 7108 7009 7020 
8159 7119 7108 7009 7020 7120 7109 7010 7021 
8160 7120 7109 7010 7021 7121 7110 7011 7022 
8161 7121 7110 7011 7022 7122 7111 7012 7023 
8162 7122 7111 7012 7023 7123 7112 7013 7024 
8163 7123 7112 7013 7024 7124 7113 7014 7025 
8164 7124 7113 7014 7025 7125 7114 7015 7026 
8165 7125 7114 7015 7026 7126 7115 7016 7027 
8166 7126 7115 7016 7027 7127 7116 7017 7028 
8167 7127 7116 7017 7028 7128 7117 7018 7029 
8168 7128 7117 7018 7029 2741 2740 2731 2732 
8169 2265 2264 2255 2256 7129 7118 7019 7030 
8170 7129 7118 7019 7030 7130 7119 7020 7031 
8171 7130 7119 7020 7031 7131 7120 7021 7032 
8172 7131 7120 7021 7032 7132 7121 7022 7033 
8173 7132 7121 7022 7033 7133 7122 7023 7034 
8174 7133 7122 7023 7034 7134 7123 7024 7035 
8175 7134 7123 7024 7035 7135 7124 7025 7036 
8176 7135 7124 7025 7036 7136 7125 7026 7037 
8177 7136 7125 7026 7037 7137 7126 7027 7038 
8178 7137 7126 7027 7038 7138 7127 7028 7039 
8179 7138 7127 7028 7039 7139 7128 7029 7040 
8180 7139 7128 7029 7040 2742 2741 2732 2733 
8181 2266 2265 2256 2257 7140 7129 7030 7041 
8182 7140 7129 7030 7041 7141 7130 7031 7042 
8183 7141 7130 7031 7042 7142 7131 7032 7043 
8184 7142 7131 7032 7043 7143 7132 7033 7044 
8185 7143 7132 7033 7044 7144 7133 7034 7045 
8186 7144 7133 7034 7045 7145 7134 7035 7046 
8187 7145 7134 7035 7046 7146 7135 7036 7047 
8188 7146 7135 7036 7047 7147 7136 7037 7048 
8189 7147 7136 7037 7048 7148 7137 7038 7049 
8190 7148 7137 7038 7049 7149 7138 7039 7050 
8191 7149 7138 7039 7050 7150 7139 7040 7051 
8192 7150 7139 7040 7051 2743 2742 2733 2734 
8193 2267 2266 2257 2258 7151 7140 7041 7052 
8194 7151 7140 7041 7052 7152 7141 7042 7053 
8195 7152 7141 7042 7053 7153 7142 7043 7054 
8196 7153 7142 7043 7054 7154 7143 7044 7055 
8197 7154 7143 7044 7055 7155 7144 7045 7056 
8198 7155 7144 7045 7056 7156 7145 7046 7057 
8199 7156 7145 7046 7057 7157 7146 7047 7058 
8200 7157 7146 7047 7058 7158 7147 7048 7059 
8201 7158 7147 7048 7059 7159 7148 7049 7060 
8202 7159 7148 7049 7060 7160 7149 7050 7061 
8203 7160 7149 7050 7061 7161 7150 7051 7062 
8204 7161 7150 7051 7062 2744 2743 2734 2735 
8205 2268 2267 2258 2259 7162 7151 7052 7063 
8206 7162 7151 7052 7063 7163 7152 7053 7064 
8207 7163 7152 7053 7064 7164 7153 7054 7065 
8208 7164 7153 7054 7065 7165 7154 7055 7066 
8209 7165 7154 7055 7066 7166 7155 7056 7067 
8210 7166 7155 7056 7067 7167 7156 7057 7068 
8211 7167 7156 7057 7068 7168 7157 7058 7069 
8212 7168 7157 7058 7069 7169 7158 7059 7070 
8213 7169 7158 7059 7070 7170 7159 7060 7071 
8214 7170 7159 7060 7071 7171 7160 7061 7072 
8215 7171 7160 7061 7072 7172 7161 7062 7073 
8216 7172 7161 7062 7073 2745 2744 2735 2736 
8217 2269 2268 2259 2260 7173 7162 7063 7074 
8218 7173 7162 7063 7074 7174 7163 7064 7075 
8219 7174 7163 7064 7075 7175 7164 7065 7076 
8220 7175 7164 7065 7076 7176 7165 7066 7077 
8221 7176 7165 7066 7077 7177 7166 7067 7078 
8222 7177 7166 7067 7078 7178 7167 7068 7079 
8223 7178 7167 7068 7079 7179 7168 7069 7080 
8224 7179 7168 7069 7080 7180 7169 7070 7081 
8225 7180 7169 7070 7081 7181 7170 7071 7082 
8226 7181 7170 7071 7082 7182 7171 7072 7083 
8227 7182 7171 7072 7083 7183 7172 7073 7084 
8228 7183 7172 7073 7084 2746 2745 2736 2737 
8229 153 2269 2260 154 2508 7173 7074 2519 
8230 2508 7173 7074 2519 2509 7174 7075 2520 
8231 2509 7174 7075 2520 2510 7175 7076 2521 
8232 2510 7175 7076 2521 2511 7176 7077 2522 
8233 2511 7176 7077 2522 2512 7177 7078 2523 
8234 2512 7177 7078 2523 2513 7178 7079 2524 
8235 2513 7178 7079 2524 2514 7179 7080 2525 
8236 2514 7179 7080 2525 2515 7180 7081 2526 
8237 2515 7180 7081 2526 2516 7181 7082 2527 
8238 2516 7181 7082 2527 2517 7182 7083 2528 
8239 2517 7182 7083 2528 2518 7183 7084 2529 
8240 2518 7183 7084 2529 329 2746 2737 330 
8241 2270 140 139 2261 7184 2365 2354 7085 
8242 7184 2365 2354 7085 7185 2366 2355 7086 
8243 7185 2366 2355 7086 7186 2367 2356 7087 
8244 7186 2367 2356 7087 7187 2368 2357 7088 
8245 7187 2368 2357 7088 7188 2369 2358 7089 
8246 7188 2369 2358 7089 7189 2370 2359 7090 
8247 7189 2370 2359 7090 7190 2371 2360 7091 
8248 7190 2371 2360 7091 7191 2372 2361 7092 
8249 7191 2372 2361 7092 7192 2373 2362 7093 
8250 7192 2373 2362 7093 7193 2374 2363 7094 
8251 7193 2374 2363 7094 7194 2375 2364 7095 
8252 7194 2375 2364 7095 2747 316 315 2738 
8253 2271 2270 2261 2262 7195 7184 7085 7096 
8254 7195 7184 7085 7096 7196 7185 7086 7097 
8255 7196 7185 7086 7097 7197 7186 7087 7098 
8256 7197 7186 7087 7098 7198 7187 7088 7099 
8257 7198 7187 7088 7099 7199 7188 7089 7100 
8258 7199 7188 7089 7100 7200 7189 7090 7101 
8259 7200 7189 7090 7101 7201 7190 7091 7102 
8260 7201 7190 7091 7102 7202 7191 7092 7103 
8261 7202 7191 7092 7103 7203 7192 7093 7104 
8262 7203 7192 7093 7104 7204 7193 7094 7105 
8263 7204 7193 7094 7105 7205 7194 7095 7106 
8264 7205 7194 7095 7106 2748 2747 2738 2739 
8265 2272 2271 2262 2263 7206 7195 7096 7107 
8266 7206 7195 7096 7107 7207 7196 7097 7108 
8267 7207 7196 7097 7108 7208 7197 7098 7109 
8268 7208 7197 7098 7109 7209 7198 7099 7110 
8269 7209 7198 7099 7110 7210 7199 7100 7111 
8270 7210 7199 7100 7111 7211 7200 7101 7112 
8271 7211 7200 7101 7112 7212 7201 7102 7113 
8272 7212 7201 7102 7113 7213 7202 7103 7114 
8273 7213 7202 7103 7114 7214 7203 7104 7115 
8274 7214 7203 7104 7115 7215 7204 7105 7116 
8275 7215 7204 7105 7116 7216 7205 7106 7117 
8276 7216 7205 7106 7117 2749 2748 2739 2740 
8277 2273 2272 2263 2264 7217 7206 7107 7118 
8278 7217 7206 7107 7118 7218 7207 7108 7119 
8279 7218 7207 7108 7119 7219 7208 7109 7120 
8280 7219 7208 7109 7120 7220 7209 7110 7121 
8281 7220 7209 7110 7121 7221 7210 7111 7122 
8282 7221 7210 7111 7122 7222 7211 7112 7123 
8283 7222 7211 7112 7123 7223 7212 7113 7124 
8284 7223 7212 7113 7124 7224 7213 7114 7125 
8285 7224 7213 7114 7125 7225 7214 7115 7126 
8286 7225 7214 7115 7126 7226 7215 7116 7127 
8287 7226 7215 7116 7127 7227 7216 7117 7128 
8288 7227 7216 7117 7128 2750 2749 2740 2741 
8289 2274 2273 2264 2265 7228 7217 7118 7129 
8290 7228 7217 7118 7129 7229 7218 7119 7130 
8291 7229 7218 7119 7130 7230 7219 7120 7131 
8292 7230 7219 7120 7131 7231 7220 7121 7132 
8293 7231 7220 7121 7132 7232 7221 7122 7133 
8294 7232 7221 7122 7133 7233 7222 7123 7134 
8295 7233 7222 7123 7134 7234 7223 7124 7135 
8296 7234 7223 7124 7135 7235 7224 7125 7136 
8297 7235 7224 7125 7136 7236 7225 7126 7137 
8298 7236 7225 7126 7137 7237 7226 7127 7138 
8299 7237 7226 7127 7138 7238 7227 7128 7139 
8300 7238 7227 7128 7139 2751 2750 2741 2742 
8301 2275 2274 2265 2266 7239 7228 7129 7140 
8302 7239 7228 7129 7140 7240 7229 7130 7141 
8303 7240 7229 7130 7141 7241 7230 7131 7142 
8304 7241 7230 7131 7142 7242 7231 7132 7143 
8305 7242 7231 7132 7143 7243 7232 7133 7144 
8306 7243 7232 7133 7144 7244 7233 7134 7145 
8307 7244 7233 7134 7145 7245 7234 7135 7146 
8308 7245 7234 7135 7146 7246 7235 7136 7147 
8309 7246 7235 7136 7147 7247 7236 7137 7148 
8310 7247 7236 7137 7148 7248 7237 7138 7149 
8311 7248 7237 7138 7149 7249 7238 7139 7150 
8312 7249 7238 7139 7150 2752 2751 2742 2743 
8313 2276 2275 2266 2267 7250 7239 7140 7151 
8314 7250 7239 7140 7151 7251 7240 7141 7152 
8315 7251 7240 7141 7152 7252 7241 7142 7153 
8316 7252 7241 7142 7153 7253 7242 7143 7154 
8317 7253 7242 7143 7154 7254 7243 7144 7155 
8318 7254 7243 7144 7155 7255 7244 7145 7156 
8319 7255 7244 7145 7156 7256 7245 7146 7157 
8320 7256 7245 7146 7157 7257 7246 7147 7158 
8321 7257 7246 7147 7158 7258 7247 7148 7159 
8322 7258 7247 7148 7159 7259 7248 7149 7160 
8323 7259 7248 7149 7160 7260 7249 7150 7161 
8324 7260 7249 7150 7161 2753 2752 2743 2744 
8325 2277 2276 2267 2268 7261 7250 7151 7162 
8326 7261 7250 7151 7162 7262 7251 7152 7163 
8327 7262 7251 7152 7163 7263 7252 7153 7164 
8328 7263 7252 7153 7164 7264 7253 7154 7165 
8329 7264 7253 7154 7165 7265 7254 7155 7166 
8330 7265 7254 7155 7166 7266 7255 7156 7167 
8331 7266 7255 7156 7167 7267 7256 7157 7168 
8332 7267 7256 7157 7168 7268 7257 7158 7169 
8333 7268 7257 7158 7169 7269 7258 7159 7170 
8334 7269 7258 7159 7170 7270 7259 7160 7171 
8335 7270 7259 7160 7171 7271 7260 7161 7172 
8336 7271 7260 7161 7172 2754 2753 2744 2745 
8337 2278 2277 2268 2269 7272 7261 7162 7173 
8338 7272 7261 7162 7173 7273 7262 7163 7174 
8339 7273 7262 7163 7174 7274 7263 7164 7175 
8340 7274 7263 7164 7175 7275 7264 7165 7176 
8341 7275 7264 7165 7176 7276 7265 7166 7177 
8342 7276 7265 7166 7177 7277 7266 7167 7178 
8343 7277 7266 7167 7178 7278 7267 7168 7179 
8344 7278 7267 7168 7179 7279 7268 7169 7180 
8345 7279 7268 7169 7180 7280 7269 7170 7181 
8346 7280 7269 7170 7181 7281 7270 7171 7182 
8347 7281 7270 7171 7182 7282 7271 7172 7183 
8348 7282 7271 7172 7183 2755 2754 2745 2746 
8349 152 2278 2269 153 2497 7272 7173 2508 
8350 2497 7272 7173 2508 2498 7273 7174 2509 
8351 2498 7273 7174 2509 2499 7274 7175 2510 
8352 2499 7274 7175 2510 2500 7275 7176 2511 
8353 2500 7275 7176 2511 2501 7276 7177 2512 
8354 2501 7276 7177 2512 2502 7277 7178 2513 
8355 2502 7277 7178 2513 2503 7278 7179 2514 
8356 2503 7278 7179 2514 2504 7279 7180 2515 
8357 2504 7279 7180 2515 2505 7280 7181 2516 
8358 2505 7280 7181 2516 2506 7281 7182 2517 
8359 2506 7281 7182 2517 2507 7282 7183 2518 
8360 2507 7282 7183 2518 328 2755 2746 329 
8361 2279 141 140 2270 7283 2376 2365 7184 
8362 7283 2376 2365 7184 7284 2377 2366 7185 
8363 7284 2377 2366 7185 7285 2378 2367 7186 
8364 7285 2378 2367 7186 7286 2379 2368 7187 
8365 7286 2379 2368 7187 7287 2380 2369 7188 
8366 7287 2380 2369 7188 7288 2381 2370 7189 
8367 7288 2381 2370 7189 7289 2382 2371 7190 
8368 7289 2382 2371 7190 7290 2383 2372 7191 
8369 7290 2383 2372 7191 7291 2384 2373 7192 
8370 7291 2384 2373 7192 7292 2385 2374 7193 
8371 7292 2385 2374 7193 7293 2386 2375 7194 
8372 7293 2386 2375 7194 2756 317 316 2747 
8373 2280 2279 2270 2271 7294 7283 7184 7195 
8374 7294 7283 7184 7195 7295 7284 7185 7196 
8375 7295 7284 7185 7196 7296 7285 7186 7197 
8376 7296 7285 7186 7197 7297 7286 7187 7198 
8377 7297 7286 7187 7198 7298 7287 7188 7199 
8378 7298 7287 7188 7199 7299 7288 7189 7200 
8379 7299 7288 7189 7200 7300 7289 7190 7201 
8380 7300 7289 7190 7201 7301 7290 7191 7202 
8381 7301 7290 7191 7202 7302 7291 7192 7203 
8382 7302 7291 7192 7203 7303 7292 7193 7204 
8383 7303 7292 7193 7204 7304 7293 7194 7205 
8384 7304 7293 7194 7205 2757 2756 2747 2748 
8385 2281 2280 2271 2272 7305 7294 7195 7206 
8386 7305 7294 7195 7206 7306 7295 7196 7207 
8387 7306 7295 7196 7207 7307 7296 7197 7208 
8388 7307 7296 7197 7208 7308 7297 7198 7209 
8389 7308 7297 7198 7209 7309 7298 7199 7210 
8390 7309 7298 7199 7210 7310 7299 7200 7211 
8391 7310 7299 7200 7211 7311 7300 7201 7212 
8392 7311 7300 7201 7212 7312 7301 7202 7213 
8393 7312 7301 7202 7213 7313 7302 7203 7214 
8394 7313 7302 7203 7214 7314 7303 7204 7215 
8395 7314 7303 7204 7215 7315 7304 7205 7216 
8396 7315 7304 7205 7216 2758 2757 2748 2749 
8397 2282 2281 2272 2273 7316 7305 7206 7217 
8398 7316 7305 7206 7217 7317 7306 7207 7218 
8399 7317 7306 7207 7218 7318 7307 7208 7219 
8400 7318 7307 7208 7219 7319 7308 7209 7220 
8401 7319 7308 7209 7220 7320 7309 7210 7221 
8402 7320 7309 7210 7221 7321 7310 7211 7222 
8403 7321 7310 7211 7222 7322 7311 7212 7223 
8404 7322 7311 7212 7223 7323 7312 7213 7224 
8405 7323 7312 7213 7224 7324 7313 7214 7225 
8406 7324 7313 7214 7225 7325 7314 7215 7226 
8407 7325 7314 7215 7226 7326 7315 7216 7227 
8408 7326 7315 7216 7227 2759 2758 2749 2750 
8409 2283 2282 2273 2274 7327 7316 7217 7228 
8410 7327 7316 7217 7228 7328 7317 7218 7229 
8411 7328 7317 7218 7229 7329 7318 7219 7230 
8412 7329 7318 7219 7230 7330 7319 7220 7231 
8413 7330 7319 7220 7231 7331 7320 7221 7232 
8414 7331 7320 7221 7232 7332 7321 7222 7233 
8415 7332 7321 7222 7233 7333 7322 7223 7234 
8416 7333 7322 7223 7234 7334 7323 7224 7235 
8417 7334 7323 7224 7235 7335 7324 7225 7236 
8418 7335 7324 7225 7236 7336 7325 7226 7237 
8419 7336 7325 7226 7237 7337 7326 7227 7238 
8420 7337 7326 7227 7238 2760 2759 2750 2751 
8421 2284 2283 2274 2275 7338 7327 7228 7239 
8422 7338 7327 7228 7239 7339 7328 7229 7240 
8423 7339 7328 7229 7240 7340 7329 7230 7241 
8424 7340 7329 7230 7241 7341 7330 7231 7242 
8425 7341 7330 7231 7242 7342 7331 7232 7243 
8426 7342 7331 7232 7243 7343 7332 7233 7244 
8427 7343 7332 7233 7244 7344 7333 7234 7245 
8428 7344 7333 7234 7245 7345 7334 7235 7246 
8429 7345 7334 7235 7246 7346 7335 7236 7247 
8430 7346 7335 7236 7247 7347 7336 7237 7248 
8431 7347 7336 7237 7248 7348 7337 7238 7249 
8432 7348 7337 7238 7249 2761 2760 2751 2752 
8433 2285 2284 2275 2276 7349 7338 7239 7250 
8434 7349 7338 7239 7250 7350 7339 7240 7251 
8435 7350 7339 7240 7251 7351 7340 7241 7252 
8436 7351 7340 7241 7252 7352 7341 7242 7253 
8437 7352 7341 7242 7253 7353 7342 7243 7254 
8438 7353 7342 7243 7254 7354 7343 7244 7255 
8439 7354 7343 7244 7255 7355 7344 7245 7256 
8440 7355 7344 7245 7256 7356 7345 7246 7257 
8441 7356 7345 7246 7257 7357 7346 7247 7258 
8442 7357 7346 7247 7258 7358 7347 7248 7259 
8443 7358 7347 7248 7259 7359 7348 7249 7260 
8444 7359 7348 7249 7260 2762 2761 2752 2753 
8445 2286 2285 2276 2277 7360 7349 7250 7261 
8446 7360 7349 7250 7261 7361 7350 7251 7262 
8447 7361 7350 7251 7262 7362 7351 7252 7263 
8448 7362 7351 7252 7263 7363 7352 7253 7264 
8449 7363 7352 7253 7264 7364 7353 7254 7265 
8450 7364 7353 7254 7265 7365 7354 7255 7266 
8451 7365 7354 7255 7266 7366 7355 7256 7267 
8452 7366 7355 7256 7267 7367 7356 7257 7268 
8453 7367 7356 7257 7268 7368 7357 7258 7269 
8454 7368 7357 7258 7269 7369 7358 7259 7270 
8455 7369 7358 7259 7270 7370 7359 7260 7271 
8456 7370 7359 7260 7271 2763 2762 2753 2754 
8457 2287 2286 2277 2278 7371 7360 7261 7272 
8458 7371 7360 7261 7272 7372 7361 7262 7273 
8459 7372 7361 7262 7273 7373 7362 7263 7274 
8460 7373 7362 7263 7274 7374 7363 7264 7275 
8461 7374 7363 7264 7275 7375 7364 7265 7276 
8462 7375 7364 7265 7276 7376 7365 7266 7277 
8463 7376 7365 7266 7277 7377 7366 7267 7278 
8464 7377 7366 7267 7278 7378 7367 7268 7279 
8465 7378 7367 7268 7279 7379 7368 7269 7280 
8466 7379 7368 7269 7280 7380 7369 7270 7281 
8467 7380 7369 7270 7281 7381 7370 7271 7282 
8468 7381 7370 7271 7282 2764 2763 2754 2755 
8469 151 2287 2278 152 2486 7371 7272 2497 
8470 2486 7371 7272 2497 2487 7372 7273 2498 
8471 2487 7372 7273 2498 2488 7373 7274 2499 
8472 2488 7373 7274 2499 2489 7374 7275 2500 
8473 2489 7374 7275 2500 2490 7375 7276 2501 
8474 2490 7375 7276 2501 2491 7376 7277 2502 
8475 2491 7376 7277 2502 2492 7377 7278 2503 
8476 2492 7377 7278 2503 2493 7378 7279 2504 
8477 2493 7378 7279 2504 2494 7379 7280 2505 
8478 2494 7379 7280 2505 2495 7380 7281 2506 
8479 2495 7380 7281 2506 2496 7381 7282 2507 
8480 2496 7381 7282 2507 327 2764 2755 328 
8481 142 10 141 2279 2387 356 2376 7283 
8482 2387 356 2376 7283 2388 357 2377 7284 
8483 2388 357 2377 7284 2389 358 2378 7285 
8484 2389 358 2378 7285 2390 359 2379 7286 
8485 2390 359 2379 7286 2391 360 2380 7287 
8486 2391 360 2380 7287 2392 361 2381 7288 
8487 2392 361 2381 7288 2393 362 2382 7289 
8488 2393 362 2382 7289 2394 363 2383 7290 
8489 2394 363 2383 7290 2395 364 2384 7291 
8490 2395 364 2384 7291 2396 365 2385 7292 
8491 2396 365 2385 7292 2397 366 2386 7293 
8492 2397 366 2386 7293 318 14 317 2756 
8493 143 142 2279 2280 2398 2387 7283 7294 
8494 2398 2387 7283 7294 2399 2388 7284 7295 
8495 2399 2388 7284 7295 2400 2389 7285 7296 
8496 2400 2389 7285 7296 2401 2390 7286 7297 
8497 2401 2390 7286 7297 2402 2391 7287 7298 
8498 2402 2391 7287 7298 2403 2392 7288 7299 
8499 2403 2392 7288 7299 2404 2393 7289 7300 
8500 2404 2393 7289 7300 2405 2394 7290 7301 
8501 2405 2394 7290 7301 2406 2395 7291 7302 
8502 2406 2395 7291 7302 2407 2396 7292 7303 
8503 2407 2396 7292 7303 2408 2397 7293 7304 
8504 2408 2397 7293 7304 319 318 2756 2757 
8505 144 143 2280 2281 2409 2398 7294 7305 
8506 2409 2398 7294 7305 2410 2399 7295 7306 
8507 2410 2399 7295 7306 2411 2400 7296 7307 
8508 2411 2400 7296 7307 2412 2401 7297 7308 
8509 2412 2401 7297 7308 2413 2402 7298 7309 
8510 2413 2402 7298 7309 2414 2403 7299 7310 
8511 2414 2403 7299 7310 2415 2404 7300 7311 
8512 2415 2404 7300 7311 2416 2405 7301 7312 
8513 2416 2405 7301 7312 2417 2406 7302 7313 
8514 2417 2406 7302 7313 2418 2407 7303 7314 
8515 2418 2407 7303 7314 2419 2408 7304 7315 
8516 2419 2408 7304 7315 320 319 2757 2758 
8517 145 144 2281 2282 2420 2409 7305 7316 
8518 2420 2409 7305 7316 2421 2410 7306 7317 
8519 2421 2410 7306 7317 2422 2411 7307 7318 
8520 2422 2411 7307 7318 2423 2412 7308 7319 
8521 2423 2412 7308 7319 2424 2413 7309 7320 
8522 2424 2413 7309 7320 2425 2414 7310 7321 
8523 2425 2414 7310 7321 2426 2415 7311 7322 
8524 2426 2415 7311 7322 2427 2416 7312 7323 
8525 2427 2416 7312 7323 2428 2417 7313 7324 
8526 2428 2417 7313 7324 2429 2418 7314 7325 
8527 2429 2418 7314 7325 2430 2419 7315 7326 
8528 2430 2419 7315 7326 321 320 2758 2759 
8529 146 145 2282 2283 2431 2420 7316 7327 
8530 2431 2420 7316 7327 2432 2421 7317 7328 
8531 2432 2421 7317 7328 2433 2422 7318 7329 
8532 2433 2422 7318 7329 2434 2423 7319 7330 
8533 2434 2423 7319 7330 2435 2424 7320 7331 
8534 2435 2424 7320 7331 2436 2425 7321 7332 
8535 2436 2425 7321 7332 2437 2426 7322 7333 
8536 2437 2426 7322 7333 2438 2427 7323 7334 
8537 2438 2427 7323 7334 2439 2428 7324 7335 
8538 2439 2428 7324 7335 2440 2429 7325 7336 
8539 2440 2429 7325 7336 2441 2430 7326 7337 
8540 2441 2430 7326 7337 322 321 2759 2760 
8541 147 146 2283 2284 2442 2431 7327 7338 
8542 2442 2431 7327 7338 2443 2432 7328 7339 
8543 2443 2432 7328 7339 2444 2433 7329 7340 
8544 2444 2433 7329 7340 2445 2434 7330 7341 
8545 2445 2434 7330 7341 2446 2435 7331 7342 
8546 2446 2435 7331 7342 2447 2436 7332 7343 
8547 2447 2436 7332 7343 2448 2437 7333 7344 
8548 2448 2437 7333 7344 2449 2438 7334 7345 
8549 2449 2438 7334 7345 2450 2439 7335 7346 
8550 2450 2439 7335 7346 2451 2440 7336 7347 
8551 2451 2440 7336 7347 2452 2441 7337 7348 
8552 2452 2441 7337 7348 323 322 2760 2761 
8553 148 147 2284 2285 2453 2442 7338 7349 
8554 2453 2442 7338 7349 2454 2443 7339 7350 
8555 2454 2443 7339 7350 2455 2444 7340 7351 
8556 2455 2444 7340 7351 2456 2445 7341 7352 
8557 2456 2445 7341 7352 2457 2446 7342 7353 
8558 2457 2446 7342 7353 2458 2447 7343 7354 
8559 2458 2447 7343 7354 2459 2448 7344 7355 
8560 2459 2448 7344 7355 2460 2449 7345 7356 
8561 2460 2449 7345 7356 2461 2450 7346 7357 
8562 2461 2450 7346 7357 2462 2451 7347 7358 
8563 2462 2451 7347 7358 2463 2452 7348 7359 
8564 2463 2452 7348 7359 324 323 2761 2762 
8565 149 148 2285 2286 2464 2453 7349 7360 
8566 2464 2453 7349 7360 2465 2454 7350 7361 
8567 2465 2454 7350 7361 2466 2455 7351 7362 
8568 2466 2455 7351 7362 2467 2456 7352 7363 
8569 2467 2456 7352 7363 2468 2457 7353 7364 
8570 2468 2457 7353 7364 2469 2458 7354 7365 
8571 2469 2458 7354 7365 2470 2459 7355 7366 
8572 2470 2459 7355 7366 2471 2460 7356 7367 
8573 2471 2460 7356 7367 2472 2461 7357 7368 
8574 2472 2461 7357 7368 2473 2462 7358 7369 
8575 2473 2462 7358 7369 2474 2463 7359 7370 
8576 2474 2463 7359 7370 325 324 2762 2763 
8577 150 149 2286 2287 2475 2464 7360 7371 
8578 2475 2464 7360 7371 2476 2465 7361 7372 
8579 2476 2465 7361 7372 2477 2466 7362 7373 
8580 2477 2466 7362 7373 2478 2467 7363 7374 
8581 2478 2467 7363 7374 2479 2468 7364 7375 
8582 2479 2468 7364 7375 2480 2469 7365 7376 
8583 2480 2469 7365 7376 2481 2470 7366 7377 
8584 2481 2470 7366 7377 2482 2471 7367 7378 
8585 2482 2471 7367 7378 2483 2472 7368 7379 
8586 2483 2472 7368 7379 2484 2473 7369 7380 
8587 2484 2473 7369 7380 2485 2474 7370 7381 
8588 2485 2474 7370 7381 326 325 2763 2764 
8589 11 150 2287 151 367 2475 7371 2486 
8590 367 2475 7371 2486 368 2476 7372 2487 
8591 368 2476 7372 2487 369 2477 7373 2488 
8592 369 2477 7373 2488 370 2478 7374 2489 
8593 370 2478 7374 2489 371 2479 7375 2490 
8594 371 2479 7375 2490 372 2480 7376 2491 
8595 372 2480 7376 2491 373 2481 7377 2492 
8596 373 2481 7377 2492 374 2482 7378 2493 
8597 374 2482 7378 2493 375 2483 7379 2494 
8598 375 2483 7379 2494 376 2484 7380 2495 
8599 376 2484 7380 2495 377 2485 7381 2496 
8600 377 2485 7381 2496 15 326 2764 327 
$EndElements
